2026-07-08 09:39:49,018 | INFO | lmsguard.requests | GET /platform/notifications -> 200 12.98ms
2026-07-08 09:39:49,083 | INFO | watchfiles.main | 5 changes detected
2026-07-08 09:39:49,443 | INFO | watchfiles.main | 1 change detected
2026-07-08 09:39:49,847 | INFO | watchfiles.main | 1 change detected
2026-07-08 09:39:50,202 | INFO | watchfiles.main | 1 change detected
2026-07-08 09:39:50,606 | INFO | watchfiles.main | 1 change detected
2026-07-08 09:39:51,023 | INFO | watchfiles.main | 1 change detected
2026-07-08 09:39:51,436 | INFO | watchfiles.main | 1 change detected
2026-07-08 09:39:51,848 | INFO | watchfiles.main | 1 change detected
2026-07-08 09:39:52,258 | INFO | watchfiles.main | 1 change detected
2026-07-08 09:39:52,672 | INFO | watchfiles.main | 1 change detected
2026-07-08 09:39:53,075 | INFO | watchfiles.main | 1 change detected
2026-07-08 09:39:53,435 | INFO | watchfiles.main | 1 change detected
2026-07-08 09:39:53,840 | INFO | watchfiles.main | 1 change detected
2026-07-08 09:39:54,257 | INFO | watchfiles.main | 1 change detected
2026-07-08 09:39:54,661 | INFO | watchfiles.main | 1 change detected
2026-07-08 09:39:55,063 | INFO | watchfiles.main | 1 change detected
2026-07-08 09:39:55,470 | INFO | watchfiles.main | 1 change detected
2026-07-08 09:39:55,877 | INFO | watchfiles.main | 1 change detected
2026-07-08 09:39:56,243 | INFO | watchfiles.main | 1 change detected
2026-07-08 09:39:56,647 | INFO | watchfiles.main | 1 change detected
2026-07-08 09:39:57,058 | INFO | watchfiles.main | 1 change detected
2026-07-08 09:39:57,475 | INFO | watchfiles.main | 1 change detected
2026-07-08 09:39:57,886 | INFO | watchfiles.main | 1 change detected
2026-07-08 09:39:58,290 | INFO | watchfiles.main | 1 change detected
2026-07-08 09:39:58,654 | INFO | watchfiles.main | 1 change detected
2026-07-08 09:39:59,064 | INFO | watchfiles.main | 1 change detected
2026-07-08 09:39:59,481 | INFO | watchfiles.main | 1 change detected
2026-07-08 09:39:59,894 | INFO | watchfiles.main | 1 change detected
2026-07-08 09:40:00,304 | INFO | watchfiles.main | 1 change detected
2026-07-08 09:40:00,713 | INFO | watchfiles.main | 1 change detected
2026-07-08 09:40:01,125 | INFO | watchfiles.main | 1 change detected
2026-07-08 09:40:01,528 | INFO | watchfiles.main | 1 change detected
2026-07-08 09:40:01,944 | INFO | watchfiles.main | 1 change detected
2026-07-08 09:40:02,359 | INFO | watchfiles.main | 1 change detected
2026-07-08 09:40:02,768 | INFO | watchfiles.main | 1 change detected
2026-07-08 09:40:03,130 | INFO | watchfiles.main | 1 change detected
2026-07-08 09:40:03,544 | INFO | watchfiles.main | 1 change detected
2026-07-08 09:40:03,955 | INFO | watchfiles.main | 1 change detected
2026-07-08 09:40:04,374 | INFO | watchfiles.main | 1 change detected
2026-07-08 09:40:04,741 | INFO | watchfiles.main | 1 change detected
2026-07-08 09:40:05,200 | INFO | watchfiles.main | 1 change detected
2026-07-08 09:40:05,603 | INFO | watchfiles.main | 1 change detected
2026-07-08 09:40:06,007 | INFO | watchfiles.main | 1 change detected
2026-07-08 09:40:06,417 | INFO | watchfiles.main | 1 change detected
2026-07-08 09:40:06,828 | INFO | watchfiles.main | 1 change detected
2026-07-08 09:40:07,234 | INFO | watchfiles.main | 1 change detected
2026-07-08 09:40:07,641 | INFO | watchfiles.main | 1 change detected
2026-07-08 09:40:08,007 | INFO | watchfiles.main | 1 change detected
2026-07-08 09:40:08,420 | INFO | watchfiles.main | 1 change detected
2026-07-08 09:40:08,827 | INFO | watchfiles.main | 1 change detected
2026-07-08 09:40:09,247 | INFO | watchfiles.main | 1 change detected
2026-07-08 09:40:09,657 | INFO | watchfiles.main | 1 change detected
2026-07-08 09:40:10,066 | INFO | watchfiles.main | 1 change detected
2026-07-08 09:40:10,485 | INFO | watchfiles.main | 1 change detected
2026-07-08 09:40:10,895 | INFO | watchfiles.main | 1 change detected
2026-07-08 09:40:11,306 | INFO | watchfiles.main | 1 change detected
2026-07-08 09:40:11,724 | INFO | watchfiles.main | 1 change detected
2026-07-08 09:40:12,090 | INFO | watchfiles.main | 1 change detected
2026-07-08 09:40:12,495 | INFO | watchfiles.main | 1 change detected
2026-07-08 09:40:12,915 | INFO | watchfiles.main | 1 change detected
2026-07-08 09:40:13,277 | INFO | watchfiles.main | 1 change detected
2026-07-08 09:40:13,738 | INFO | watchfiles.main | 1 change detected
2026-07-08 09:40:14,104 | INFO | watchfiles.main | 1 change detected
2026-07-08 09:40:14,509 | INFO | watchfiles.main | 1 change detected
2026-07-08 09:40:14,927 | INFO | watchfiles.main | 1 change detected
2026-07-08 09:40:15,338 | INFO | watchfiles.main | 1 change detected
2026-07-08 09:40:15,749 | INFO | watchfiles.main | 1 change detected
2026-07-08 09:40:16,116 | INFO | watchfiles.main | 1 change detected
2026-07-08 09:40:16,520 | INFO | watchfiles.main | 1 change detected
2026-07-08 09:40:16,936 | INFO | watchfiles.main | 1 change detected
2026-07-08 09:40:17,349 | INFO | watchfiles.main | 1 change detected
2026-07-08 09:40:17,757 | INFO | watchfiles.main | 1 change detected
2026-07-08 09:40:18,124 | INFO | watchfiles.main | 1 change detected
2026-07-08 09:40:18,527 | INFO | watchfiles.main | 1 change detected
2026-07-08 09:40:18,945 | INFO | watchfiles.main | 1 change detected
2026-07-08 09:40:19,362 | INFO | watchfiles.main | 1 change detected
2026-07-08 09:40:19,765 | INFO | watchfiles.main | 1 change detected
2026-07-08 09:40:20,175 | INFO | watchfiles.main | 1 change detected
2026-07-08 09:40:20,584 | INFO | watchfiles.main | 1 change detected
2026-07-08 09:40:20,996 | INFO | watchfiles.main | 1 change detected
2026-07-08 09:40:21,361 | INFO | watchfiles.main | 1 change detected
2026-07-08 09:40:21,776 | INFO | watchfiles.main | 1 change detected
2026-07-08 09:40:22,185 | INFO | watchfiles.main | 1 change detected
2026-07-08 09:40:22,597 | INFO | watchfiles.main | 1 change detected
2026-07-08 09:40:23,015 | INFO | watchfiles.main | 1 change detected
2026-07-08 09:40:23,417 | INFO | watchfiles.main | 1 change detected
2026-07-08 09:40:23,826 | INFO | watchfiles.main | 1 change detected
2026-07-08 09:40:24,246 | INFO | watchfiles.main | 1 change detected
2026-07-08 09:40:24,654 | INFO | watchfiles.main | 1 change detected
2026-07-08 09:40:25,071 | INFO | watchfiles.main | 1 change detected
2026-07-08 09:40:25,488 | INFO | watchfiles.main | 1 change detected
2026-07-08 09:40:25,852 | INFO | watchfiles.main | 1 change detected
2026-07-08 09:40:26,270 | INFO | watchfiles.main | 1 change detected
2026-07-08 09:40:26,679 | INFO | watchfiles.main | 1 change detected
2026-07-08 09:40:27,097 | INFO | watchfiles.main | 1 change detected
2026-07-08 09:40:27,463 | INFO | watchfiles.main | 1 change detected
2026-07-08 09:40:27,878 | INFO | watchfiles.main | 1 change detected
2026-07-08 09:40:28,281 | INFO | watchfiles.main | 1 change detected
2026-07-08 09:40:28,701 | INFO | watchfiles.main | 1 change detected
2026-07-08 09:40:29,111 | INFO | watchfiles.main | 1 change detected
2026-07-08 09:40:29,528 | INFO | watchfiles.main | 1 change detected
2026-07-08 09:40:29,930 | INFO | watchfiles.main | 1 change detected
2026-07-08 09:40:30,340 | INFO | watchfiles.main | 1 change detected
2026-07-08 09:40:30,749 | INFO | watchfiles.main | 1 change detected
2026-07-08 09:40:31,119 | INFO | watchfiles.main | 1 change detected
2026-07-08 09:40:31,527 | INFO | watchfiles.main | 1 change detected
2026-07-08 09:40:31,932 | INFO | watchfiles.main | 1 change detected
2026-07-08 09:40:32,348 | INFO | watchfiles.main | 1 change detected
2026-07-08 09:40:32,766 | INFO | watchfiles.main | 1 change detected
2026-07-08 09:40:33,171 | INFO | watchfiles.main | 1 change detected
2026-07-08 09:40:33,575 | INFO | watchfiles.main | 1 change detected
2026-07-08 09:40:33,984 | INFO | watchfiles.main | 1 change detected
2026-07-08 09:40:34,387 | INFO | watchfiles.main | 1 change detected
2026-07-08 09:40:34,752 | INFO | watchfiles.main | 1 change detected
2026-07-08 09:40:35,157 | INFO | watchfiles.main | 1 change detected
2026-07-08 09:40:35,564 | INFO | watchfiles.main | 1 change detected
2026-07-08 09:40:35,973 | INFO | watchfiles.main | 1 change detected
2026-07-08 09:40:36,378 | INFO | watchfiles.main | 1 change detected
2026-07-08 09:40:36,794 | INFO | watchfiles.main | 1 change detected
2026-07-08 09:40:37,207 | INFO | watchfiles.main | 1 change detected
2026-07-08 09:40:37,617 | INFO | watchfiles.main | 1 change detected
2026-07-08 09:40:38,021 | INFO | watchfiles.main | 1 change detected
2026-07-08 09:40:38,441 | INFO | watchfiles.main | 1 change detected
2026-07-08 09:40:38,848 | INFO | watchfiles.main | 1 change detected
2026-07-08 09:40:39,260 | INFO | watchfiles.main | 1 change detected
2026-07-08 09:40:39,677 | INFO | watchfiles.main | 1 change detected
2026-07-08 09:40:40,043 | INFO | watchfiles.main | 1 change detected
2026-07-08 09:40:40,450 | INFO | watchfiles.main | 1 change detected
2026-07-08 09:40:40,866 | INFO | watchfiles.main | 1 change detected
2026-07-08 09:40:41,282 | INFO | watchfiles.main | 1 change detected
2026-07-08 09:40:41,684 | INFO | watchfiles.main | 1 change detected
2026-07-08 09:40:42,053 | INFO | watchfiles.main | 1 change detected
2026-07-08 09:40:42,462 | INFO | watchfiles.main | 1 change detected
2026-07-08 09:40:42,881 | INFO | watchfiles.main | 1 change detected
2026-07-08 09:40:43,298 | INFO | watchfiles.main | 1 change detected
2026-07-08 09:40:43,659 | INFO | watchfiles.main | 1 change detected
2026-07-08 09:40:44,076 | INFO | watchfiles.main | 1 change detected
2026-07-08 09:40:44,479 | INFO | watchfiles.main | 1 change detected
2026-07-08 09:40:44,897 | INFO | watchfiles.main | 1 change detected
2026-07-08 09:40:45,308 | INFO | watchfiles.main | 1 change detected
2026-07-08 09:40:45,675 | INFO | watchfiles.main | 1 change detected
2026-07-08 09:40:46,078 | INFO | watchfiles.main | 1 change detected
2026-07-08 09:40:46,534 | INFO | watchfiles.main | 1 change detected
2026-07-08 09:40:46,888 | INFO | watchfiles.main | 1 change detected
2026-07-08 09:40:47,294 | INFO | watchfiles.main | 1 change detected
2026-07-08 09:40:47,712 | INFO | watchfiles.main | 1 change detected
2026-07-08 09:40:48,121 | INFO | watchfiles.main | 1 change detected
2026-07-08 09:40:48,524 | INFO | watchfiles.main | 1 change detected
2026-07-08 09:40:48,702 | INFO | lmsguard.requests | OPTIONS /platform/notifications -> 200 0.22ms
2026-07-08 09:40:48,702 | INFO | lmsguard.requests | GET /platform/notifications -> 200 4.23ms
2026-07-08 09:40:48,888 | INFO | watchfiles.main | 1 change detected
2026-07-08 09:40:49,258 | INFO | watchfiles.main | 1 change detected
2026-07-08 09:40:49,610 | INFO | watchfiles.main | 1 change detected
2026-07-08 09:40:49,972 | INFO | watchfiles.main | 1 change detected
2026-07-08 09:40:50,327 | INFO | watchfiles.main | 1 change detected
2026-07-08 09:40:50,683 | INFO | watchfiles.main | 1 change detected
2026-07-08 09:40:51,042 | INFO | watchfiles.main | 1 change detected
2026-07-08 09:40:51,395 | INFO | watchfiles.main | 1 change detected
2026-07-08 09:40:51,757 | INFO | watchfiles.main | 1 change detected
2026-07-08 09:40:52,161 | INFO | watchfiles.main | 1 change detected
2026-07-08 09:40:52,523 | INFO | watchfiles.main | 1 change detected
2026-07-08 09:40:52,934 | INFO | watchfiles.main | 1 change detected
2026-07-08 09:40:53,355 | INFO | watchfiles.main | 1 change detected
2026-07-08 09:40:53,711 | INFO | watchfiles.main | 1 change detected
2026-07-08 09:40:54,116 | INFO | watchfiles.main | 1 change detected
2026-07-08 09:40:54,534 | INFO | watchfiles.main | 1 change detected
2026-07-08 09:40:54,943 | INFO | watchfiles.main | 1 change detected
2026-07-08 09:40:55,354 | INFO | watchfiles.main | 1 change detected
2026-07-08 09:40:55,765 | INFO | watchfiles.main | 1 change detected
2026-07-08 09:40:56,181 | INFO | watchfiles.main | 1 change detected
2026-07-08 09:40:56,549 | INFO | watchfiles.main | 1 change detected
2026-07-08 09:40:56,960 | INFO | watchfiles.main | 1 change detected
2026-07-08 09:40:57,379 | INFO | watchfiles.main | 1 change detected
2026-07-08 09:40:57,789 | INFO | watchfiles.main | 1 change detected
2026-07-08 09:40:58,192 | INFO | watchfiles.main | 1 change detected
2026-07-08 09:40:58,594 | INFO | watchfiles.main | 1 change detected
2026-07-08 09:40:59,005 | INFO | watchfiles.main | 1 change detected
2026-07-08 09:40:59,423 | INFO | watchfiles.main | 1 change detected
2026-07-08 09:40:59,832 | INFO | watchfiles.main | 1 change detected
2026-07-08 09:41:00,242 | INFO | watchfiles.main | 1 change detected
2026-07-08 09:41:00,653 | INFO | watchfiles.main | 1 change detected
2026-07-08 09:41:01,070 | INFO | watchfiles.main | 1 change detected
2026-07-08 09:41:01,482 | INFO | watchfiles.main | 1 change detected
2026-07-08 09:41:01,885 | INFO | watchfiles.main | 1 change detected
2026-07-08 09:41:02,297 | INFO | watchfiles.main | 1 change detected
2026-07-08 09:41:02,715 | INFO | watchfiles.main | 1 change detected
2026-07-08 09:41:03,082 | INFO | watchfiles.main | 1 change detected
2026-07-08 09:41:03,489 | INFO | watchfiles.main | 1 change detected
2026-07-08 09:41:03,907 | INFO | watchfiles.main | 1 change detected
2026-07-08 09:41:04,310 | INFO | watchfiles.main | 1 change detected
2026-07-08 09:41:04,721 | INFO | watchfiles.main | 1 change detected
2026-07-08 09:41:05,139 | INFO | watchfiles.main | 1 change detected
2026-07-08 09:41:05,549 | INFO | watchfiles.main | 1 change detected
2026-07-08 09:41:05,959 | INFO | watchfiles.main | 1 change detected
2026-07-08 09:41:06,326 | INFO | watchfiles.main | 1 change detected
2026-07-08 09:41:06,735 | INFO | watchfiles.main | 1 change detected
2026-07-08 09:41:07,144 | INFO | watchfiles.main | 1 change detected
2026-07-08 09:41:07,552 | INFO | watchfiles.main | 1 change detected
2026-07-08 09:41:07,972 | INFO | watchfiles.main | 1 change detected
2026-07-08 09:41:08,388 | INFO | watchfiles.main | 1 change detected
2026-07-08 09:41:08,799 | INFO | watchfiles.main | 1 change detected
2026-07-08 09:41:09,164 | INFO | watchfiles.main | 1 change detected
2026-07-08 09:41:09,569 | INFO | watchfiles.main | 1 change detected
2026-07-08 09:41:09,979 | INFO | watchfiles.main | 1 change detected
2026-07-08 09:41:10,382 | INFO | watchfiles.main | 1 change detected
2026-07-08 09:41:10,796 | INFO | watchfiles.main | 1 change detected
2026-07-08 09:41:11,164 | INFO | watchfiles.main | 1 change detected
2026-07-08 09:41:11,568 | INFO | watchfiles.main | 1 change detected
2026-07-08 09:41:11,971 | INFO | watchfiles.main | 1 change detected
2026-07-08 09:41:12,379 | INFO | watchfiles.main | 1 change detected
2026-07-08 09:41:12,783 | INFO | watchfiles.main | 1 change detected
2026-07-08 09:41:13,141 | INFO | watchfiles.main | 1 change detected
2026-07-08 09:41:13,543 | INFO | watchfiles.main | 1 change detected
2026-07-08 09:41:13,947 | INFO | watchfiles.main | 1 change detected
2026-07-08 09:41:14,331 | INFO | watchfiles.main | 1 change detected
2026-07-08 09:41:14,745 | INFO | watchfiles.main | 1 change detected
2026-07-08 09:41:15,151 | INFO | watchfiles.main | 1 change detected
2026-07-08 09:41:15,514 | INFO | watchfiles.main | 1 change detected
2026-07-08 09:41:15,929 | INFO | watchfiles.main | 1 change detected
2026-07-08 09:41:16,341 | INFO | watchfiles.main | 1 change detected
2026-07-08 09:41:16,748 | INFO | watchfiles.main | 1 change detected
2026-07-08 09:41:17,101 | INFO | watchfiles.main | 1 change detected
2026-07-08 09:41:17,504 | INFO | watchfiles.main | 1 change detected
2026-07-08 09:41:17,914 | INFO | watchfiles.main | 1 change detected
2026-07-08 09:41:18,317 | INFO | watchfiles.main | 1 change detected
2026-07-08 09:41:18,724 | INFO | watchfiles.main | 1 change detected
2026-07-08 09:41:19,133 | INFO | watchfiles.main | 1 change detected
2026-07-08 09:41:19,544 | INFO | watchfiles.main | 1 change detected
2026-07-08 09:41:19,947 | INFO | watchfiles.main | 1 change detected
2026-07-08 09:41:20,310 | INFO | watchfiles.main | 1 change detected
2026-07-08 09:41:20,767 | INFO | watchfiles.main | 1 change detected
2026-07-08 09:41:21,177 | INFO | watchfiles.main | 1 change detected
2026-07-08 09:41:21,536 | INFO | watchfiles.main | 1 change detected
2026-07-08 09:41:21,952 | INFO | watchfiles.main | 1 change detected
2026-07-08 09:41:22,361 | INFO | watchfiles.main | 1 change detected
2026-07-08 09:41:22,767 | INFO | watchfiles.main | 1 change detected
2026-07-08 09:41:23,170 | INFO | watchfiles.main | 1 change detected
2026-07-08 09:41:23,579 | INFO | watchfiles.main | 1 change detected
2026-07-08 09:41:23,992 | INFO | watchfiles.main | 1 change detected
2026-07-08 09:41:24,403 | INFO | watchfiles.main | 1 change detected
2026-07-08 09:41:24,760 | INFO | watchfiles.main | 1 change detected
2026-07-08 09:41:25,169 | INFO | watchfiles.main | 1 change detected
2026-07-08 09:41:25,571 | INFO | watchfiles.main | 1 change detected
2026-07-08 09:41:25,977 | INFO | watchfiles.main | 1 change detected
2026-07-08 09:41:26,381 | INFO | watchfiles.main | 1 change detected
2026-07-08 09:41:26,794 | INFO | watchfiles.main | 1 change detected
2026-07-08 09:41:27,145 | INFO | watchfiles.main | 1 change detected
2026-07-08 09:41:27,558 | INFO | watchfiles.main | 1 change detected
2026-07-08 09:41:27,968 | INFO | watchfiles.main | 1 change detected
2026-07-08 09:41:28,335 | INFO | watchfiles.main | 1 change detected
2026-07-08 09:41:28,748 | INFO | watchfiles.main | 1 change detected
2026-07-08 09:41:29,155 | INFO | watchfiles.main | 1 change detected
2026-07-08 09:41:29,564 | INFO | watchfiles.main | 1 change detected
2026-07-08 09:41:29,979 | INFO | watchfiles.main | 1 change detected
2026-07-08 09:41:30,341 | INFO | watchfiles.main | 1 change detected
2026-07-08 09:41:30,748 | INFO | watchfiles.main | 1 change detected
2026-07-08 09:41:31,167 | INFO | watchfiles.main | 1 change detected
2026-07-08 09:41:31,570 | INFO | watchfiles.main | 1 change detected
2026-07-08 09:41:31,978 | INFO | watchfiles.main | 1 change detected
2026-07-08 09:41:32,380 | INFO | watchfiles.main | 1 change detected
2026-07-08 09:41:32,795 | INFO | watchfiles.main | 1 change detected
2026-07-08 09:41:33,161 | INFO | watchfiles.main | 1 change detected
2026-07-08 09:41:33,567 | INFO | watchfiles.main | 1 change detected
2026-07-08 09:41:33,971 | INFO | watchfiles.main | 1 change detected
2026-07-08 09:41:34,387 | INFO | watchfiles.main | 1 change detected
2026-07-08 09:41:34,796 | INFO | watchfiles.main | 1 change detected
2026-07-08 09:41:35,208 | INFO | watchfiles.main | 1 change detected
2026-07-08 09:41:35,567 | INFO | watchfiles.main | 1 change detected
2026-07-08 09:41:35,982 | INFO | watchfiles.main | 1 change detected
2026-07-08 09:41:36,441 | INFO | watchfiles.main | 1 change detected
2026-07-08 09:41:36,859 | INFO | watchfiles.main | 1 change detected
2026-07-08 09:41:37,218 | INFO | watchfiles.main | 1 change detected
2026-07-08 09:41:37,632 | INFO | watchfiles.main | 1 change detected
2026-07-08 09:41:38,047 | INFO | watchfiles.main | 1 change detected
2026-07-08 09:41:38,457 | INFO | watchfiles.main | 1 change detected
2026-07-08 09:41:38,870 | INFO | watchfiles.main | 1 change detected
2026-07-08 09:41:39,234 | INFO | watchfiles.main | 1 change detected
2026-07-08 09:41:39,640 | INFO | watchfiles.main | 1 change detected
2026-07-08 09:41:40,044 | INFO | watchfiles.main | 1 change detected
2026-07-08 09:41:40,460 | INFO | watchfiles.main | 1 change detected
2026-07-08 09:41:40,871 | INFO | watchfiles.main | 1 change detected
2026-07-08 09:41:41,277 | INFO | watchfiles.main | 1 change detected
2026-07-08 09:41:41,686 | INFO | watchfiles.main | 1 change detected
2026-07-08 09:41:42,090 | INFO | watchfiles.main | 1 change detected
2026-07-08 09:41:42,450 | INFO | watchfiles.main | 1 change detected
2026-07-08 09:41:42,905 | INFO | watchfiles.main | 1 change detected
2026-07-08 09:41:43,324 | INFO | watchfiles.main | 1 change detected
2026-07-08 09:41:43,733 | INFO | watchfiles.main | 1 change detected
2026-07-08 09:41:44,143 | INFO | watchfiles.main | 1 change detected
2026-07-08 09:41:44,552 | INFO | watchfiles.main | 1 change detected
2026-07-08 09:41:44,911 | INFO | watchfiles.main | 1 change detected
2026-07-08 09:41:45,325 | INFO | watchfiles.main | 1 change detected
2026-07-08 09:41:45,740 | INFO | watchfiles.main | 1 change detected
2026-07-08 09:41:46,102 | INFO | watchfiles.main | 1 change detected
2026-07-08 09:41:46,557 | INFO | watchfiles.main | 1 change detected
2026-07-08 09:41:46,917 | INFO | watchfiles.main | 1 change detected
2026-07-08 09:41:47,340 | INFO | watchfiles.main | 1 change detected
2026-07-08 09:41:47,749 | INFO | watchfiles.main | 1 change detected
2026-07-08 09:41:48,107 | INFO | watchfiles.main | 1 change detected
2026-07-08 09:41:48,521 | INFO | watchfiles.main | 1 change detected
2026-07-08 09:41:48,984 | INFO | watchfiles.main | 1 change detected
2026-07-08 09:41:49,029 | INFO | lmsguard.requests | GET /platform/notifications -> 200 6.47ms
2026-07-08 09:41:49,351 | INFO | watchfiles.main | 1 change detected
2026-07-08 09:41:49,710 | INFO | watchfiles.main | 1 change detected
2026-07-08 09:41:50,083 | INFO | watchfiles.main | 1 change detected
2026-07-08 09:41:50,459 | INFO | watchfiles.main | 1 change detected
2026-07-08 09:41:50,830 | INFO | watchfiles.main | 1 change detected
2026-07-08 09:41:51,185 | INFO | watchfiles.main | 1 change detected
2026-07-08 09:41:51,604 | INFO | watchfiles.main | 1 change detected
2026-07-08 09:41:51,978 | INFO | watchfiles.main | 1 change detected
2026-07-08 09:41:52,397 | INFO | watchfiles.main | 1 change detected
2026-07-08 09:41:52,803 | INFO | watchfiles.main | 1 change detected
2026-07-08 09:41:53,208 | INFO | watchfiles.main | 1 change detected
2026-07-08 09:41:53,566 | INFO | watchfiles.main | 1 change detected
2026-07-08 09:41:53,983 | INFO | watchfiles.main | 1 change detected
2026-07-08 09:41:54,390 | INFO | watchfiles.main | 1 change detected
2026-07-08 09:41:54,802 | INFO | watchfiles.main | 1 change detected
2026-07-08 09:41:55,205 | INFO | watchfiles.main | 1 change detected
2026-07-08 09:41:55,564 | INFO | watchfiles.main | 1 change detected
2026-07-08 09:41:56,021 | INFO | watchfiles.main | 1 change detected
2026-07-08 09:41:56,382 | INFO | watchfiles.main | 1 change detected
2026-07-08 09:41:56,847 | INFO | watchfiles.main | 1 change detected
2026-07-08 09:41:57,211 | INFO | watchfiles.main | 1 change detected
2026-07-08 09:41:57,629 | INFO | watchfiles.main | 1 change detected
2026-07-08 09:41:58,045 | INFO | watchfiles.main | 1 change detected
2026-07-08 09:41:58,451 | INFO | watchfiles.main | 1 change detected
2026-07-08 09:41:58,871 | INFO | watchfiles.main | 1 change detected
2026-07-08 09:41:59,229 | INFO | watchfiles.main | 1 change detected
2026-07-08 09:41:59,634 | INFO | watchfiles.main | 1 change detected
2026-07-08 09:42:00,045 | INFO | watchfiles.main | 1 change detected
2026-07-08 09:42:00,412 | INFO | watchfiles.main | 1 change detected
2026-07-08 09:42:00,870 | INFO | watchfiles.main | 1 change detected
2026-07-08 09:42:01,225 | INFO | watchfiles.main | 1 change detected
2026-07-08 09:42:01,682 | INFO | watchfiles.main | 1 change detected
2026-07-08 09:42:02,084 | INFO | watchfiles.main | 1 change detected
2026-07-08 09:42:02,488 | INFO | watchfiles.main | 1 change detected
2026-07-08 09:42:02,901 | INFO | watchfiles.main | 1 change detected
2026-07-08 09:42:03,314 | INFO | watchfiles.main | 1 change detected
2026-07-08 09:42:03,681 | INFO | watchfiles.main | 1 change detected
2026-07-08 09:42:04,096 | INFO | watchfiles.main | 1 change detected
2026-07-08 09:42:04,512 | INFO | watchfiles.main | 1 change detected
2026-07-08 09:42:04,879 | INFO | watchfiles.main | 1 change detected
2026-07-08 09:42:05,346 | INFO | watchfiles.main | 1 change detected
2026-07-08 09:42:05,705 | INFO | watchfiles.main | 1 change detected
2026-07-08 09:42:06,119 | INFO | watchfiles.main | 1 change detected
2026-07-08 09:42:06,523 | INFO | watchfiles.main | 1 change detected
2026-07-08 09:42:06,930 | INFO | watchfiles.main | 1 change detected
2026-07-08 09:42:07,332 | INFO | watchfiles.main | 1 change detected
2026-07-08 09:42:07,750 | INFO | watchfiles.main | 1 change detected
2026-07-08 09:42:08,166 | INFO | watchfiles.main | 1 change detected
2026-07-08 09:42:08,571 | INFO | watchfiles.main | 1 change detected
2026-07-08 09:42:08,990 | INFO | watchfiles.main | 1 change detected
2026-07-08 09:42:09,406 | INFO | watchfiles.main | 1 change detected
2026-07-08 09:42:09,757 | INFO | watchfiles.main | 1 change detected
2026-07-08 09:42:10,171 | INFO | watchfiles.main | 1 change detected
2026-07-08 09:42:10,589 | INFO | watchfiles.main | 1 change detected
2026-07-08 09:42:10,998 | INFO | watchfiles.main | 1 change detected
2026-07-08 09:42:11,401 | INFO | watchfiles.main | 1 change detected
2026-07-08 09:42:11,807 | INFO | watchfiles.main | 1 change detected
2026-07-08 09:42:12,209 | INFO | watchfiles.main | 1 change detected
2026-07-08 09:42:12,612 | INFO | watchfiles.main | 1 change detected
2026-07-08 09:42:13,020 | INFO | watchfiles.main | 1 change detected
2026-07-08 09:42:13,431 | INFO | watchfiles.main | 1 change detected
2026-07-08 09:42:13,887 | INFO | watchfiles.main | 1 change detected
2026-07-08 09:42:14,244 | INFO | watchfiles.main | 1 change detected
2026-07-08 09:42:14,659 | INFO | watchfiles.main | 1 change detected
2026-07-08 09:42:15,066 | INFO | watchfiles.main | 1 change detected
2026-07-08 09:42:15,475 | INFO | watchfiles.main | 1 change detected
2026-07-08 09:42:15,884 | INFO | watchfiles.main | 1 change detected
2026-07-08 09:42:16,300 | INFO | watchfiles.main | 1 change detected
2026-07-08 09:42:16,710 | INFO | watchfiles.main | 1 change detected
2026-07-08 09:42:17,127 | INFO | watchfiles.main | 1 change detected
2026-07-08 09:42:17,489 | INFO | watchfiles.main | 1 change detected
2026-07-08 09:42:17,900 | INFO | watchfiles.main | 1 change detected
2026-07-08 09:42:18,319 | INFO | watchfiles.main | 1 change detected
2026-07-08 09:42:18,694 | INFO | watchfiles.main | 1 change detected
2026-07-08 09:42:19,102 | INFO | watchfiles.main | 1 change detected
2026-07-08 09:42:19,510 | INFO | watchfiles.main | 1 change detected
2026-07-08 09:42:19,917 | INFO | watchfiles.main | 1 change detected
2026-07-08 09:42:20,332 | INFO | watchfiles.main | 1 change detected
2026-07-08 09:42:20,736 | INFO | watchfiles.main | 1 change detected
2026-07-08 09:42:21,144 | INFO | watchfiles.main | 1 change detected
2026-07-08 09:42:21,510 | INFO | watchfiles.main | 1 change detected
2026-07-08 09:42:21,917 | INFO | watchfiles.main | 1 change detected
2026-07-08 09:42:22,330 | INFO | watchfiles.main | 1 change detected
2026-07-08 09:42:22,736 | INFO | watchfiles.main | 1 change detected
2026-07-08 09:42:23,150 | INFO | watchfiles.main | 1 change detected
2026-07-08 09:42:23,510 | INFO | watchfiles.main | 1 change detected
2026-07-08 09:42:23,972 | INFO | watchfiles.main | 1 change detected
2026-07-08 09:42:24,382 | INFO | watchfiles.main | 1 change detected
2026-07-08 09:42:24,797 | INFO | watchfiles.main | 1 change detected
2026-07-08 09:42:25,214 | INFO | watchfiles.main | 1 change detected
2026-07-08 09:42:25,580 | INFO | watchfiles.main | 1 change detected
2026-07-08 09:42:25,992 | INFO | watchfiles.main | 1 change detected
2026-07-08 09:42:26,406 | INFO | watchfiles.main | 1 change detected
2026-07-08 09:42:26,811 | INFO | watchfiles.main | 1 change detected
2026-07-08 09:42:27,229 | INFO | watchfiles.main | 1 change detected
2026-07-08 09:42:27,683 | INFO | watchfiles.main | 1 change detected
2026-07-08 09:42:28,041 | INFO | watchfiles.main | 1 change detected
2026-07-08 09:42:28,457 | INFO | watchfiles.main | 1 change detected
2026-07-08 09:42:28,864 | INFO | watchfiles.main | 1 change detected
2026-07-08 09:42:29,273 | INFO | watchfiles.main | 1 change detected
2026-07-08 09:42:29,686 | INFO | watchfiles.main | 1 change detected
2026-07-08 09:42:30,146 | INFO | watchfiles.main | 1 change detected
2026-07-08 09:42:30,514 | INFO | watchfiles.main | 1 change detected
2026-07-08 09:42:30,926 | INFO | watchfiles.main | 1 change detected
2026-07-08 09:42:31,330 | INFO | watchfiles.main | 1 change detected
2026-07-08 09:42:31,746 | INFO | watchfiles.main | 1 change detected
2026-07-08 09:42:32,105 | INFO | watchfiles.main | 1 change detected
2026-07-08 09:42:32,515 | INFO | watchfiles.main | 1 change detected
2026-07-08 09:42:32,933 | INFO | watchfiles.main | 1 change detected
2026-07-08 09:42:33,390 | INFO | watchfiles.main | 1 change detected
2026-07-08 09:42:33,803 | INFO | watchfiles.main | 1 change detected
2026-07-08 09:42:34,176 | INFO | watchfiles.main | 1 change detected
2026-07-08 09:42:34,583 | INFO | watchfiles.main | 1 change detected
2026-07-08 09:42:34,996 | INFO | watchfiles.main | 1 change detected
2026-07-08 09:42:35,402 | INFO | watchfiles.main | 1 change detected
2026-07-08 09:42:35,815 | INFO | watchfiles.main | 1 change detected
2026-07-08 09:42:36,227 | INFO | watchfiles.main | 1 change detected
2026-07-08 09:42:36,633 | INFO | watchfiles.main | 1 change detected
2026-07-08 09:42:37,037 | INFO | watchfiles.main | 1 change detected
2026-07-08 09:42:37,452 | INFO | watchfiles.main | 1 change detected
2026-07-08 09:42:37,859 | INFO | watchfiles.main | 1 change detected
2026-07-08 09:42:38,264 | INFO | watchfiles.main | 1 change detected
2026-07-08 09:42:38,678 | INFO | watchfiles.main | 1 change detected
2026-07-08 09:42:39,081 | INFO | watchfiles.main | 1 change detected
2026-07-08 09:42:39,491 | INFO | watchfiles.main | 1 change detected
2026-07-08 09:42:39,897 | INFO | watchfiles.main | 1 change detected
2026-07-08 09:42:40,311 | INFO | watchfiles.main | 1 change detected
2026-07-08 09:42:40,720 | INFO | watchfiles.main | 1 change detected
2026-07-08 09:42:41,125 | INFO | watchfiles.main | 1 change detected
2026-07-08 09:42:41,541 | INFO | watchfiles.main | 1 change detected
2026-07-08 09:42:41,946 | INFO | watchfiles.main | 1 change detected
2026-07-08 09:42:42,350 | INFO | watchfiles.main | 1 change detected
2026-07-08 09:42:42,766 | INFO | watchfiles.main | 1 change detected
2026-07-08 09:42:43,137 | INFO | watchfiles.main | 1 change detected
2026-07-08 09:42:43,543 | INFO | watchfiles.main | 1 change detected
2026-07-08 09:42:43,902 | INFO | watchfiles.main | 1 change detected
2026-07-08 09:42:44,312 | INFO | watchfiles.main | 1 change detected
2026-07-08 09:42:44,722 | INFO | watchfiles.main | 1 change detected
2026-07-08 09:42:45,132 | INFO | watchfiles.main | 1 change detected
2026-07-08 09:42:45,543 | INFO | watchfiles.main | 1 change detected
2026-07-08 09:42:45,951 | INFO | watchfiles.main | 1 change detected
2026-07-08 09:42:46,369 | INFO | watchfiles.main | 1 change detected
2026-07-08 09:42:46,731 | INFO | watchfiles.main | 1 change detected
2026-07-08 09:42:47,186 | INFO | watchfiles.main | 1 change detected
2026-07-08 09:42:47,591 | INFO | watchfiles.main | 1 change detected
2026-07-08 09:42:47,999 | INFO | watchfiles.main | 1 change detected
2026-07-08 09:42:48,418 | INFO | watchfiles.main | 1 change detected
2026-07-08 09:42:48,706 | INFO | lmsguard.requests | GET /platform/notifications -> 200 4.93ms
2026-07-08 09:42:48,772 | INFO | watchfiles.main | 1 change detected
2026-07-08 09:42:49,193 | INFO | watchfiles.main | 1 change detected
2026-07-08 09:42:49,600 | INFO | watchfiles.main | 1 change detected
2026-07-08 09:42:49,958 | INFO | watchfiles.main | 1 change detected
2026-07-08 09:42:50,417 | INFO | watchfiles.main | 1 change detected
2026-07-08 09:42:50,833 | INFO | watchfiles.main | 1 change detected
2026-07-08 09:42:51,243 | INFO | watchfiles.main | 1 change detected
2026-07-08 09:42:51,615 | INFO | watchfiles.main | 1 change detected
2026-07-08 09:42:52,022 | INFO | watchfiles.main | 1 change detected
2026-07-08 09:42:52,429 | INFO | watchfiles.main | 1 change detected
2026-07-08 09:42:52,840 | INFO | watchfiles.main | 1 change detected
2026-07-08 09:42:53,215 | INFO | watchfiles.main | 1 change detected
2026-07-08 09:42:53,620 | INFO | watchfiles.main | 1 change detected
2026-07-08 09:42:54,039 | INFO | watchfiles.main | 1 change detected
2026-07-08 09:42:54,449 | INFO | watchfiles.main | 1 change detected
2026-07-08 09:42:54,853 | INFO | watchfiles.main | 1 change detected
2026-07-08 09:42:55,256 | INFO | watchfiles.main | 1 change detected
2026-07-08 09:42:55,659 | INFO | watchfiles.main | 1 change detected
2026-07-08 09:42:56,064 | INFO | watchfiles.main | 1 change detected
2026-07-08 09:42:56,468 | INFO | watchfiles.main | 1 change detected
2026-07-08 09:42:56,882 | INFO | watchfiles.main | 1 change detected
2026-07-08 09:42:57,291 | INFO | watchfiles.main | 1 change detected
2026-07-08 09:42:57,658 | INFO | watchfiles.main | 1 change detected
2026-07-08 09:42:58,074 | INFO | watchfiles.main | 1 change detected
2026-07-08 09:42:58,484 | INFO | watchfiles.main | 1 change detected
2026-07-08 09:42:58,844 | INFO | watchfiles.main | 1 change detected
2026-07-08 09:42:59,250 | INFO | watchfiles.main | 1 change detected
2026-07-08 09:42:59,667 | INFO | watchfiles.main | 1 change detected
2026-07-08 09:43:00,075 | INFO | watchfiles.main | 1 change detected
2026-07-08 09:43:00,498 | INFO | watchfiles.main | 1 change detected
2026-07-08 09:43:00,907 | INFO | watchfiles.main | 1 change detected
2026-07-08 09:43:01,273 | INFO | watchfiles.main | 1 change detected
2026-07-08 09:43:01,684 | INFO | watchfiles.main | 1 change detected
2026-07-08 09:43:02,106 | INFO | watchfiles.main | 1 change detected
2026-07-08 09:43:02,531 | INFO | watchfiles.main | 1 change detected
2026-07-08 09:43:02,934 | INFO | watchfiles.main | 1 change detected
2026-07-08 09:43:03,343 | INFO | watchfiles.main | 1 change detected
2026-07-08 09:43:03,709 | INFO | watchfiles.main | 1 change detected
2026-07-08 09:43:04,121 | INFO | watchfiles.main | 1 change detected
2026-07-08 09:43:04,524 | INFO | watchfiles.main | 1 change detected
2026-07-08 09:43:04,934 | INFO | watchfiles.main | 1 change detected
2026-07-08 09:43:05,354 | INFO | watchfiles.main | 1 change detected
2026-07-08 09:43:05,773 | INFO | watchfiles.main | 1 change detected
2026-07-08 09:43:06,184 | INFO | watchfiles.main | 1 change detected
2026-07-08 09:43:06,541 | INFO | watchfiles.main | 1 change detected
2026-07-08 09:43:06,951 | INFO | watchfiles.main | 1 change detected
2026-07-08 09:43:07,357 | INFO | watchfiles.main | 1 change detected
2026-07-08 09:43:07,774 | INFO | watchfiles.main | 1 change detected
2026-07-08 09:43:08,182 | INFO | watchfiles.main | 1 change detected
2026-07-08 09:43:08,597 | INFO | watchfiles.main | 1 change detected
2026-07-08 09:43:09,012 | INFO | watchfiles.main | 1 change detected
2026-07-08 09:43:09,422 | INFO | watchfiles.main | 1 change detected
2026-07-08 09:43:09,840 | INFO | watchfiles.main | 1 change detected
2026-07-08 09:43:10,256 | INFO | watchfiles.main | 1 change detected
2026-07-08 09:43:10,665 | INFO | watchfiles.main | 1 change detected
2026-07-08 09:43:11,075 | INFO | watchfiles.main | 1 change detected
2026-07-08 09:43:11,483 | INFO | watchfiles.main | 1 change detected
2026-07-08 09:43:11,851 | INFO | watchfiles.main | 1 change detected
2026-07-08 09:43:12,261 | INFO | watchfiles.main | 1 change detected
2026-07-08 09:43:12,666 | INFO | watchfiles.main | 1 change detected
2026-07-08 09:43:13,075 | INFO | watchfiles.main | 1 change detected
2026-07-08 09:43:13,496 | INFO | watchfiles.main | 1 change detected
2026-07-08 09:43:13,906 | INFO | watchfiles.main | 1 change detected
2026-07-08 09:43:14,311 | INFO | watchfiles.main | 1 change detected
2026-07-08 09:43:14,722 | INFO | watchfiles.main | 1 change detected
2026-07-08 09:43:15,136 | INFO | watchfiles.main | 1 change detected
2026-07-08 09:43:15,545 | INFO | watchfiles.main | 1 change detected
2026-07-08 09:43:15,914 | INFO | watchfiles.main | 1 change detected
2026-07-08 09:43:16,377 | INFO | watchfiles.main | 1 change detected
2026-07-08 09:43:16,738 | INFO | watchfiles.main | 1 change detected
2026-07-08 09:43:17,145 | INFO | watchfiles.main | 1 change detected
2026-07-08 09:43:17,613 | INFO | watchfiles.main | 1 change detected
2026-07-08 09:43:17,980 | INFO | watchfiles.main | 1 change detected
2026-07-08 09:43:18,389 | INFO | watchfiles.main | 1 change detected
2026-07-08 09:43:18,797 | INFO | watchfiles.main | 1 change detected
2026-07-08 09:43:19,210 | INFO | watchfiles.main | 1 change detected
2026-07-08 09:43:19,619 | INFO | watchfiles.main | 1 change detected
2026-07-08 09:43:20,022 | INFO | watchfiles.main | 1 change detected
2026-07-08 09:43:20,432 | INFO | watchfiles.main | 1 change detected
2026-07-08 09:43:20,845 | INFO | watchfiles.main | 1 change detected
2026-07-08 09:43:21,258 | INFO | watchfiles.main | 1 change detected
2026-07-08 09:43:21,619 | INFO | watchfiles.main | 1 change detected
2026-07-08 09:43:22,078 | INFO | watchfiles.main | 1 change detected
2026-07-08 09:43:22,485 | INFO | watchfiles.main | 1 change detected
2026-07-08 09:43:22,847 | INFO | watchfiles.main | 1 change detected
2026-07-08 09:43:23,265 | INFO | watchfiles.main | 1 change detected
2026-07-08 09:43:23,630 | INFO | watchfiles.main | 1 change detected
2026-07-08 09:43:24,084 | INFO | watchfiles.main | 1 change detected
2026-07-08 09:43:24,450 | INFO | watchfiles.main | 1 change detected
2026-07-08 09:43:24,856 | INFO | watchfiles.main | 1 change detected
2026-07-08 09:43:25,265 | INFO | watchfiles.main | 1 change detected
2026-07-08 09:43:25,680 | INFO | watchfiles.main | 1 change detected
2026-07-08 09:43:26,086 | INFO | watchfiles.main | 1 change detected
2026-07-08 09:43:26,494 | INFO | watchfiles.main | 1 change detected
2026-07-08 09:43:26,900 | INFO | watchfiles.main | 1 change detected
2026-07-08 09:43:27,310 | INFO | watchfiles.main | 1 change detected
2026-07-08 09:43:27,717 | INFO | watchfiles.main | 1 change detected
2026-07-08 09:43:28,077 | INFO | watchfiles.main | 1 change detected
2026-07-08 09:43:28,481 | INFO | watchfiles.main | 1 change detected
2026-07-08 09:43:28,888 | INFO | watchfiles.main | 1 change detected
2026-07-08 09:43:29,292 | INFO | watchfiles.main | 1 change detected
2026-07-08 09:43:29,711 | INFO | watchfiles.main | 1 change detected
2026-07-08 09:43:30,088 | INFO | watchfiles.main | 1 change detected
2026-07-08 09:43:30,502 | INFO | watchfiles.main | 1 change detected
2026-07-08 09:43:30,912 | INFO | watchfiles.main | 1 change detected
2026-07-08 09:43:31,325 | INFO | watchfiles.main | 1 change detected
2026-07-08 09:43:31,689 | INFO | watchfiles.main | 1 change detected
2026-07-08 09:43:32,102 | INFO | watchfiles.main | 1 change detected
2026-07-08 09:43:32,507 | INFO | watchfiles.main | 1 change detected
2026-07-08 09:43:32,918 | INFO | watchfiles.main | 1 change detected
2026-07-08 09:43:33,323 | INFO | watchfiles.main | 1 change detected
2026-07-08 09:43:33,731 | INFO | watchfiles.main | 1 change detected
2026-07-08 09:43:34,149 | INFO | watchfiles.main | 1 change detected
2026-07-08 09:43:34,556 | INFO | watchfiles.main | 1 change detected
2026-07-08 09:43:34,967 | INFO | watchfiles.main | 1 change detected
2026-07-08 09:43:35,375 | INFO | watchfiles.main | 1 change detected
2026-07-08 09:43:35,792 | INFO | watchfiles.main | 1 change detected
2026-07-08 09:43:36,196 | INFO | watchfiles.main | 1 change detected
2026-07-08 09:43:36,600 | INFO | watchfiles.main | 1 change detected
2026-07-08 09:43:37,015 | INFO | watchfiles.main | 1 change detected
2026-07-08 09:43:37,381 | INFO | watchfiles.main | 1 change detected
2026-07-08 09:43:37,791 | INFO | watchfiles.main | 1 change detected
2026-07-08 09:43:38,198 | INFO | watchfiles.main | 1 change detected
2026-07-08 09:43:38,613 | INFO | watchfiles.main | 1 change detected
2026-07-08 09:43:39,020 | INFO | watchfiles.main | 1 change detected
2026-07-08 09:43:39,432 | INFO | watchfiles.main | 1 change detected
2026-07-08 09:43:39,840 | INFO | watchfiles.main | 1 change detected
2026-07-08 09:43:40,245 | INFO | watchfiles.main | 1 change detected
2026-07-08 09:43:40,650 | INFO | watchfiles.main | 1 change detected
2026-07-08 09:43:41,062 | INFO | watchfiles.main | 1 change detected
2026-07-08 09:43:41,466 | INFO | watchfiles.main | 1 change detected
2026-07-08 09:43:41,874 | INFO | watchfiles.main | 1 change detected
2026-07-08 09:43:42,285 | INFO | watchfiles.main | 1 change detected
2026-07-08 09:43:42,694 | INFO | watchfiles.main | 1 change detected
2026-07-08 09:43:43,107 | INFO | watchfiles.main | 1 change detected
2026-07-08 09:43:43,480 | INFO | watchfiles.main | 1 change detected
2026-07-08 09:43:43,941 | INFO | watchfiles.main | 1 change detected
2026-07-08 09:43:44,303 | INFO | watchfiles.main | 1 change detected
2026-07-08 09:43:44,719 | INFO | watchfiles.main | 1 change detected
2026-07-08 09:43:45,133 | INFO | watchfiles.main | 1 change detected
2026-07-08 09:43:45,504 | INFO | watchfiles.main | 1 change detected
2026-07-08 09:43:45,926 | INFO | watchfiles.main | 1 change detected
2026-07-08 09:43:46,335 | INFO | watchfiles.main | 1 change detected
2026-07-08 09:43:46,741 | INFO | watchfiles.main | 1 change detected
2026-07-08 09:43:47,147 | INFO | watchfiles.main | 1 change detected
2026-07-08 09:43:47,557 | INFO | watchfiles.main | 1 change detected
2026-07-08 09:43:47,923 | INFO | watchfiles.main | 1 change detected
2026-07-08 09:43:48,331 | INFO | watchfiles.main | 1 change detected
2026-07-08 09:43:48,738 | INFO | watchfiles.main | 1 change detected
2026-07-08 09:43:49,010 | INFO | lmsguard.requests | GET /platform/notifications -> 200 5.73ms
2026-07-08 09:43:49,093 | INFO | watchfiles.main | 1 change detected
2026-07-08 09:43:49,507 | INFO | watchfiles.main | 1 change detected
2026-07-08 09:43:49,871 | INFO | watchfiles.main | 1 change detected
2026-07-08 09:43:50,286 | INFO | watchfiles.main | 1 change detected
2026-07-08 09:43:50,698 | INFO | watchfiles.main | 1 change detected
2026-07-08 09:43:51,110 | INFO | watchfiles.main | 1 change detected
2026-07-08 09:43:51,526 | INFO | watchfiles.main | 1 change detected
2026-07-08 09:43:51,934 | INFO | watchfiles.main | 1 change detected
2026-07-08 09:43:52,346 | INFO | watchfiles.main | 1 change detected
2026-07-08 09:43:52,766 | INFO | watchfiles.main | 1 change detected
2026-07-08 09:43:53,169 | INFO | watchfiles.main | 1 change detected
2026-07-08 09:43:53,589 | INFO | watchfiles.main | 1 change detected
2026-07-08 09:43:53,997 | INFO | watchfiles.main | 1 change detected
2026-07-08 09:43:54,351 | INFO | watchfiles.main | 1 change detected
2026-07-08 09:43:54,757 | INFO | watchfiles.main | 1 change detected
2026-07-08 09:43:55,168 | INFO | watchfiles.main | 1 change detected
2026-07-08 09:43:55,633 | INFO | watchfiles.main | 1 change detected
2026-07-08 09:43:55,993 | INFO | watchfiles.main | 1 change detected
2026-07-08 09:43:56,399 | INFO | watchfiles.main | 1 change detected
2026-07-08 09:43:56,811 | INFO | watchfiles.main | 1 change detected
2026-07-08 09:43:57,275 | INFO | watchfiles.main | 1 change detected
2026-07-08 09:43:57,634 | INFO | watchfiles.main | 1 change detected
2026-07-08 09:43:58,044 | INFO | watchfiles.main | 1 change detected
2026-07-08 09:43:58,461 | INFO | watchfiles.main | 1 change detected
2026-07-08 09:43:58,867 | INFO | watchfiles.main | 1 change detected
2026-07-08 09:43:59,281 | INFO | watchfiles.main | 1 change detected
2026-07-08 09:43:59,688 | INFO | watchfiles.main | 1 change detected
2026-07-08 09:44:00,058 | INFO | watchfiles.main | 1 change detected
2026-07-08 09:44:00,472 | INFO | watchfiles.main | 1 change detected
2026-07-08 09:44:00,892 | INFO | watchfiles.main | 1 change detected
2026-07-08 09:44:01,252 | INFO | watchfiles.main | 1 change detected
2026-07-08 09:44:01,668 | INFO | watchfiles.main | 1 change detected
2026-07-08 09:44:02,072 | INFO | watchfiles.main | 1 change detected
2026-07-08 09:44:02,532 | INFO | watchfiles.main | 1 change detected
2026-07-08 09:44:02,937 | INFO | watchfiles.main | 1 change detected
2026-07-08 09:44:03,342 | INFO | watchfiles.main | 1 change detected
2026-07-08 09:44:03,748 | INFO | watchfiles.main | 1 change detected
2026-07-08 09:44:04,168 | INFO | watchfiles.main | 1 change detected
2026-07-08 09:44:04,571 | INFO | watchfiles.main | 1 change detected
2026-07-08 09:44:04,977 | INFO | watchfiles.main | 1 change detected
2026-07-08 09:44:05,387 | INFO | watchfiles.main | 1 change detected
2026-07-08 09:44:05,795 | INFO | watchfiles.main | 1 change detected
2026-07-08 09:44:06,202 | INFO | watchfiles.main | 1 change detected
2026-07-08 09:44:06,567 | INFO | watchfiles.main | 1 change detected
2026-07-08 09:44:06,980 | INFO | watchfiles.main | 1 change detected
2026-07-08 09:44:07,397 | INFO | watchfiles.main | 1 change detected
2026-07-08 09:44:07,803 | INFO | watchfiles.main | 1 change detected
2026-07-08 09:44:08,217 | INFO | watchfiles.main | 1 change detected
2026-07-08 09:44:08,622 | INFO | watchfiles.main | 1 change detected
2026-07-08 09:44:09,075 | INFO | watchfiles.main | 1 change detected
2026-07-08 09:44:09,491 | INFO | watchfiles.main | 1 change detected
2026-07-08 09:44:09,905 | INFO | watchfiles.main | 1 change detected
2026-07-08 09:44:10,260 | INFO | watchfiles.main | 1 change detected
2026-07-08 09:44:10,668 | INFO | watchfiles.main | 1 change detected
2026-07-08 09:44:11,127 | INFO | watchfiles.main | 1 change detected
2026-07-08 09:44:11,493 | INFO | watchfiles.main | 1 change detected
2026-07-08 09:44:11,903 | INFO | watchfiles.main | 1 change detected
2026-07-08 09:44:12,313 | INFO | watchfiles.main | 1 change detected
2026-07-08 09:44:12,729 | INFO | watchfiles.main | 1 change detected
2026-07-08 09:44:13,132 | INFO | watchfiles.main | 1 change detected
2026-07-08 09:44:13,546 | INFO | watchfiles.main | 1 change detected
2026-07-08 09:44:13,952 | INFO | watchfiles.main | 1 change detected
2026-07-08 09:44:14,356 | INFO | watchfiles.main | 1 change detected
2026-07-08 09:44:14,768 | INFO | watchfiles.main | 1 change detected
2026-07-08 09:44:15,178 | INFO | watchfiles.main | 1 change detected
2026-07-08 09:44:15,581 | INFO | watchfiles.main | 1 change detected
2026-07-08 09:44:15,991 | INFO | watchfiles.main | 1 change detected
2026-07-08 09:44:16,396 | INFO | watchfiles.main | 1 change detected
2026-07-08 09:44:16,800 | INFO | watchfiles.main | 1 change detected
2026-07-08 09:44:17,208 | INFO | watchfiles.main | 1 change detected
2026-07-08 09:44:17,621 | INFO | watchfiles.main | 1 change detected
2026-07-08 09:44:18,027 | INFO | watchfiles.main | 1 change detected
2026-07-08 09:44:18,402 | INFO | watchfiles.main | 1 change detected
2026-07-08 09:44:18,820 | INFO | watchfiles.main | 1 change detected
2026-07-08 09:44:19,226 | INFO | watchfiles.main | 1 change detected
2026-07-08 09:44:19,604 | INFO | watchfiles.main | 1 change detected
2026-07-08 09:44:20,058 | INFO | watchfiles.main | 1 change detected
2026-07-08 09:44:20,479 | INFO | watchfiles.main | 1 change detected
2026-07-08 09:44:20,837 | INFO | watchfiles.main | 1 change detected
2026-07-08 09:44:21,244 | INFO | watchfiles.main | 1 change detected
2026-07-08 09:44:21,649 | INFO | watchfiles.main | 1 change detected
2026-07-08 09:44:22,060 | INFO | watchfiles.main | 1 change detected
2026-07-08 09:44:22,472 | INFO | watchfiles.main | 1 change detected
2026-07-08 09:44:22,887 | INFO | watchfiles.main | 1 change detected
2026-07-08 09:44:23,299 | INFO | watchfiles.main | 1 change detected
2026-07-08 09:44:23,703 | INFO | watchfiles.main | 1 change detected
2026-07-08 09:44:24,107 | INFO | watchfiles.main | 1 change detected
2026-07-08 09:44:24,511 | INFO | watchfiles.main | 1 change detected
2026-07-08 09:44:24,917 | INFO | watchfiles.main | 1 change detected
2026-07-08 09:44:25,324 | INFO | watchfiles.main | 1 change detected
2026-07-08 09:44:25,728 | INFO | watchfiles.main | 1 change detected
2026-07-08 09:44:26,138 | INFO | watchfiles.main | 1 change detected
2026-07-08 09:44:26,551 | INFO | watchfiles.main | 1 change detected
2026-07-08 09:44:26,908 | INFO | watchfiles.main | 1 change detected
2026-07-08 09:44:27,366 | INFO | watchfiles.main | 1 change detected
2026-07-08 09:44:27,774 | INFO | watchfiles.main | 1 change detected
2026-07-08 09:44:28,137 | INFO | watchfiles.main | 1 change detected
2026-07-08 09:44:28,554 | INFO | watchfiles.main | 1 change detected
2026-07-08 09:44:28,966 | INFO | watchfiles.main | 1 change detected
2026-07-08 09:44:29,375 | INFO | watchfiles.main | 1 change detected
2026-07-08 09:44:29,789 | INFO | watchfiles.main | 1 change detected
2026-07-08 09:44:30,156 | INFO | watchfiles.main | 1 change detected
2026-07-08 09:44:30,612 | INFO | watchfiles.main | 1 change detected
2026-07-08 09:44:31,020 | INFO | watchfiles.main | 1 change detected
2026-07-08 09:44:31,430 | INFO | watchfiles.main | 1 change detected
2026-07-08 09:44:31,838 | INFO | watchfiles.main | 1 change detected
2026-07-08 09:44:32,243 | INFO | watchfiles.main | 1 change detected
2026-07-08 09:44:32,657 | INFO | watchfiles.main | 1 change detected
2026-07-08 09:44:33,063 | INFO | watchfiles.main | 1 change detected
2026-07-08 09:44:33,467 | INFO | watchfiles.main | 1 change detected
2026-07-08 09:44:33,881 | INFO | watchfiles.main | 1 change detected
2026-07-08 09:44:34,284 | INFO | watchfiles.main | 1 change detected
2026-07-08 09:44:34,706 | INFO | watchfiles.main | 1 change detected
2026-07-08 09:44:35,119 | INFO | watchfiles.main | 1 change detected
2026-07-08 09:44:35,525 | INFO | watchfiles.main | 1 change detected
2026-07-08 09:44:35,938 | INFO | watchfiles.main | 1 change detected
2026-07-08 09:44:36,355 | INFO | watchfiles.main | 1 change detected
2026-07-08 09:44:36,761 | INFO | watchfiles.main | 1 change detected
2026-07-08 09:44:37,170 | INFO | watchfiles.main | 1 change detected
2026-07-08 09:44:37,583 | INFO | watchfiles.main | 1 change detected
2026-07-08 09:44:37,995 | INFO | watchfiles.main | 1 change detected
2026-07-08 09:44:38,354 | INFO | watchfiles.main | 1 change detected
2026-07-08 09:44:38,759 | INFO | watchfiles.main | 1 change detected
2026-07-08 09:44:39,172 | INFO | watchfiles.main | 1 change detected
2026-07-08 09:44:39,585 | INFO | watchfiles.main | 1 change detected
2026-07-08 09:44:39,995 | INFO | watchfiles.main | 1 change detected
2026-07-08 09:44:40,447 | INFO | watchfiles.main | 1 change detected
2026-07-08 09:44:40,849 | INFO | watchfiles.main | 1 change detected
2026-07-08 09:44:41,261 | INFO | watchfiles.main | 1 change detected
2026-07-08 09:44:41,672 | INFO | watchfiles.main | 1 change detected
2026-07-08 09:44:42,078 | INFO | watchfiles.main | 1 change detected
2026-07-08 09:44:42,492 | INFO | watchfiles.main | 1 change detected
2026-07-08 09:44:42,901 | INFO | watchfiles.main | 1 change detected
2026-07-08 09:44:43,312 | INFO | watchfiles.main | 1 change detected
2026-07-08 09:44:43,679 | INFO | watchfiles.main | 1 change detected
2026-07-08 09:44:44,133 | INFO | watchfiles.main | 1 change detected
2026-07-08 09:44:44,536 | INFO | watchfiles.main | 1 change detected
2026-07-08 09:44:44,950 | INFO | watchfiles.main | 1 change detected
2026-07-08 09:44:45,305 | INFO | watchfiles.main | 1 change detected
2026-07-08 09:44:45,725 | INFO | watchfiles.main | 1 change detected
2026-07-08 09:44:46,140 | INFO | watchfiles.main | 1 change detected
2026-07-08 09:44:46,555 | INFO | watchfiles.main | 1 change detected
2026-07-08 09:44:46,962 | INFO | watchfiles.main | 1 change detected
2026-07-08 09:44:47,374 | INFO | watchfiles.main | 1 change detected
2026-07-08 09:44:47,795 | INFO | watchfiles.main | 1 change detected
2026-07-08 09:44:48,197 | INFO | watchfiles.main | 1 change detected
2026-07-08 09:44:48,612 | INFO | watchfiles.main | 1 change detected
2026-07-08 09:44:48,709 | INFO | lmsguard.requests | GET /platform/notifications -> 200 4.56ms
2026-07-08 09:44:48,981 | INFO | watchfiles.main | 1 change detected
2026-07-08 09:44:49,348 | INFO | watchfiles.main | 1 change detected
2026-07-08 09:44:49,705 | INFO | watchfiles.main | 1 change detected
2026-07-08 09:44:50,062 | INFO | watchfiles.main | 1 change detected
2026-07-08 09:44:50,419 | INFO | watchfiles.main | 1 change detected
2026-07-08 09:44:50,785 | INFO | watchfiles.main | 1 change detected
2026-07-08 09:44:51,199 | INFO | watchfiles.main | 1 change detected
2026-07-08 09:44:51,604 | INFO | watchfiles.main | 1 change detected
2026-07-08 09:44:52,021 | INFO | watchfiles.main | 1 change detected
2026-07-08 09:44:52,429 | INFO | watchfiles.main | 1 change detected
2026-07-08 09:44:52,833 | INFO | watchfiles.main | 1 change detected
2026-07-08 09:44:53,239 | INFO | watchfiles.main | 1 change detected
2026-07-08 09:44:53,652 | INFO | watchfiles.main | 1 change detected
2026-07-08 09:44:54,062 | INFO | watchfiles.main | 1 change detected
2026-07-08 09:44:54,477 | INFO | watchfiles.main | 1 change detected
2026-07-08 09:44:54,839 | INFO | watchfiles.main | 1 change detected
2026-07-08 09:44:55,252 | INFO | watchfiles.main | 1 change detected
2026-07-08 09:44:55,665 | INFO | watchfiles.main | 1 change detected
2026-07-08 09:44:56,078 | INFO | watchfiles.main | 1 change detected
2026-07-08 09:44:56,491 | INFO | watchfiles.main | 1 change detected
2026-07-08 09:44:56,915 | INFO | watchfiles.main | 1 change detected
2026-07-08 09:44:57,322 | INFO | watchfiles.main | 1 change detected
2026-07-08 09:44:57,729 | INFO | watchfiles.main | 1 change detected
2026-07-08 09:44:58,143 | INFO | watchfiles.main | 1 change detected
2026-07-08 09:44:58,555 | INFO | watchfiles.main | 1 change detected
2026-07-08 09:44:58,963 | INFO | watchfiles.main | 1 change detected
2026-07-08 09:44:59,380 | INFO | watchfiles.main | 1 change detected
2026-07-08 09:44:59,793 | INFO | watchfiles.main | 1 change detected
2026-07-08 09:45:00,159 | INFO | watchfiles.main | 1 change detected
2026-07-08 09:45:00,564 | INFO | watchfiles.main | 1 change detected
2026-07-08 09:45:00,975 | INFO | watchfiles.main | 1 change detected
2026-07-08 09:45:01,385 | INFO | watchfiles.main | 1 change detected
2026-07-08 09:45:01,800 | INFO | watchfiles.main | 1 change detected
2026-07-08 09:45:02,216 | INFO | watchfiles.main | 1 change detected
2026-07-08 09:45:02,625 | INFO | watchfiles.main | 1 change detected
2026-07-08 09:45:03,030 | INFO | watchfiles.main | 1 change detected
2026-07-08 09:45:03,435 | INFO | watchfiles.main | 1 change detected
2026-07-08 09:45:03,843 | INFO | watchfiles.main | 1 change detected
2026-07-08 09:45:04,261 | INFO | watchfiles.main | 1 change detected
2026-07-08 09:45:04,619 | INFO | watchfiles.main | 1 change detected
2026-07-08 09:45:05,025 | INFO | watchfiles.main | 1 change detected
2026-07-08 09:45:05,432 | INFO | watchfiles.main | 1 change detected
2026-07-08 09:45:05,860 | INFO | watchfiles.main | 1 change detected
2026-07-08 09:45:06,271 | INFO | watchfiles.main | 1 change detected
2026-07-08 09:45:06,685 | INFO | watchfiles.main | 1 change detected
2026-07-08 09:45:07,092 | INFO | watchfiles.main | 1 change detected
2026-07-08 09:45:07,502 | INFO | watchfiles.main | 1 change detected
2026-07-08 09:45:07,905 | INFO | watchfiles.main | 1 change detected
2026-07-08 09:45:08,321 | INFO | watchfiles.main | 1 change detected
2026-07-08 09:45:08,723 | INFO | watchfiles.main | 1 change detected
2026-07-08 09:45:09,137 | INFO | watchfiles.main | 1 change detected
2026-07-08 09:45:09,540 | INFO | watchfiles.main | 1 change detected
2026-07-08 09:45:09,944 | INFO | watchfiles.main | 1 change detected
2026-07-08 09:45:10,351 | INFO | watchfiles.main | 1 change detected
2026-07-08 09:45:10,756 | INFO | watchfiles.main | 1 change detected
2026-07-08 09:45:11,174 | INFO | watchfiles.main | 1 change detected
2026-07-08 09:45:11,535 | INFO | watchfiles.main | 1 change detected
2026-07-08 09:45:11,942 | INFO | watchfiles.main | 1 change detected
2026-07-08 09:45:12,353 | INFO | watchfiles.main | 1 change detected
2026-07-08 09:45:12,810 | INFO | watchfiles.main | 1 change detected
2026-07-08 09:45:13,219 | INFO | watchfiles.main | 1 change detected
2026-07-08 09:45:13,641 | INFO | watchfiles.main | 1 change detected
2026-07-08 09:45:14,045 | INFO | watchfiles.main | 1 change detected
2026-07-08 09:45:14,408 | INFO | watchfiles.main | 1 change detected
2026-07-08 09:45:14,821 | INFO | watchfiles.main | 1 change detected
2026-07-08 09:45:15,225 | INFO | watchfiles.main | 1 change detected
2026-07-08 09:45:15,644 | INFO | watchfiles.main | 1 change detected
2026-07-08 09:45:16,061 | INFO | watchfiles.main | 1 change detected
2026-07-08 09:45:16,470 | INFO | watchfiles.main | 1 change detected
2026-07-08 09:45:16,838 | INFO | watchfiles.main | 1 change detected
2026-07-08 09:45:17,243 | INFO | watchfiles.main | 1 change detected
2026-07-08 09:45:17,649 | INFO | watchfiles.main | 1 change detected
2026-07-08 09:45:18,060 | INFO | watchfiles.main | 1 change detected
2026-07-08 09:45:18,422 | INFO | watchfiles.main | 1 change detected
2026-07-08 09:45:18,840 | INFO | watchfiles.main | 1 change detected
2026-07-08 09:45:19,257 | INFO | watchfiles.main | 1 change detected
2026-07-08 09:45:19,670 | INFO | watchfiles.main | 1 change detected
2026-07-08 09:45:20,126 | INFO | watchfiles.main | 1 change detected
2026-07-08 09:45:20,491 | INFO | watchfiles.main | 1 change detected
2026-07-08 09:45:20,907 | INFO | watchfiles.main | 1 change detected
2026-07-08 09:45:21,329 | INFO | watchfiles.main | 1 change detected
2026-07-08 09:45:21,736 | INFO | watchfiles.main | 1 change detected
2026-07-08 09:45:22,153 | INFO | watchfiles.main | 1 change detected
2026-07-08 09:45:22,555 | INFO | watchfiles.main | 1 change detected
2026-07-08 09:45:22,970 | INFO | watchfiles.main | 1 change detected
2026-07-08 09:45:23,376 | INFO | watchfiles.main | 1 change detected
2026-07-08 09:45:23,779 | INFO | watchfiles.main | 1 change detected
2026-07-08 09:45:24,189 | INFO | watchfiles.main | 1 change detected
2026-07-08 09:45:24,604 | INFO | watchfiles.main | 1 change detected
2026-07-08 09:45:25,008 | INFO | watchfiles.main | 1 change detected
2026-07-08 09:45:25,416 | INFO | watchfiles.main | 1 change detected
2026-07-08 09:45:25,823 | INFO | watchfiles.main | 1 change detected
2026-07-08 09:45:26,240 | INFO | watchfiles.main | 1 change detected
2026-07-08 09:45:26,656 | INFO | watchfiles.main | 1 change detected
2026-07-08 09:45:27,074 | INFO | watchfiles.main | 1 change detected
2026-07-08 09:45:27,478 | INFO | watchfiles.main | 1 change detected
2026-07-08 09:45:27,856 | INFO | watchfiles.main | 1 change detected
2026-07-08 09:45:28,258 | INFO | watchfiles.main | 1 change detected
2026-07-08 09:45:28,724 | INFO | watchfiles.main | 1 change detected
2026-07-08 09:45:29,084 | INFO | watchfiles.main | 1 change detected
2026-07-08 09:45:29,546 | INFO | watchfiles.main | 1 change detected
2026-07-08 09:45:29,950 | INFO | watchfiles.main | 1 change detected
2026-07-08 09:45:30,358 | INFO | watchfiles.main | 1 change detected
2026-07-08 09:45:30,761 | INFO | watchfiles.main | 1 change detected
2026-07-08 09:45:31,166 | INFO | watchfiles.main | 1 change detected
2026-07-08 09:45:31,577 | INFO | watchfiles.main | 1 change detected
2026-07-08 09:45:31,993 | INFO | watchfiles.main | 1 change detected
2026-07-08 09:45:32,399 | INFO | watchfiles.main | 1 change detected
2026-07-08 09:45:32,823 | INFO | watchfiles.main | 1 change detected
2026-07-08 09:45:33,231 | INFO | watchfiles.main | 1 change detected
2026-07-08 09:45:33,650 | INFO | watchfiles.main | 1 change detected
2026-07-08 09:45:34,056 | INFO | watchfiles.main | 1 change detected
2026-07-08 09:45:34,411 | INFO | watchfiles.main | 1 change detected
2026-07-08 09:45:34,826 | INFO | watchfiles.main | 1 change detected
2026-07-08 09:45:35,237 | INFO | watchfiles.main | 1 change detected
2026-07-08 09:45:35,646 | INFO | watchfiles.main | 1 change detected
2026-07-08 09:45:36,070 | INFO | watchfiles.main | 1 change detected
2026-07-08 09:45:36,434 | INFO | watchfiles.main | 1 change detected
2026-07-08 09:45:36,842 | INFO | watchfiles.main | 1 change detected
2026-07-08 09:45:37,252 | INFO | watchfiles.main | 1 change detected
2026-07-08 09:45:37,657 | INFO | watchfiles.main | 1 change detected
2026-07-08 09:45:38,073 | INFO | watchfiles.main | 1 change detected
2026-07-08 09:45:38,448 | INFO | watchfiles.main | 1 change detected
2026-07-08 09:45:38,854 | INFO | watchfiles.main | 1 change detected
2026-07-08 09:45:39,273 | INFO | watchfiles.main | 1 change detected
2026-07-08 09:45:39,679 | INFO | watchfiles.main | 1 change detected
2026-07-08 09:45:40,090 | INFO | watchfiles.main | 1 change detected
2026-07-08 09:45:40,550 | INFO | watchfiles.main | 1 change detected
2026-07-08 09:45:40,954 | INFO | watchfiles.main | 1 change detected
2026-07-08 09:45:41,363 | INFO | watchfiles.main | 1 change detected
2026-07-08 09:45:41,726 | INFO | watchfiles.main | 1 change detected
2026-07-08 09:45:42,135 | INFO | watchfiles.main | 1 change detected
2026-07-08 09:45:42,550 | INFO | watchfiles.main | 1 change detected
2026-07-08 09:45:42,964 | INFO | watchfiles.main | 1 change detected
2026-07-08 09:45:43,372 | INFO | watchfiles.main | 1 change detected
2026-07-08 09:45:43,793 | INFO | watchfiles.main | 1 change detected
2026-07-08 09:45:44,196 | INFO | watchfiles.main | 1 change detected
2026-07-08 09:45:44,599 | INFO | watchfiles.main | 1 change detected
2026-07-08 09:45:45,004 | INFO | watchfiles.main | 1 change detected
2026-07-08 09:45:45,363 | INFO | watchfiles.main | 1 change detected
2026-07-08 09:45:45,774 | INFO | watchfiles.main | 1 change detected
2026-07-08 09:45:46,182 | INFO | watchfiles.main | 1 change detected
2026-07-08 09:45:46,591 | INFO | watchfiles.main | 1 change detected
2026-07-08 09:45:46,998 | INFO | watchfiles.main | 1 change detected
2026-07-08 09:45:47,369 | INFO | watchfiles.main | 1 change detected
2026-07-08 09:45:47,775 | INFO | watchfiles.main | 1 change detected
2026-07-08 09:45:48,182 | INFO | watchfiles.main | 1 change detected
2026-07-08 09:45:48,589 | INFO | watchfiles.main | 1 change detected
2026-07-08 09:45:49,005 | INFO | watchfiles.main | 1 change detected
2026-07-08 09:45:49,029 | INFO | lmsguard.requests | GET /platform/notifications -> 200 4.89ms
2026-07-08 09:45:49,367 | INFO | watchfiles.main | 1 change detected
2026-07-08 09:45:49,720 | INFO | watchfiles.main | 1 change detected
2026-07-08 09:45:50,085 | INFO | watchfiles.main | 1 change detected
2026-07-08 09:45:50,436 | INFO | watchfiles.main | 1 change detected
2026-07-08 09:45:50,802 | INFO | watchfiles.main | 1 change detected
2026-07-08 09:45:51,158 | INFO | watchfiles.main | 1 change detected
2026-07-08 09:45:51,523 | INFO | watchfiles.main | 1 change detected
2026-07-08 09:45:51,989 | INFO | watchfiles.main | 1 change detected
2026-07-08 09:45:52,348 | INFO | watchfiles.main | 1 change detected
2026-07-08 09:45:52,766 | INFO | watchfiles.main | 1 change detected
2026-07-08 09:45:53,176 | INFO | watchfiles.main | 1 change detected
2026-07-08 09:45:53,585 | INFO | watchfiles.main | 1 change detected
2026-07-08 09:45:53,993 | INFO | watchfiles.main | 1 change detected
2026-07-08 09:45:54,400 | INFO | watchfiles.main | 1 change detected
2026-07-08 09:45:54,810 | INFO | watchfiles.main | 1 change detected
2026-07-08 09:45:55,215 | INFO | watchfiles.main | 1 change detected
2026-07-08 09:45:55,619 | INFO | watchfiles.main | 1 change detected
2026-07-08 09:45:56,044 | INFO | watchfiles.main | 1 change detected
2026-07-08 09:45:56,455 | INFO | watchfiles.main | 1 change detected
2026-07-08 09:45:56,863 | INFO | watchfiles.main | 1 change detected
2026-07-08 09:45:57,278 | INFO | watchfiles.main | 1 change detected
2026-07-08 09:45:57,644 | INFO | watchfiles.main | 1 change detected
2026-07-08 09:45:58,060 | INFO | watchfiles.main | 1 change detected
2026-07-08 09:45:58,467 | INFO | watchfiles.main | 1 change detected
2026-07-08 09:45:58,873 | INFO | watchfiles.main | 1 change detected
2026-07-08 09:45:59,281 | INFO | watchfiles.main | 1 change detected
2026-07-08 09:45:59,689 | INFO | watchfiles.main | 1 change detected
2026-07-08 09:46:00,110 | INFO | watchfiles.main | 1 change detected
2026-07-08 09:46:00,512 | INFO | watchfiles.main | 1 change detected
2026-07-08 09:46:00,880 | INFO | watchfiles.main | 1 change detected
2026-07-08 09:46:01,335 | INFO | watchfiles.main | 1 change detected
2026-07-08 09:46:01,742 | INFO | watchfiles.main | 1 change detected
2026-07-08 09:46:02,149 | INFO | watchfiles.main | 1 change detected
2026-07-08 09:46:02,510 | INFO | watchfiles.main | 1 change detected
2026-07-08 09:46:02,920 | INFO | watchfiles.main | 1 change detected
2026-07-08 09:46:03,324 | INFO | watchfiles.main | 1 change detected
2026-07-08 09:46:03,736 | INFO | watchfiles.main | 1 change detected
2026-07-08 09:46:04,149 | INFO | watchfiles.main | 1 change detected
2026-07-08 09:46:04,557 | INFO | watchfiles.main | 1 change detected
2026-07-08 09:46:04,980 | INFO | watchfiles.main | 1 change detected
2026-07-08 09:46:05,388 | INFO | watchfiles.main | 1 change detected
2026-07-08 09:46:05,796 | INFO | watchfiles.main | 1 change detected
2026-07-08 09:46:06,203 | INFO | watchfiles.main | 1 change detected
2026-07-08 09:46:06,564 | INFO | watchfiles.main | 1 change detected
2026-07-08 09:46:06,981 | INFO | watchfiles.main | 1 change detected
2026-07-08 09:46:07,388 | INFO | watchfiles.main | 1 change detected
2026-07-08 09:46:07,794 | INFO | watchfiles.main | 1 change detected
2026-07-08 09:46:08,201 | INFO | watchfiles.main | 1 change detected
2026-07-08 09:46:08,616 | INFO | watchfiles.main | 1 change detected
2026-07-08 09:46:09,028 | INFO | watchfiles.main | 1 change detected
2026-07-08 09:46:09,443 | INFO | watchfiles.main | 1 change detected
2026-07-08 09:46:09,849 | INFO | watchfiles.main | 1 change detected
2026-07-08 09:46:10,257 | INFO | watchfiles.main | 1 change detected
2026-07-08 09:46:10,665 | INFO | watchfiles.main | 1 change detected
2026-07-08 09:46:11,027 | INFO | watchfiles.main | 1 change detected
2026-07-08 09:46:11,439 | INFO | watchfiles.main | 1 change detected
2026-07-08 09:46:11,850 | INFO | watchfiles.main | 1 change detected
2026-07-08 09:46:12,223 | INFO | watchfiles.main | 1 change detected
2026-07-08 09:46:12,631 | INFO | watchfiles.main | 1 change detected
2026-07-08 09:46:13,043 | INFO | watchfiles.main | 1 change detected
2026-07-08 09:46:13,453 | INFO | watchfiles.main | 1 change detected
2026-07-08 09:46:13,868 | INFO | watchfiles.main | 1 change detected
2026-07-08 09:46:14,278 | INFO | watchfiles.main | 1 change detected
2026-07-08 09:46:14,685 | INFO | watchfiles.main | 1 change detected
2026-07-08 09:46:15,099 | INFO | watchfiles.main | 1 change detected
2026-07-08 09:46:15,512 | INFO | watchfiles.main | 1 change detected
2026-07-08 09:46:15,918 | INFO | watchfiles.main | 1 change detected
2026-07-08 09:46:16,327 | INFO | watchfiles.main | 1 change detected
2026-07-08 09:46:16,686 | INFO | watchfiles.main | 1 change detected
2026-07-08 09:46:17,102 | INFO | watchfiles.main | 1 change detected
2026-07-08 09:46:17,508 | INFO | watchfiles.main | 1 change detected
2026-07-08 09:46:17,917 | INFO | watchfiles.main | 1 change detected
2026-07-08 09:46:18,321 | INFO | watchfiles.main | 1 change detected
2026-07-08 09:46:18,742 | INFO | watchfiles.main | 1 change detected
2026-07-08 09:46:19,104 | INFO | watchfiles.main | 1 change detected
2026-07-08 09:46:19,514 | INFO | watchfiles.main | 1 change detected
2026-07-08 09:46:19,923 | INFO | watchfiles.main | 1 change detected
2026-07-08 09:46:20,328 | INFO | watchfiles.main | 1 change detected
2026-07-08 09:46:20,693 | INFO | watchfiles.main | 1 change detected
2026-07-08 09:46:21,105 | INFO | watchfiles.main | 1 change detected
2026-07-08 09:46:21,517 | INFO | watchfiles.main | 1 change detected
2026-07-08 09:46:21,936 | INFO | watchfiles.main | 1 change detected
2026-07-08 09:46:22,344 | INFO | watchfiles.main | 1 change detected
2026-07-08 09:46:22,749 | INFO | watchfiles.main | 1 change detected
2026-07-08 09:46:23,162 | INFO | watchfiles.main | 1 change detected
2026-07-08 09:46:23,578 | INFO | watchfiles.main | 1 change detected
2026-07-08 09:46:23,940 | INFO | watchfiles.main | 1 change detected
2026-07-08 09:46:24,357 | INFO | watchfiles.main | 1 change detected
2026-07-08 09:46:24,777 | INFO | watchfiles.main | 1 change detected
2026-07-08 09:46:25,190 | INFO | watchfiles.main | 1 change detected
2026-07-08 09:46:25,556 | INFO | watchfiles.main | 1 change detected
2026-07-08 09:46:25,966 | INFO | watchfiles.main | 1 change detected
2026-07-08 09:46:26,383 | INFO | watchfiles.main | 1 change detected
2026-07-08 09:46:26,793 | INFO | watchfiles.main | 1 change detected
2026-07-08 09:46:27,209 | INFO | watchfiles.main | 1 change detected
2026-07-08 09:46:27,618 | INFO | watchfiles.main | 1 change detected
2026-07-08 09:46:28,020 | INFO | watchfiles.main | 1 change detected
2026-07-08 09:46:28,428 | INFO | watchfiles.main | 1 change detected
2026-07-08 09:46:28,841 | INFO | watchfiles.main | 1 change detected
2026-07-08 09:46:29,251 | INFO | watchfiles.main | 1 change detected
2026-07-08 09:46:29,662 | INFO | watchfiles.main | 1 change detected
2026-07-08 09:46:30,076 | INFO | watchfiles.main | 1 change detected
2026-07-08 09:46:30,500 | INFO | watchfiles.main | 1 change detected
2026-07-08 09:46:30,905 | INFO | watchfiles.main | 1 change detected
2026-07-08 09:46:31,322 | INFO | watchfiles.main | 1 change detected
2026-07-08 09:46:31,732 | INFO | watchfiles.main | 1 change detected
2026-07-08 09:46:32,134 | INFO | watchfiles.main | 1 change detected
2026-07-08 09:46:32,551 | INFO | watchfiles.main | 1 change detected
2026-07-08 09:46:32,920 | INFO | watchfiles.main | 1 change detected
2026-07-08 09:46:33,328 | INFO | watchfiles.main | 1 change detected
2026-07-08 09:46:33,733 | INFO | watchfiles.main | 1 change detected
2026-07-08 09:46:34,144 | INFO | watchfiles.main | 1 change detected
2026-07-08 09:46:34,558 | INFO | watchfiles.main | 1 change detected
2026-07-08 09:46:34,964 | INFO | watchfiles.main | 1 change detected
2026-07-08 09:46:35,381 | INFO | watchfiles.main | 1 change detected
2026-07-08 09:46:35,789 | INFO | watchfiles.main | 1 change detected
2026-07-08 09:46:36,199 | INFO | watchfiles.main | 1 change detected
2026-07-08 09:46:36,619 | INFO | watchfiles.main | 1 change detected
2026-07-08 09:46:36,983 | INFO | watchfiles.main | 1 change detected
2026-07-08 09:46:37,398 | INFO | watchfiles.main | 1 change detected
2026-07-08 09:46:37,821 | INFO | watchfiles.main | 1 change detected
2026-07-08 09:46:38,231 | INFO | watchfiles.main | 1 change detected
2026-07-08 09:46:38,639 | INFO | watchfiles.main | 1 change detected
2026-07-08 09:46:39,044 | INFO | watchfiles.main | 1 change detected
2026-07-08 09:46:39,455 | INFO | watchfiles.main | 1 change detected
2026-07-08 09:46:39,867 | INFO | watchfiles.main | 1 change detected
2026-07-08 09:46:40,270 | INFO | watchfiles.main | 1 change detected
2026-07-08 09:46:40,683 | INFO | watchfiles.main | 1 change detected
2026-07-08 09:46:41,091 | INFO | watchfiles.main | 1 change detected
2026-07-08 09:46:41,511 | INFO | watchfiles.main | 1 change detected
2026-07-08 09:46:41,919 | INFO | watchfiles.main | 1 change detected
2026-07-08 09:46:42,329 | INFO | watchfiles.main | 1 change detected
2026-07-08 09:46:42,734 | INFO | watchfiles.main | 1 change detected
2026-07-08 09:46:43,101 | INFO | watchfiles.main | 1 change detected
2026-07-08 09:46:43,515 | INFO | watchfiles.main | 1 change detected
2026-07-08 09:46:43,930 | INFO | watchfiles.main | 1 change detected
2026-07-08 09:46:44,286 | INFO | watchfiles.main | 1 change detected
2026-07-08 09:46:44,696 | INFO | watchfiles.main | 1 change detected
2026-07-08 09:46:45,107 | INFO | watchfiles.main | 1 change detected
2026-07-08 09:46:45,516 | INFO | watchfiles.main | 1 change detected
2026-07-08 09:46:45,923 | INFO | watchfiles.main | 1 change detected
2026-07-08 09:46:46,383 | INFO | watchfiles.main | 1 change detected
2026-07-08 09:46:46,744 | INFO | watchfiles.main | 1 change detected
2026-07-08 09:46:47,151 | INFO | watchfiles.main | 1 change detected
2026-07-08 09:46:47,555 | INFO | watchfiles.main | 1 change detected
2026-07-08 09:46:47,959 | INFO | watchfiles.main | 1 change detected
2026-07-08 09:46:48,367 | INFO | watchfiles.main | 1 change detected
2026-07-08 09:46:48,704 | INFO | lmsguard.requests | GET /platform/notifications -> 200 3.81ms
2026-07-08 09:46:48,776 | INFO | watchfiles.main | 1 change detected
2026-07-08 09:46:49,144 | INFO | watchfiles.main | 1 change detected
2026-07-08 09:47:49,016 | INFO | lmsguard.requests | GET /platform/notifications -> 200 5.14ms
2026-07-08 09:47:49,094 | INFO | watchfiles.main | 1 change detected
2026-07-08 09:47:49,461 | INFO | watchfiles.main | 1 change detected
2026-07-08 09:47:49,818 | INFO | watchfiles.main | 1 change detected
2026-07-08 09:47:50,276 | INFO | watchfiles.main | 1 change detected
2026-07-08 09:47:50,680 | INFO | watchfiles.main | 1 change detected
2026-07-08 09:47:51,095 | INFO | watchfiles.main | 1 change detected
2026-07-08 09:47:51,513 | INFO | watchfiles.main | 1 change detected
2026-07-08 09:47:51,879 | INFO | watchfiles.main | 1 change detected
2026-07-08 09:47:52,347 | INFO | watchfiles.main | 1 change detected
2026-07-08 09:47:52,757 | INFO | watchfiles.main | 1 change detected
2026-07-08 09:47:53,163 | INFO | watchfiles.main | 1 change detected
2026-07-08 09:47:53,580 | INFO | watchfiles.main | 1 change detected
2026-07-08 09:47:53,940 | INFO | watchfiles.main | 1 change detected
2026-07-08 09:47:54,352 | INFO | watchfiles.main | 1 change detected
2026-07-08 09:47:54,768 | INFO | watchfiles.main | 1 change detected
2026-07-08 09:47:55,187 | INFO | watchfiles.main | 1 change detected
2026-07-08 09:47:55,602 | INFO | watchfiles.main | 1 change detected
2026-07-08 09:47:56,008 | INFO | watchfiles.main | 1 change detected
2026-07-08 09:47:56,416 | INFO | watchfiles.main | 1 change detected
2026-07-08 09:47:56,822 | INFO | watchfiles.main | 1 change detected
2026-07-08 09:47:57,235 | INFO | watchfiles.main | 1 change detected
2026-07-08 09:47:57,649 | INFO | watchfiles.main | 1 change detected
2026-07-08 09:47:58,061 | INFO | watchfiles.main | 1 change detected
2026-07-08 09:47:58,473 | INFO | watchfiles.main | 1 change detected
2026-07-08 09:47:58,829 | INFO | watchfiles.main | 1 change detected
2026-07-08 09:47:59,242 | INFO | watchfiles.main | 1 change detected
2026-07-08 09:47:59,657 | INFO | watchfiles.main | 1 change detected
2026-07-08 09:48:00,063 | INFO | watchfiles.main | 1 change detected
2026-07-08 09:48:00,469 | INFO | watchfiles.main | 1 change detected
2026-07-08 09:48:00,834 | INFO | watchfiles.main | 1 change detected
2026-07-08 09:48:01,243 | INFO | watchfiles.main | 1 change detected
2026-07-08 09:48:01,647 | INFO | watchfiles.main | 1 change detected
2026-07-08 09:48:02,060 | INFO | watchfiles.main | 1 change detected
2026-07-08 09:48:02,463 | INFO | watchfiles.main | 1 change detected
2026-07-08 09:48:02,866 | INFO | watchfiles.main | 1 change detected
2026-07-08 09:48:03,277 | INFO | watchfiles.main | 1 change detected
2026-07-08 09:48:03,682 | INFO | watchfiles.main | 1 change detected
2026-07-08 09:48:04,095 | INFO | watchfiles.main | 1 change detected
2026-07-08 09:48:04,504 | INFO | watchfiles.main | 1 change detected
2026-07-08 09:48:04,914 | INFO | watchfiles.main | 1 change detected
2026-07-08 09:48:05,320 | INFO | watchfiles.main | 1 change detected
2026-07-08 09:48:05,730 | INFO | watchfiles.main | 1 change detected
2026-07-08 09:48:06,140 | INFO | watchfiles.main | 1 change detected
2026-07-08 09:48:06,543 | INFO | watchfiles.main | 1 change detected
2026-07-08 09:48:06,948 | INFO | watchfiles.main | 1 change detected
2026-07-08 09:48:07,353 | INFO | watchfiles.main | 1 change detected
2026-07-08 09:48:07,818 | INFO | watchfiles.main | 1 change detected
2026-07-08 09:48:08,224 | INFO | watchfiles.main | 1 change detected
2026-07-08 09:48:08,644 | INFO | watchfiles.main | 1 change detected
2026-07-08 09:48:09,053 | INFO | watchfiles.main | 1 change detected
2026-07-08 09:48:09,460 | INFO | watchfiles.main | 1 change detected
2026-07-08 09:48:09,865 | INFO | watchfiles.main | 1 change detected
2026-07-08 09:48:10,280 | INFO | watchfiles.main | 1 change detected
2026-07-08 09:48:10,686 | INFO | watchfiles.main | 1 change detected
2026-07-08 09:48:11,089 | INFO | watchfiles.main | 1 change detected
2026-07-08 09:48:11,497 | INFO | watchfiles.main | 1 change detected
2026-07-08 09:48:11,899 | INFO | watchfiles.main | 1 change detected
2026-07-08 09:48:12,309 | INFO | watchfiles.main | 1 change detected
2026-07-08 09:48:12,714 | INFO | watchfiles.main | 1 change detected
2026-07-08 09:48:13,117 | INFO | watchfiles.main | 1 change detected
2026-07-08 09:48:13,530 | INFO | watchfiles.main | 1 change detected
2026-07-08 09:48:13,883 | INFO | watchfiles.main | 1 change detected
2026-07-08 09:48:14,287 | INFO | watchfiles.main | 1 change detected
2026-07-08 09:48:14,713 | INFO | watchfiles.main | 1 change detected
2026-07-08 09:48:15,122 | INFO | watchfiles.main | 1 change detected
2026-07-08 09:48:15,486 | INFO | watchfiles.main | 1 change detected
2026-07-08 09:48:15,900 | INFO | watchfiles.main | 1 change detected
2026-07-08 09:48:16,309 | INFO | watchfiles.main | 1 change detected
2026-07-08 09:48:16,727 | INFO | watchfiles.main | 1 change detected
2026-07-08 09:48:17,143 | INFO | watchfiles.main | 1 change detected
2026-07-08 09:48:17,511 | INFO | watchfiles.main | 1 change detected
2026-07-08 09:48:17,917 | INFO | watchfiles.main | 1 change detected
2026-07-08 09:48:18,326 | INFO | watchfiles.main | 1 change detected
2026-07-08 09:48:18,785 | INFO | watchfiles.main | 1 change detected
2026-07-08 09:48:19,151 | INFO | watchfiles.main | 1 change detected
2026-07-08 09:48:19,562 | INFO | watchfiles.main | 1 change detected
2026-07-08 09:48:19,975 | INFO | watchfiles.main | 1 change detected
2026-07-08 09:48:20,390 | INFO | watchfiles.main | 1 change detected
2026-07-08 09:48:20,805 | INFO | watchfiles.main | 1 change detected
2026-07-08 09:48:21,178 | INFO | watchfiles.main | 1 change detected
2026-07-08 09:48:21,635 | INFO | watchfiles.main | 1 change detected
2026-07-08 09:48:22,041 | INFO | watchfiles.main | 1 change detected
2026-07-08 09:48:22,458 | INFO | watchfiles.main | 1 change detected
2026-07-08 09:48:22,866 | INFO | watchfiles.main | 1 change detected
2026-07-08 09:48:23,281 | INFO | watchfiles.main | 1 change detected
2026-07-08 09:48:23,686 | INFO | watchfiles.main | 1 change detected
2026-07-08 09:48:24,095 | INFO | watchfiles.main | 1 change detected
2026-07-08 09:48:24,502 | INFO | watchfiles.main | 1 change detected
2026-07-08 09:48:24,906 | INFO | watchfiles.main | 1 change detected
2026-07-08 09:48:25,314 | INFO | watchfiles.main | 1 change detected
2026-07-08 09:48:25,681 | INFO | watchfiles.main | 1 change detected
2026-07-08 09:48:26,092 | INFO | watchfiles.main | 1 change detected
2026-07-08 09:48:26,512 | INFO | watchfiles.main | 1 change detected
2026-07-08 09:48:26,929 | INFO | watchfiles.main | 1 change detected
2026-07-08 09:48:27,290 | INFO | watchfiles.main | 1 change detected
2026-07-08 09:48:27,698 | INFO | watchfiles.main | 1 change detected
2026-07-08 09:48:28,159 | INFO | watchfiles.main | 1 change detected
2026-07-08 09:48:28,525 | INFO | watchfiles.main | 1 change detected
2026-07-08 09:48:28,932 | INFO | watchfiles.main | 1 change detected
2026-07-08 09:48:29,339 | INFO | watchfiles.main | 1 change detected
2026-07-08 09:48:29,748 | INFO | watchfiles.main | 1 change detected
2026-07-08 09:48:30,164 | INFO | watchfiles.main | 1 change detected
2026-07-08 09:48:30,577 | INFO | watchfiles.main | 1 change detected
2026-07-08 09:48:30,990 | INFO | watchfiles.main | 1 change detected
2026-07-08 09:48:31,354 | INFO | watchfiles.main | 1 change detected
2026-07-08 09:48:31,762 | INFO | watchfiles.main | 1 change detected
2026-07-08 09:48:32,179 | INFO | watchfiles.main | 1 change detected
2026-07-08 09:48:32,589 | INFO | watchfiles.main | 1 change detected
2026-07-08 09:48:32,961 | INFO | watchfiles.main | 1 change detected
2026-07-08 09:48:33,377 | INFO | watchfiles.main | 1 change detected
2026-07-08 09:48:33,792 | INFO | watchfiles.main | 1 change detected
2026-07-08 09:48:34,208 | INFO | watchfiles.main | 1 change detected
2026-07-08 09:48:34,584 | INFO | watchfiles.main | 1 change detected
2026-07-08 09:48:35,042 | INFO | watchfiles.main | 1 change detected
2026-07-08 09:48:35,447 | INFO | watchfiles.main | 1 change detected
2026-07-08 09:48:35,852 | INFO | watchfiles.main | 1 change detected
2026-07-08 09:48:36,257 | INFO | watchfiles.main | 1 change detected
2026-07-08 09:48:36,632 | INFO | watchfiles.main | 1 change detected
2026-07-08 09:48:37,040 | INFO | watchfiles.main | 1 change detected
2026-07-08 09:48:37,444 | INFO | watchfiles.main | 1 change detected
2026-07-08 09:48:37,847 | INFO | watchfiles.main | 1 change detected
2026-07-08 09:48:38,265 | INFO | watchfiles.main | 1 change detected
2026-07-08 09:48:38,620 | INFO | watchfiles.main | 1 change detected
2026-07-08 09:48:39,027 | INFO | watchfiles.main | 1 change detected
2026-07-08 09:48:39,482 | INFO | watchfiles.main | 1 change detected
2026-07-08 09:48:39,836 | INFO | watchfiles.main | 1 change detected
2026-07-08 09:48:40,294 | INFO | watchfiles.main | 1 change detected
2026-07-08 09:48:40,652 | INFO | watchfiles.main | 1 change detected
2026-07-08 09:48:41,070 | INFO | watchfiles.main | 1 change detected
2026-07-08 09:48:41,431 | INFO | watchfiles.main | 1 change detected
2026-07-08 09:48:41,839 | INFO | watchfiles.main | 1 change detected
2026-07-08 09:48:42,297 | INFO | watchfiles.main | 1 change detected
2026-07-08 09:48:42,660 | INFO | watchfiles.main | 1 change detected
2026-07-08 09:48:43,076 | INFO | watchfiles.main | 1 change detected
2026-07-08 09:48:43,483 | INFO | watchfiles.main | 1 change detected
2026-07-08 09:48:43,886 | INFO | watchfiles.main | 1 change detected
2026-07-08 09:48:44,297 | INFO | watchfiles.main | 1 change detected
2026-07-08 09:48:44,706 | INFO | watchfiles.main | 1 change detected
2026-07-08 09:48:45,115 | INFO | watchfiles.main | 1 change detected
2026-07-08 09:48:45,523 | INFO | watchfiles.main | 1 change detected
2026-07-08 09:48:45,938 | INFO | watchfiles.main | 1 change detected
2026-07-08 09:48:46,350 | INFO | watchfiles.main | 1 change detected
2026-07-08 09:48:46,756 | INFO | watchfiles.main | 1 change detected
2026-07-08 09:48:47,160 | INFO | watchfiles.main | 1 change detected
2026-07-08 09:48:47,565 | INFO | watchfiles.main | 1 change detected
2026-07-08 09:48:47,985 | INFO | watchfiles.main | 1 change detected
2026-07-08 09:48:48,388 | INFO | watchfiles.main | 1 change detected
2026-07-08 09:48:48,707 | INFO | lmsguard.requests | GET /platform/notifications -> 200 4.36ms
2026-07-08 09:48:48,796 | INFO | watchfiles.main | 1 change detected
2026-07-08 09:48:49,212 | INFO | watchfiles.main | 1 change detected
2026-07-08 09:48:49,625 | INFO | watchfiles.main | 1 change detected
2026-07-08 09:48:49,986 | INFO | watchfiles.main | 1 change detected
2026-07-08 09:48:50,441 | INFO | watchfiles.main | 1 change detected
2026-07-08 09:48:50,806 | INFO | watchfiles.main | 1 change detected
2026-07-08 09:48:51,214 | INFO | watchfiles.main | 1 change detected
2026-07-08 09:48:51,619 | INFO | watchfiles.main | 1 change detected
2026-07-08 09:48:52,034 | INFO | watchfiles.main | 1 change detected
2026-07-08 09:48:52,447 | INFO | watchfiles.main | 1 change detected
2026-07-08 09:48:52,853 | INFO | watchfiles.main | 1 change detected
2026-07-08 09:48:53,269 | INFO | watchfiles.main | 1 change detected
2026-07-08 09:48:53,675 | INFO | watchfiles.main | 1 change detected
2026-07-08 09:48:54,085 | INFO | watchfiles.main | 1 change detected
2026-07-08 09:48:54,497 | INFO | watchfiles.main | 1 change detected
2026-07-08 09:48:54,914 | INFO | watchfiles.main | 1 change detected
2026-07-08 09:48:55,323 | INFO | watchfiles.main | 1 change detected
2026-07-08 09:48:55,726 | INFO | watchfiles.main | 1 change detected
2026-07-08 09:48:56,138 | INFO | watchfiles.main | 1 change detected
2026-07-08 09:48:56,505 | INFO | watchfiles.main | 1 change detected
2026-07-08 09:48:56,922 | INFO | watchfiles.main | 1 change detected
2026-07-08 09:48:57,326 | INFO | watchfiles.main | 1 change detected
2026-07-08 09:48:57,743 | INFO | watchfiles.main | 1 change detected
2026-07-08 09:48:58,165 | INFO | watchfiles.main | 1 change detected
2026-07-08 09:48:58,574 | INFO | watchfiles.main | 1 change detected
2026-07-08 09:48:58,983 | INFO | watchfiles.main | 1 change detected
2026-07-08 09:48:59,399 | INFO | watchfiles.main | 1 change detected
2026-07-08 09:48:59,761 | INFO | watchfiles.main | 1 change detected
2026-07-08 09:49:00,170 | INFO | watchfiles.main | 1 change detected
2026-07-08 09:49:00,589 | INFO | watchfiles.main | 1 change detected
2026-07-08 09:49:00,964 | INFO | watchfiles.main | 1 change detected
2026-07-08 09:49:01,382 | INFO | watchfiles.main | 1 change detected
2026-07-08 09:49:01,805 | INFO | watchfiles.main | 1 change detected
2026-07-08 09:49:02,165 | INFO | watchfiles.main | 1 change detected
2026-07-08 09:49:02,570 | INFO | watchfiles.main | 1 change detected
2026-07-08 09:49:02,985 | INFO | watchfiles.main | 1 change detected
2026-07-08 09:49:03,393 | INFO | watchfiles.main | 1 change detected
2026-07-08 09:49:03,811 | INFO | watchfiles.main | 1 change detected
2026-07-08 09:49:04,167 | INFO | watchfiles.main | 1 change detected
2026-07-08 09:49:04,590 | INFO | watchfiles.main | 1 change detected
2026-07-08 09:49:04,994 | INFO | watchfiles.main | 1 change detected
2026-07-08 09:49:05,404 | INFO | watchfiles.main | 1 change detected
2026-07-08 09:49:05,814 | INFO | watchfiles.main | 1 change detected
2026-07-08 09:49:06,179 | INFO | watchfiles.main | 1 change detected
2026-07-08 09:49:06,589 | INFO | watchfiles.main | 1 change detected
2026-07-08 09:49:06,994 | INFO | watchfiles.main | 1 change detected
2026-07-08 09:49:07,396 | INFO | watchfiles.main | 1 change detected
2026-07-08 09:49:07,806 | INFO | watchfiles.main | 1 change detected
2026-07-08 09:49:08,220 | INFO | watchfiles.main | 1 change detected
2026-07-08 09:49:08,637 | INFO | watchfiles.main | 1 change detected
2026-07-08 09:49:09,044 | INFO | watchfiles.main | 1 change detected
2026-07-08 09:49:09,454 | INFO | watchfiles.main | 1 change detected
2026-07-08 09:49:09,859 | INFO | watchfiles.main | 1 change detected
2026-07-08 09:49:10,313 | INFO | watchfiles.main | 1 change detected
2026-07-08 09:49:10,721 | INFO | watchfiles.main | 1 change detected
2026-07-08 09:49:11,131 | INFO | watchfiles.main | 1 change detected
2026-07-08 09:49:11,543 | INFO | watchfiles.main | 1 change detected
2026-07-08 09:49:11,948 | INFO | watchfiles.main | 1 change detected
2026-07-08 09:49:12,303 | INFO | watchfiles.main | 1 change detected
2026-07-08 09:49:12,711 | INFO | watchfiles.main | 1 change detected
2026-07-08 09:49:13,118 | INFO | watchfiles.main | 1 change detected
2026-07-08 09:49:13,523 | INFO | watchfiles.main | 1 change detected
2026-07-08 09:49:13,930 | INFO | watchfiles.main | 1 change detected
2026-07-08 09:49:14,354 | INFO | watchfiles.main | 1 change detected
2026-07-08 09:49:14,766 | INFO | watchfiles.main | 1 change detected
2026-07-08 09:49:15,181 | INFO | watchfiles.main | 1 change detected
2026-07-08 09:49:15,587 | INFO | watchfiles.main | 1 change detected
2026-07-08 09:49:15,993 | INFO | watchfiles.main | 1 change detected
2026-07-08 09:49:16,396 | INFO | watchfiles.main | 1 change detected
2026-07-08 09:49:16,799 | INFO | watchfiles.main | 1 change detected
2026-07-08 09:49:17,205 | INFO | watchfiles.main | 1 change detected
2026-07-08 09:49:17,619 | INFO | watchfiles.main | 1 change detected
2026-07-08 09:49:18,031 | INFO | watchfiles.main | 1 change detected
2026-07-08 09:49:18,450 | INFO | watchfiles.main | 1 change detected
2026-07-08 09:49:18,817 | INFO | watchfiles.main | 1 change detected
2026-07-08 09:49:19,233 | INFO | watchfiles.main | 1 change detected
2026-07-08 09:49:19,652 | INFO | watchfiles.main | 1 change detected
2026-07-08 09:49:20,060 | INFO | watchfiles.main | 1 change detected
2026-07-08 09:49:20,465 | INFO | watchfiles.main | 1 change detected
2026-07-08 09:49:20,869 | INFO | watchfiles.main | 1 change detected
2026-07-08 09:49:21,238 | INFO | watchfiles.main | 1 change detected
2026-07-08 09:49:21,692 | INFO | watchfiles.main | 1 change detected
2026-07-08 09:49:22,058 | INFO | watchfiles.main | 1 change detected
2026-07-08 09:49:22,477 | INFO | watchfiles.main | 1 change detected
2026-07-08 09:49:22,888 | INFO | watchfiles.main | 1 change detected
2026-07-08 09:49:23,255 | INFO | watchfiles.main | 1 change detected
2026-07-08 09:49:23,662 | INFO | watchfiles.main | 1 change detected
2026-07-08 09:49:24,071 | INFO | watchfiles.main | 1 change detected
2026-07-08 09:49:24,483 | INFO | watchfiles.main | 1 change detected
2026-07-08 09:49:24,903 | INFO | watchfiles.main | 1 change detected
2026-07-08 09:49:25,308 | INFO | watchfiles.main | 1 change detected
2026-07-08 09:49:25,714 | INFO | watchfiles.main | 1 change detected
2026-07-08 09:49:26,121 | INFO | watchfiles.main | 1 change detected
2026-07-08 09:49:26,527 | INFO | watchfiles.main | 1 change detected
2026-07-08 09:49:26,938 | INFO | watchfiles.main | 1 change detected
2026-07-08 09:49:27,354 | INFO | watchfiles.main | 1 change detected
2026-07-08 09:49:27,764 | INFO | watchfiles.main | 1 change detected
2026-07-08 09:49:28,169 | INFO | watchfiles.main | 1 change detected
2026-07-08 09:49:28,588 | INFO | watchfiles.main | 1 change detected
2026-07-08 09:49:28,991 | INFO | watchfiles.main | 1 change detected
2026-07-08 09:49:29,402 | INFO | watchfiles.main | 1 change detected
2026-07-08 09:49:29,813 | INFO | watchfiles.main | 1 change detected
2026-07-08 09:49:30,223 | INFO | watchfiles.main | 1 change detected
2026-07-08 09:49:30,638 | INFO | watchfiles.main | 1 change detected
2026-07-08 09:49:31,004 | INFO | watchfiles.main | 1 change detected
2026-07-08 09:49:31,422 | INFO | watchfiles.main | 1 change detected
2026-07-08 09:49:31,842 | INFO | watchfiles.main | 1 change detected
2026-07-08 09:49:32,247 | INFO | watchfiles.main | 1 change detected
2026-07-08 09:49:32,652 | INFO | watchfiles.main | 1 change detected
2026-07-08 09:49:33,057 | INFO | watchfiles.main | 1 change detected
2026-07-08 09:49:33,462 | INFO | watchfiles.main | 1 change detected
2026-07-08 09:49:33,877 | INFO | watchfiles.main | 1 change detected
2026-07-08 09:49:34,290 | INFO | watchfiles.main | 1 change detected
2026-07-08 09:49:34,701 | INFO | watchfiles.main | 1 change detected
2026-07-08 09:49:35,111 | INFO | watchfiles.main | 1 change detected
2026-07-08 09:49:35,517 | INFO | watchfiles.main | 1 change detected
2026-07-08 09:49:35,932 | INFO | watchfiles.main | 1 change detected
2026-07-08 09:49:36,301 | INFO | watchfiles.main | 1 change detected
2026-07-08 09:49:36,710 | INFO | watchfiles.main | 1 change detected
2026-07-08 09:49:37,128 | INFO | watchfiles.main | 1 change detected
2026-07-08 09:49:37,585 | INFO | watchfiles.main | 1 change detected
2026-07-08 09:49:37,995 | INFO | watchfiles.main | 1 change detected
2026-07-08 09:49:38,398 | INFO | watchfiles.main | 1 change detected
2026-07-08 09:49:38,756 | INFO | watchfiles.main | 1 change detected
2026-07-08 09:49:39,170 | INFO | watchfiles.main | 1 change detected
2026-07-08 09:49:39,589 | INFO | watchfiles.main | 1 change detected
2026-07-08 09:49:39,955 | INFO | watchfiles.main | 1 change detected
2026-07-08 09:49:40,370 | INFO | watchfiles.main | 1 change detected
2026-07-08 09:49:40,787 | INFO | watchfiles.main | 1 change detected
2026-07-08 09:49:41,162 | INFO | watchfiles.main | 1 change detected
2026-07-08 09:49:41,573 | INFO | watchfiles.main | 1 change detected
2026-07-08 09:49:41,983 | INFO | watchfiles.main | 1 change detected
2026-07-08 09:49:42,397 | INFO | watchfiles.main | 1 change detected
2026-07-08 09:49:42,802 | INFO | watchfiles.main | 1 change detected
2026-07-08 09:49:43,212 | INFO | watchfiles.main | 1 change detected
2026-07-08 09:49:43,625 | INFO | watchfiles.main | 1 change detected
2026-07-08 09:49:44,038 | INFO | watchfiles.main | 1 change detected
2026-07-08 09:49:44,445 | INFO | watchfiles.main | 1 change detected
2026-07-08 09:49:44,860 | INFO | watchfiles.main | 1 change detected
2026-07-08 09:49:45,275 | INFO | watchfiles.main | 1 change detected
2026-07-08 09:49:45,681 | INFO | watchfiles.main | 1 change detected
2026-07-08 09:49:46,033 | INFO | watchfiles.main | 1 change detected
2026-07-08 09:49:46,444 | INFO | watchfiles.main | 1 change detected
2026-07-08 09:49:46,868 | INFO | watchfiles.main | 1 change detected
2026-07-08 09:49:47,281 | INFO | watchfiles.main | 1 change detected
2026-07-08 09:49:47,685 | INFO | watchfiles.main | 1 change detected
2026-07-08 09:49:48,109 | INFO | watchfiles.main | 1 change detected
2026-07-08 09:49:48,475 | INFO | watchfiles.main | 1 change detected
2026-07-08 09:49:48,882 | INFO | watchfiles.main | 1 change detected
2026-07-08 09:49:49,035 | INFO | lmsguard.requests | GET /platform/notifications -> 200 11.29ms
2026-07-08 09:49:49,252 | INFO | watchfiles.main | 1 change detected
2026-07-08 09:49:49,608 | INFO | watchfiles.main | 1 change detected
2026-07-08 09:49:49,965 | INFO | watchfiles.main | 1 change detected
2026-07-08 09:49:50,324 | INFO | watchfiles.main | 1 change detected
2026-07-08 09:49:50,728 | INFO | watchfiles.main | 1 change detected
2026-07-08 09:49:51,183 | INFO | watchfiles.main | 1 change detected
2026-07-08 09:49:51,601 | INFO | watchfiles.main | 1 change detected
2026-07-08 09:49:51,958 | INFO | watchfiles.main | 1 change detected
2026-07-08 09:49:52,368 | INFO | watchfiles.main | 1 change detected
2026-07-08 09:49:52,777 | INFO | watchfiles.main | 1 change detected
2026-07-08 09:49:53,196 | INFO | watchfiles.main | 1 change detected
2026-07-08 09:49:53,606 | INFO | watchfiles.main | 1 change detected
2026-07-08 09:49:54,013 | INFO | watchfiles.main | 1 change detected
2026-07-08 09:49:54,421 | INFO | watchfiles.main | 1 change detected
2026-07-08 09:49:54,825 | INFO | watchfiles.main | 1 change detected
2026-07-08 09:49:55,233 | INFO | watchfiles.main | 1 change detected
2026-07-08 09:49:55,600 | INFO | watchfiles.main | 1 change detected
2026-07-08 09:49:56,015 | INFO | watchfiles.main | 1 change detected
2026-07-08 09:49:56,471 | INFO | watchfiles.main | 1 change detected
2026-07-08 09:49:56,884 | INFO | watchfiles.main | 1 change detected
2026-07-08 09:49:57,289 | INFO | watchfiles.main | 1 change detected
2026-07-08 09:49:57,656 | INFO | watchfiles.main | 1 change detected
2026-07-08 09:49:58,112 | INFO | watchfiles.main | 1 change detected
2026-07-08 09:49:58,516 | INFO | watchfiles.main | 1 change detected
2026-07-08 09:49:58,883 | INFO | watchfiles.main | 1 change detected
2026-07-08 09:49:59,293 | INFO | watchfiles.main | 1 change detected
2026-07-08 09:49:59,699 | INFO | watchfiles.main | 1 change detected
2026-07-08 09:50:00,116 | INFO | watchfiles.main | 1 change detected
2026-07-08 09:50:00,529 | INFO | watchfiles.main | 1 change detected
2026-07-08 09:50:00,883 | INFO | watchfiles.main | 1 change detected
2026-07-08 09:50:01,340 | INFO | watchfiles.main | 1 change detected
2026-07-08 09:50:01,707 | INFO | watchfiles.main | 1 change detected
2026-07-08 09:50:02,120 | INFO | watchfiles.main | 1 change detected
2026-07-08 09:50:02,536 | INFO | watchfiles.main | 1 change detected
2026-07-08 09:50:02,952 | INFO | watchfiles.main | 1 change detected
2026-07-08 09:50:03,318 | INFO | watchfiles.main | 1 change detected
2026-07-08 09:50:03,733 | INFO | watchfiles.main | 1 change detected
2026-07-08 09:50:04,148 | INFO | watchfiles.main | 1 change detected
2026-07-08 09:50:04,506 | INFO | watchfiles.main | 1 change detected
2026-07-08 09:50:04,917 | INFO | watchfiles.main | 1 change detected
2026-07-08 09:50:05,326 | INFO | watchfiles.main | 1 change detected
2026-07-08 09:50:05,732 | INFO | watchfiles.main | 1 change detected
2026-07-08 09:50:06,139 | INFO | watchfiles.main | 1 change detected
2026-07-08 09:50:06,596 | INFO | watchfiles.main | 1 change detected
2026-07-08 09:50:06,957 | INFO | watchfiles.main | 1 change detected
2026-07-08 09:50:07,371 | INFO | watchfiles.main | 1 change detected
2026-07-08 09:50:07,781 | INFO | watchfiles.main | 1 change detected
2026-07-08 09:50:08,198 | INFO | watchfiles.main | 1 change detected
2026-07-08 09:50:08,605 | INFO | watchfiles.main | 1 change detected
2026-07-08 09:50:09,008 | INFO | watchfiles.main | 1 change detected
2026-07-08 09:50:09,424 | INFO | watchfiles.main | 1 change detected
2026-07-08 09:50:09,791 | INFO | watchfiles.main | 1 change detected
2026-07-08 09:50:10,246 | INFO | watchfiles.main | 1 change detected
2026-07-08 09:50:10,653 | INFO | watchfiles.main | 1 change detected
2026-07-08 09:50:11,063 | INFO | watchfiles.main | 1 change detected
2026-07-08 09:50:11,470 | INFO | watchfiles.main | 1 change detected
2026-07-08 09:50:11,838 | INFO | watchfiles.main | 1 change detected
2026-07-08 09:50:12,259 | INFO | watchfiles.main | 1 change detected
2026-07-08 09:50:12,663 | INFO | watchfiles.main | 1 change detected
2026-07-08 09:50:13,081 | INFO | watchfiles.main | 1 change detected
2026-07-08 09:50:13,445 | INFO | watchfiles.main | 1 change detected
2026-07-08 09:50:13,857 | INFO | watchfiles.main | 1 change detected
2026-07-08 09:50:14,263 | INFO | watchfiles.main | 1 change detected
2026-07-08 09:50:14,679 | INFO | watchfiles.main | 1 change detected
2026-07-08 09:50:15,093 | INFO | watchfiles.main | 1 change detected
2026-07-08 09:50:15,499 | INFO | watchfiles.main | 1 change detected
2026-07-08 09:50:15,909 | INFO | watchfiles.main | 1 change detected
2026-07-08 09:50:16,322 | INFO | watchfiles.main | 1 change detected
2026-07-08 09:50:16,732 | INFO | watchfiles.main | 1 change detected
2026-07-08 09:50:17,096 | INFO | watchfiles.main | 1 change detected
2026-07-08 09:50:17,506 | INFO | watchfiles.main | 1 change detected
2026-07-08 09:50:17,912 | INFO | watchfiles.main | 1 change detected
2026-07-08 09:50:18,321 | INFO | watchfiles.main | 1 change detected
2026-07-08 09:50:18,733 | INFO | watchfiles.main | 1 change detected
2026-07-08 09:50:19,136 | INFO | watchfiles.main | 1 change detected
2026-07-08 09:50:19,553 | INFO | watchfiles.main | 1 change detected
2026-07-08 09:50:19,968 | INFO | watchfiles.main | 1 change detected
2026-07-08 09:50:20,334 | INFO | watchfiles.main | 1 change detected
2026-07-08 09:50:20,739 | INFO | watchfiles.main | 1 change detected
2026-07-08 09:50:21,155 | INFO | watchfiles.main | 1 change detected
2026-07-08 09:50:21,566 | INFO | watchfiles.main | 1 change detected
2026-07-08 09:50:21,972 | INFO | watchfiles.main | 1 change detected
2026-07-08 09:50:22,380 | INFO | watchfiles.main | 1 change detected
2026-07-08 09:50:22,798 | INFO | watchfiles.main | 1 change detected
2026-07-08 09:50:23,215 | INFO | watchfiles.main | 1 change detected
2026-07-08 09:50:23,583 | INFO | watchfiles.main | 1 change detected
2026-07-08 09:50:23,994 | INFO | watchfiles.main | 1 change detected
2026-07-08 09:50:24,447 | INFO | watchfiles.main | 1 change detected
2026-07-08 09:50:24,856 | INFO | watchfiles.main | 1 change detected
2026-07-08 09:50:25,261 | INFO | watchfiles.main | 1 change detected
2026-07-08 09:50:25,724 | INFO | watchfiles.main | 1 change detected
2026-07-08 09:50:26,084 | INFO | watchfiles.main | 1 change detected
2026-07-08 09:50:26,502 | INFO | watchfiles.main | 1 change detected
2026-07-08 09:50:26,905 | INFO | watchfiles.main | 1 change detected
2026-07-08 09:50:27,272 | INFO | watchfiles.main | 1 change detected
2026-07-08 09:50:27,680 | INFO | watchfiles.main | 1 change detected
2026-07-08 09:50:28,086 | INFO | watchfiles.main | 1 change detected
2026-07-08 09:50:28,501 | INFO | watchfiles.main | 1 change detected
2026-07-08 09:50:28,916 | INFO | watchfiles.main | 1 change detected
2026-07-08 09:50:29,332 | INFO | watchfiles.main | 1 change detected
2026-07-08 09:50:29,750 | INFO | watchfiles.main | 1 change detected
2026-07-08 09:50:30,119 | INFO | watchfiles.main | 1 change detected
2026-07-08 09:50:30,532 | INFO | watchfiles.main | 1 change detected
2026-07-08 09:50:30,945 | INFO | watchfiles.main | 1 change detected
2026-07-08 09:50:31,356 | INFO | watchfiles.main | 1 change detected
2026-07-08 09:50:31,723 | INFO | watchfiles.main | 1 change detected
2026-07-08 09:50:32,132 | INFO | watchfiles.main | 1 change detected
2026-07-08 09:50:32,541 | INFO | watchfiles.main | 1 change detected
2026-07-08 09:50:32,900 | INFO | watchfiles.main | 1 change detected
2026-07-08 09:50:33,357 | INFO | watchfiles.main | 1 change detected
2026-07-08 09:50:33,725 | INFO | watchfiles.main | 1 change detected
2026-07-08 09:50:34,143 | INFO | watchfiles.main | 1 change detected
2026-07-08 09:50:34,545 | INFO | watchfiles.main | 1 change detected
2026-07-08 09:50:34,964 | INFO | watchfiles.main | 1 change detected
2026-07-08 09:50:35,369 | INFO | watchfiles.main | 1 change detected
2026-07-08 09:50:35,775 | INFO | watchfiles.main | 1 change detected
2026-07-08 09:50:36,191 | INFO | watchfiles.main | 1 change detected
2026-07-08 09:50:36,599 | INFO | watchfiles.main | 1 change detected
2026-07-08 09:50:37,015 | INFO | watchfiles.main | 1 change detected
2026-07-08 09:50:37,421 | INFO | watchfiles.main | 1 change detected
2026-07-08 09:50:37,777 | INFO | watchfiles.main | 1 change detected
2026-07-08 09:50:38,189 | INFO | watchfiles.main | 1 change detected
2026-07-08 09:50:38,599 | INFO | watchfiles.main | 1 change detected
2026-07-08 09:50:39,015 | INFO | watchfiles.main | 1 change detected
2026-07-08 09:50:39,431 | INFO | watchfiles.main | 1 change detected
2026-07-08 09:50:39,837 | INFO | watchfiles.main | 1 change detected
2026-07-08 09:50:40,240 | INFO | watchfiles.main | 1 change detected
2026-07-08 09:50:40,651 | INFO | watchfiles.main | 1 change detected
2026-07-08 09:50:41,059 | INFO | watchfiles.main | 1 change detected
2026-07-08 09:50:41,468 | INFO | watchfiles.main | 1 change detected
2026-07-08 09:50:41,875 | INFO | watchfiles.main | 1 change detected
2026-07-08 09:50:42,287 | INFO | watchfiles.main | 1 change detected
2026-07-08 09:50:42,655 | INFO | watchfiles.main | 1 change detected
2026-07-08 09:50:43,059 | INFO | watchfiles.main | 1 change detected
2026-07-08 09:50:43,466 | INFO | watchfiles.main | 1 change detected
2026-07-08 09:50:43,919 | INFO | watchfiles.main | 1 change detected
2026-07-08 09:50:44,324 | INFO | watchfiles.main | 1 change detected
2026-07-08 09:50:44,691 | INFO | watchfiles.main | 1 change detected
2026-07-08 09:50:45,145 | INFO | watchfiles.main | 1 change detected
2026-07-08 09:50:45,559 | INFO | watchfiles.main | 1 change detected
2026-07-08 09:50:45,963 | INFO | watchfiles.main | 1 change detected
2026-07-08 09:50:46,378 | INFO | watchfiles.main | 1 change detected
2026-07-08 09:50:46,787 | INFO | watchfiles.main | 1 change detected
2026-07-08 09:50:47,190 | INFO | watchfiles.main | 1 change detected
2026-07-08 09:50:47,600 | INFO | watchfiles.main | 1 change detected
2026-07-08 09:50:48,008 | INFO | watchfiles.main | 1 change detected
2026-07-08 09:50:48,371 | INFO | watchfiles.main | 1 change detected
2026-07-08 09:50:48,710 | INFO | lmsguard.requests | OPTIONS /platform/notifications -> 200 0.36ms
2026-07-08 09:50:48,714 | INFO | lmsguard.requests | GET /platform/notifications -> 200 3.93ms
2026-07-08 09:50:48,775 | INFO | watchfiles.main | 1 change detected
2026-07-08 09:50:49,186 | INFO | watchfiles.main | 1 change detected
2026-07-08 09:50:49,604 | INFO | watchfiles.main | 1 change detected
2026-07-08 09:50:50,006 | INFO | watchfiles.main | 1 change detected
2026-07-08 09:50:50,415 | INFO | watchfiles.main | 1 change detected
2026-07-08 09:50:50,834 | INFO | watchfiles.main | 1 change detected
2026-07-08 09:50:51,249 | INFO | watchfiles.main | 1 change detected
2026-07-08 09:50:51,615 | INFO | watchfiles.main | 1 change detected
2026-07-08 09:50:52,022 | INFO | watchfiles.main | 1 change detected
2026-07-08 09:50:52,429 | INFO | watchfiles.main | 1 change detected
2026-07-08 09:50:52,837 | INFO | watchfiles.main | 1 change detected
2026-07-08 09:50:53,256 | INFO | watchfiles.main | 1 change detected
2026-07-08 09:50:53,613 | INFO | watchfiles.main | 1 change detected
2026-07-08 09:50:54,020 | INFO | watchfiles.main | 1 change detected
2026-07-08 09:50:54,436 | INFO | watchfiles.main | 1 change detected
2026-07-08 09:50:54,841 | INFO | watchfiles.main | 1 change detected
2026-07-08 09:50:55,197 | INFO | watchfiles.main | 1 change detected
2026-07-08 09:50:55,611 | INFO | watchfiles.main | 1 change detected
2026-07-08 09:50:56,019 | INFO | watchfiles.main | 1 change detected
2026-07-08 09:50:56,421 | INFO | watchfiles.main | 1 change detected
2026-07-08 09:50:56,781 | INFO | watchfiles.main | 1 change detected
2026-07-08 09:50:57,189 | INFO | watchfiles.main | 1 change detected
2026-07-08 09:50:57,596 | INFO | watchfiles.main | 1 change detected
2026-07-08 09:50:58,005 | INFO | watchfiles.main | 1 change detected
2026-07-08 09:50:58,366 | INFO | watchfiles.main | 1 change detected
2026-07-08 09:50:58,784 | INFO | watchfiles.main | 1 change detected
2026-07-08 09:50:59,194 | INFO | watchfiles.main | 1 change detected
2026-07-08 09:50:59,620 | INFO | watchfiles.main | 1 change detected
2026-07-08 09:51:00,024 | INFO | watchfiles.main | 1 change detected
2026-07-08 09:51:00,436 | INFO | watchfiles.main | 1 change detected
2026-07-08 09:51:00,851 | INFO | watchfiles.main | 1 change detected
2026-07-08 09:51:01,257 | INFO | watchfiles.main | 1 change detected
2026-07-08 09:51:01,662 | INFO | watchfiles.main | 1 change detected
2026-07-08 09:51:02,075 | INFO | watchfiles.main | 1 change detected
2026-07-08 09:51:02,479 | INFO | watchfiles.main | 1 change detected
2026-07-08 09:51:02,838 | INFO | watchfiles.main | 1 change detected
2026-07-08 09:51:03,254 | INFO | watchfiles.main | 1 change detected
2026-07-08 09:51:03,670 | INFO | watchfiles.main | 1 change detected
2026-07-08 09:51:04,076 | INFO | watchfiles.main | 1 change detected
2026-07-08 09:51:04,483 | INFO | watchfiles.main | 1 change detected
2026-07-08 09:51:04,886 | INFO | watchfiles.main | 1 change detected
2026-07-08 09:51:05,245 | INFO | watchfiles.main | 1 change detected
2026-07-08 09:51:05,651 | INFO | watchfiles.main | 1 change detected
2026-07-08 09:51:06,055 | INFO | watchfiles.main | 1 change detected
2026-07-08 09:51:06,458 | INFO | watchfiles.main | 1 change detected
2026-07-08 09:51:06,871 | INFO | watchfiles.main | 1 change detected
2026-07-08 09:51:07,235 | INFO | watchfiles.main | 1 change detected
2026-07-08 09:51:07,647 | INFO | watchfiles.main | 1 change detected
2026-07-08 09:51:08,049 | INFO | watchfiles.main | 1 change detected
2026-07-08 09:51:08,457 | INFO | watchfiles.main | 1 change detected
2026-07-08 09:51:08,866 | INFO | watchfiles.main | 1 change detected
2026-07-08 09:51:09,224 | INFO | watchfiles.main | 1 change detected
2026-07-08 09:51:09,635 | INFO | watchfiles.main | 1 change detected
2026-07-08 09:51:10,045 | INFO | watchfiles.main | 1 change detected
2026-07-08 09:51:10,455 | INFO | watchfiles.main | 1 change detected
2026-07-08 09:51:10,874 | INFO | watchfiles.main | 1 change detected
2026-07-08 09:51:11,235 | INFO | watchfiles.main | 1 change detected
2026-07-08 09:51:11,644 | INFO | watchfiles.main | 1 change detected
2026-07-08 09:51:12,057 | INFO | watchfiles.main | 1 change detected
2026-07-08 09:51:12,510 | INFO | watchfiles.main | 1 change detected
2026-07-08 09:51:12,913 | INFO | watchfiles.main | 1 change detected
2026-07-08 09:51:13,323 | INFO | watchfiles.main | 1 change detected
2026-07-08 09:51:13,683 | INFO | watchfiles.main | 1 change detected
2026-07-08 09:51:14,086 | INFO | watchfiles.main | 1 change detected
2026-07-08 09:51:14,498 | INFO | watchfiles.main | 1 change detected
2026-07-08 09:51:14,907 | INFO | watchfiles.main | 1 change detected
2026-07-08 09:51:15,325 | INFO | watchfiles.main | 1 change detected
2026-07-08 09:51:15,730 | INFO | watchfiles.main | 1 change detected
2026-07-08 09:51:16,136 | INFO | watchfiles.main | 1 change detected
2026-07-08 09:51:16,538 | INFO | watchfiles.main | 1 change detected
2026-07-08 09:51:16,943 | INFO | watchfiles.main | 1 change detected
2026-07-08 09:51:17,364 | INFO | watchfiles.main | 1 change detected
2026-07-08 09:51:17,768 | INFO | watchfiles.main | 1 change detected
2026-07-08 09:51:18,171 | INFO | watchfiles.main | 1 change detected
2026-07-08 09:51:18,585 | INFO | watchfiles.main | 1 change detected
2026-07-08 09:51:18,939 | INFO | watchfiles.main | 1 change detected
2026-07-08 09:51:19,344 | INFO | watchfiles.main | 1 change detected
2026-07-08 09:51:19,761 | INFO | watchfiles.main | 1 change detected
2026-07-08 09:51:20,177 | INFO | watchfiles.main | 1 change detected
2026-07-08 09:51:20,581 | INFO | watchfiles.main | 1 change detected
2026-07-08 09:51:20,996 | INFO | watchfiles.main | 1 change detected
2026-07-08 09:51:21,406 | INFO | watchfiles.main | 1 change detected
2026-07-08 09:51:21,818 | INFO | watchfiles.main | 1 change detected
2026-07-08 09:51:22,227 | INFO | watchfiles.main | 1 change detected
2026-07-08 09:51:22,581 | INFO | watchfiles.main | 1 change detected
2026-07-08 09:51:22,987 | INFO | watchfiles.main | 1 change detected
2026-07-08 09:51:23,406 | INFO | watchfiles.main | 1 change detected
2026-07-08 09:51:23,821 | INFO | watchfiles.main | 1 change detected
2026-07-08 09:51:24,181 | INFO | watchfiles.main | 1 change detected
2026-07-08 09:51:24,588 | INFO | watchfiles.main | 1 change detected
2026-07-08 09:51:25,004 | INFO | watchfiles.main | 1 change detected
2026-07-08 09:51:25,417 | INFO | watchfiles.main | 1 change detected
2026-07-08 09:51:25,835 | INFO | watchfiles.main | 1 change detected
2026-07-08 09:51:26,195 | INFO | watchfiles.main | 1 change detected
2026-07-08 09:51:26,609 | INFO | watchfiles.main | 1 change detected
2026-07-08 09:51:27,013 | INFO | watchfiles.main | 1 change detected
2026-07-08 09:51:27,422 | INFO | watchfiles.main | 1 change detected
2026-07-08 09:51:27,831 | INFO | watchfiles.main | 1 change detected
2026-07-08 09:51:28,246 | INFO | watchfiles.main | 1 change detected
2026-07-08 09:51:28,609 | INFO | watchfiles.main | 1 change detected
2026-07-08 09:51:29,021 | INFO | watchfiles.main | 1 change detected
2026-07-08 09:51:29,481 | INFO | watchfiles.main | 1 change detected
2026-07-08 09:51:29,836 | INFO | watchfiles.main | 1 change detected
2026-07-08 09:51:30,240 | INFO | watchfiles.main | 1 change detected
2026-07-08 09:51:30,659 | INFO | watchfiles.main | 1 change detected
2026-07-08 09:51:31,075 | INFO | watchfiles.main | 1 change detected
2026-07-08 09:51:31,496 | INFO | watchfiles.main | 1 change detected
2026-07-08 09:51:31,858 | INFO | watchfiles.main | 1 change detected
2026-07-08 09:51:32,274 | INFO | watchfiles.main | 1 change detected
2026-07-08 09:51:32,679 | INFO | watchfiles.main | 1 change detected
2026-07-08 09:51:33,096 | INFO | watchfiles.main | 1 change detected
2026-07-08 09:51:33,504 | INFO | watchfiles.main | 1 change detected
2026-07-08 09:51:33,920 | INFO | watchfiles.main | 1 change detected
2026-07-08 09:51:34,337 | INFO | watchfiles.main | 1 change detected
2026-07-08 09:51:34,746 | INFO | watchfiles.main | 1 change detected
2026-07-08 09:51:35,154 | INFO | watchfiles.main | 1 change detected
2026-07-08 09:51:35,564 | INFO | watchfiles.main | 1 change detected
2026-07-08 09:51:35,988 | INFO | watchfiles.main | 1 change detected
2026-07-08 09:51:36,395 | INFO | watchfiles.main | 1 change detected
2026-07-08 09:51:36,753 | INFO | watchfiles.main | 1 change detected
2026-07-08 09:51:37,160 | INFO | watchfiles.main | 1 change detected
2026-07-08 09:51:37,574 | INFO | watchfiles.main | 1 change detected
2026-07-08 09:51:37,983 | INFO | watchfiles.main | 1 change detected
2026-07-08 09:51:38,399 | INFO | watchfiles.main | 1 change detected
2026-07-08 09:51:38,805 | INFO | watchfiles.main | 1 change detected
2026-07-08 09:51:39,215 | INFO | watchfiles.main | 1 change detected
2026-07-08 09:51:39,620 | INFO | watchfiles.main | 1 change detected
2026-07-08 09:51:40,037 | INFO | watchfiles.main | 1 change detected
2026-07-08 09:51:40,408 | INFO | watchfiles.main | 1 change detected
2026-07-08 09:51:40,820 | INFO | watchfiles.main | 1 change detected
2026-07-08 09:51:41,225 | INFO | watchfiles.main | 1 change detected
2026-07-08 09:51:41,636 | INFO | watchfiles.main | 1 change detected
2026-07-08 09:51:42,040 | INFO | watchfiles.main | 1 change detected
2026-07-08 09:51:42,493 | INFO | watchfiles.main | 1 change detected
2026-07-08 09:51:42,899 | INFO | watchfiles.main | 1 change detected
2026-07-08 09:51:43,270 | INFO | watchfiles.main | 1 change detected
2026-07-08 09:51:43,687 | INFO | watchfiles.main | 1 change detected
2026-07-08 09:51:44,103 | INFO | watchfiles.main | 1 change detected
2026-07-08 09:51:44,507 | INFO | watchfiles.main | 1 change detected
2026-07-08 09:51:44,915 | INFO | watchfiles.main | 1 change detected
2026-07-08 09:51:45,321 | INFO | watchfiles.main | 1 change detected
2026-07-08 09:51:45,731 | INFO | watchfiles.main | 1 change detected
2026-07-08 09:51:46,099 | INFO | watchfiles.main | 1 change detected
2026-07-08 09:51:46,513 | INFO | watchfiles.main | 1 change detected
2026-07-08 09:51:46,917 | INFO | watchfiles.main | 1 change detected
2026-07-08 09:51:47,284 | INFO | watchfiles.main | 1 change detected
2026-07-08 09:51:47,688 | INFO | watchfiles.main | 1 change detected
2026-07-08 09:51:48,093 | INFO | watchfiles.main | 1 change detected
2026-07-08 09:51:48,552 | INFO | watchfiles.main | 1 change detected
2026-07-08 09:51:48,911 | INFO | watchfiles.main | 1 change detected
2026-07-08 09:51:49,020 | INFO | lmsguard.requests | GET /platform/notifications -> 200 4.93ms
2026-07-08 09:51:49,275 | INFO | watchfiles.main | 1 change detected
2026-07-08 09:51:49,639 | INFO | watchfiles.main | 1 change detected
2026-07-08 09:51:50,008 | INFO | watchfiles.main | 1 change detected
2026-07-08 09:51:50,374 | INFO | watchfiles.main | 1 change detected
2026-07-08 09:51:50,737 | INFO | watchfiles.main | 1 change detected
2026-07-08 09:51:51,140 | INFO | watchfiles.main | 1 change detected
2026-07-08 09:51:51,554 | INFO | watchfiles.main | 1 change detected
2026-07-08 09:51:51,961 | INFO | watchfiles.main | 1 change detected
2026-07-08 09:51:52,375 | INFO | watchfiles.main | 1 change detected
2026-07-08 09:51:52,791 | INFO | watchfiles.main | 1 change detected
2026-07-08 09:51:53,146 | INFO | watchfiles.main | 1 change detected
2026-07-08 09:51:53,603 | INFO | watchfiles.main | 1 change detected
2026-07-08 09:51:54,015 | INFO | watchfiles.main | 1 change detected
2026-07-08 09:51:54,432 | INFO | watchfiles.main | 1 change detected
2026-07-08 09:51:54,837 | INFO | watchfiles.main | 1 change detected
2026-07-08 09:51:55,240 | INFO | watchfiles.main | 1 change detected
2026-07-08 09:51:55,651 | INFO | watchfiles.main | 1 change detected
2026-07-08 09:51:56,058 | INFO | watchfiles.main | 1 change detected
2026-07-08 09:51:56,468 | INFO | watchfiles.main | 1 change detected
2026-07-08 09:51:56,832 | INFO | watchfiles.main | 1 change detected
2026-07-08 09:51:57,242 | INFO | watchfiles.main | 1 change detected
2026-07-08 09:51:57,654 | INFO | watchfiles.main | 1 change detected
2026-07-08 09:51:58,057 | INFO | watchfiles.main | 1 change detected
2026-07-08 09:51:58,520 | INFO | watchfiles.main | 1 change detected
2026-07-08 09:51:58,888 | INFO | watchfiles.main | 1 change detected
2026-07-08 09:51:59,309 | INFO | watchfiles.main | 1 change detected
2026-07-08 09:51:59,677 | INFO | watchfiles.main | 1 change detected
2026-07-08 09:52:00,089 | INFO | watchfiles.main | 1 change detected
2026-07-08 09:52:00,500 | INFO | watchfiles.main | 1 change detected
2026-07-08 09:52:00,905 | INFO | watchfiles.main | 1 change detected
2026-07-08 09:52:01,322 | INFO | watchfiles.main | 1 change detected
2026-07-08 09:52:01,725 | INFO | watchfiles.main | 1 change detected
2026-07-08 09:52:02,133 | INFO | watchfiles.main | 1 change detected
2026-07-08 09:52:02,496 | INFO | watchfiles.main | 1 change detected
2026-07-08 09:52:02,906 | INFO | watchfiles.main | 1 change detected
2026-07-08 09:52:03,323 | INFO | watchfiles.main | 1 change detected
2026-07-08 09:52:03,726 | INFO | watchfiles.main | 1 change detected
2026-07-08 09:52:04,133 | INFO | watchfiles.main | 1 change detected
2026-07-08 09:52:04,544 | INFO | watchfiles.main | 1 change detected
2026-07-08 09:52:04,966 | INFO | watchfiles.main | 1 change detected
2026-07-08 09:52:05,381 | INFO | watchfiles.main | 1 change detected
2026-07-08 09:52:05,793 | INFO | watchfiles.main | 1 change detected
2026-07-08 09:52:06,201 | INFO | watchfiles.main | 1 change detected
2026-07-08 09:52:06,563 | INFO | watchfiles.main | 1 change detected
2026-07-08 09:52:07,019 | INFO | watchfiles.main | 1 change detected
2026-07-08 09:52:07,383 | INFO | watchfiles.main | 1 change detected
2026-07-08 09:52:07,845 | INFO | watchfiles.main | 1 change detected
2026-07-08 09:52:08,249 | INFO | watchfiles.main | 1 change detected
2026-07-08 09:52:08,667 | INFO | watchfiles.main | 1 change detected
2026-07-08 09:52:09,035 | INFO | watchfiles.main | 1 change detected
2026-07-08 09:52:09,452 | INFO | watchfiles.main | 1 change detected
2026-07-08 09:52:09,869 | INFO | watchfiles.main | 1 change detected
2026-07-08 09:52:10,279 | INFO | watchfiles.main | 1 change detected
2026-07-08 09:52:10,737 | INFO | watchfiles.main | 1 change detected
2026-07-08 09:52:11,104 | INFO | watchfiles.main | 1 change detected
2026-07-08 09:52:11,510 | INFO | watchfiles.main | 1 change detected
2026-07-08 09:52:11,920 | INFO | watchfiles.main | 1 change detected
2026-07-08 09:52:12,338 | INFO | watchfiles.main | 1 change detected
2026-07-08 09:52:12,750 | INFO | watchfiles.main | 1 change detected
2026-07-08 09:52:13,156 | INFO | watchfiles.main | 1 change detected
2026-07-08 09:52:13,561 | INFO | watchfiles.main | 1 change detected
2026-07-08 09:52:13,970 | INFO | watchfiles.main | 1 change detected
2026-07-08 09:52:14,384 | INFO | watchfiles.main | 1 change detected
2026-07-08 09:52:14,791 | INFO | watchfiles.main | 1 change detected
2026-07-08 09:52:15,215 | INFO | watchfiles.main | 1 change detected
2026-07-08 09:52:15,619 | INFO | watchfiles.main | 1 change detected
2026-07-08 09:52:16,030 | INFO | watchfiles.main | 1 change detected
2026-07-08 09:52:16,448 | INFO | watchfiles.main | 1 change detected
2026-07-08 09:52:16,811 | INFO | watchfiles.main | 1 change detected
2026-07-08 09:52:17,218 | INFO | watchfiles.main | 1 change detected
2026-07-08 09:52:17,631 | INFO | watchfiles.main | 1 change detected
2026-07-08 09:52:18,042 | INFO | watchfiles.main | 1 change detected
2026-07-08 09:52:18,449 | INFO | watchfiles.main | 1 change detected
2026-07-08 09:52:18,903 | INFO | watchfiles.main | 1 change detected
2026-07-08 09:52:19,307 | INFO | watchfiles.main | 1 change detected
2026-07-08 09:52:19,714 | INFO | watchfiles.main | 1 change detected
2026-07-08 09:52:20,118 | INFO | watchfiles.main | 1 change detected
2026-07-08 09:52:20,484 | INFO | watchfiles.main | 1 change detected
2026-07-08 09:52:20,948 | INFO | watchfiles.main | 1 change detected
2026-07-08 09:52:21,307 | INFO | watchfiles.main | 1 change detected
2026-07-08 09:52:21,723 | INFO | watchfiles.main | 1 change detected
2026-07-08 09:52:22,180 | INFO | watchfiles.main | 1 change detected
2026-07-08 09:52:22,544 | INFO | watchfiles.main | 1 change detected
2026-07-08 09:52:22,968 | INFO | watchfiles.main | 1 change detected
2026-07-08 09:52:23,377 | INFO | watchfiles.main | 1 change detected
2026-07-08 09:52:23,792 | INFO | watchfiles.main | 1 change detected
2026-07-08 09:52:24,201 | INFO | watchfiles.main | 1 change detected
2026-07-08 09:52:24,619 | INFO | watchfiles.main | 1 change detected
2026-07-08 09:52:24,976 | INFO | watchfiles.main | 1 change detected
2026-07-08 09:52:25,390 | INFO | watchfiles.main | 1 change detected
2026-07-08 09:52:25,805 | INFO | watchfiles.main | 1 change detected
2026-07-08 09:52:26,218 | INFO | watchfiles.main | 1 change detected
2026-07-08 09:52:26,636 | INFO | watchfiles.main | 1 change detected
2026-07-08 09:52:27,042 | INFO | watchfiles.main | 1 change detected
2026-07-08 09:52:27,446 | INFO | watchfiles.main | 1 change detected
2026-07-08 09:52:27,909 | INFO | watchfiles.main | 1 change detected
2026-07-08 09:52:28,277 | INFO | watchfiles.main | 1 change detected
2026-07-08 09:52:28,737 | INFO | watchfiles.main | 1 change detected
2026-07-08 09:52:29,098 | INFO | watchfiles.main | 1 change detected
2026-07-08 09:52:29,519 | INFO | watchfiles.main | 1 change detected
2026-07-08 09:52:29,934 | INFO | watchfiles.main | 1 change detected
2026-07-08 09:52:30,344 | INFO | watchfiles.main | 1 change detected
2026-07-08 09:52:30,758 | INFO | watchfiles.main | 1 change detected
2026-07-08 09:52:31,164 | INFO | watchfiles.main | 1 change detected
2026-07-08 09:52:31,579 | INFO | watchfiles.main | 1 change detected
2026-07-08 09:52:31,986 | INFO | watchfiles.main | 1 change detected
2026-07-08 09:52:32,398 | INFO | watchfiles.main | 1 change detected
2026-07-08 09:52:32,809 | INFO | watchfiles.main | 1 change detected
2026-07-08 09:52:33,215 | INFO | watchfiles.main | 1 change detected
2026-07-08 09:52:33,630 | INFO | watchfiles.main | 1 change detected
2026-07-08 09:52:34,042 | INFO | watchfiles.main | 1 change detected
2026-07-08 09:52:34,410 | INFO | watchfiles.main | 1 change detected
2026-07-08 09:52:34,822 | INFO | watchfiles.main | 1 change detected
2026-07-08 09:52:35,231 | INFO | watchfiles.main | 1 change detected
2026-07-08 09:52:35,643 | INFO | watchfiles.main | 1 change detected
2026-07-08 09:52:36,048 | INFO | watchfiles.main | 1 change detected
2026-07-08 09:52:36,517 | INFO | watchfiles.main | 1 change detected
2026-07-08 09:52:36,927 | INFO | watchfiles.main | 1 change detected
2026-07-08 09:52:37,332 | INFO | watchfiles.main | 1 change detected
2026-07-08 09:52:37,690 | INFO | watchfiles.main | 1 change detected
2026-07-08 09:52:38,104 | INFO | watchfiles.main | 1 change detected
2026-07-08 09:52:38,509 | INFO | watchfiles.main | 1 change detected
2026-07-08 09:52:38,923 | INFO | watchfiles.main | 1 change detected
2026-07-08 09:52:39,333 | INFO | watchfiles.main | 1 change detected
2026-07-08 09:52:39,736 | INFO | watchfiles.main | 1 change detected
2026-07-08 09:52:40,148 | INFO | watchfiles.main | 1 change detected
2026-07-08 09:52:40,551 | INFO | watchfiles.main | 1 change detected
2026-07-08 09:52:40,916 | INFO | watchfiles.main | 1 change detected
2026-07-08 09:52:41,376 | INFO | watchfiles.main | 1 change detected
2026-07-08 09:52:41,790 | INFO | watchfiles.main | 1 change detected
2026-07-08 09:52:42,146 | INFO | watchfiles.main | 1 change detected
2026-07-08 09:52:42,554 | INFO | watchfiles.main | 1 change detected
2026-07-08 09:52:42,962 | INFO | watchfiles.main | 1 change detected
2026-07-08 09:52:43,383 | INFO | watchfiles.main | 1 change detected
2026-07-08 09:52:43,742 | INFO | watchfiles.main | 1 change detected
2026-07-08 09:52:44,201 | INFO | watchfiles.main | 1 change detected
2026-07-08 09:52:44,604 | INFO | watchfiles.main | 1 change detected
2026-07-08 09:52:45,012 | INFO | watchfiles.main | 1 change detected
2026-07-08 09:52:45,379 | INFO | watchfiles.main | 1 change detected
2026-07-08 09:52:45,794 | INFO | watchfiles.main | 1 change detected
2026-07-08 09:52:46,204 | INFO | watchfiles.main | 1 change detected
2026-07-08 09:52:46,607 | INFO | watchfiles.main | 1 change detected
2026-07-08 09:52:46,973 | INFO | watchfiles.main | 1 change detected
2026-07-08 09:52:47,439 | INFO | watchfiles.main | 1 change detected
2026-07-08 09:52:47,849 | INFO | watchfiles.main | 1 change detected
2026-07-08 09:52:48,253 | INFO | watchfiles.main | 1 change detected
2026-07-08 09:52:48,615 | INFO | watchfiles.main | 1 change detected
2026-07-08 09:52:48,712 | INFO | lmsguard.requests | GET /platform/notifications -> 200 6.69ms
2026-07-08 09:52:48,981 | INFO | watchfiles.main | 1 change detected
2026-07-08 09:52:49,346 | INFO | watchfiles.main | 1 change detected
2026-07-08 09:52:49,712 | INFO | watchfiles.main | 1 change detected
2026-07-08 09:52:50,065 | INFO | watchfiles.main | 1 change detected
2026-07-08 09:52:50,429 | INFO | watchfiles.main | 1 change detected
2026-07-08 09:52:50,797 | INFO | watchfiles.main | 1 change detected
2026-07-08 09:52:51,202 | INFO | watchfiles.main | 1 change detected
2026-07-08 09:52:51,616 | INFO | watchfiles.main | 1 change detected
2026-07-08 09:52:51,975 | INFO | watchfiles.main | 1 change detected
2026-07-08 09:52:52,382 | INFO | watchfiles.main | 1 change detected
2026-07-08 09:52:52,788 | INFO | watchfiles.main | 1 change detected
2026-07-08 09:52:53,199 | INFO | watchfiles.main | 1 change detected
2026-07-08 09:52:53,611 | INFO | watchfiles.main | 1 change detected
2026-07-08 09:52:54,024 | INFO | watchfiles.main | 1 change detected
2026-07-08 09:52:54,430 | INFO | watchfiles.main | 1 change detected
2026-07-08 09:52:54,839 | INFO | watchfiles.main | 1 change detected
2026-07-08 09:52:55,259 | INFO | watchfiles.main | 1 change detected
2026-07-08 09:52:55,615 | INFO | watchfiles.main | 1 change detected
2026-07-08 09:52:56,026 | INFO | watchfiles.main | 1 change detected
2026-07-08 09:52:56,447 | INFO | watchfiles.main | 1 change detected
2026-07-08 09:52:56,854 | INFO | watchfiles.main | 1 change detected
2026-07-08 09:52:57,273 | INFO | watchfiles.main | 1 change detected
2026-07-08 09:52:57,682 | INFO | watchfiles.main | 1 change detected
2026-07-08 09:52:58,095 | INFO | watchfiles.main | 1 change detected
2026-07-08 09:52:58,508 | INFO | watchfiles.main | 1 change detected
2026-07-08 09:52:58,919 | INFO | watchfiles.main | 1 change detected
2026-07-08 09:52:59,323 | INFO | watchfiles.main | 1 change detected
2026-07-08 09:52:59,687 | INFO | watchfiles.main | 1 change detected
2026-07-08 09:53:00,097 | INFO | watchfiles.main | 1 change detected
2026-07-08 09:53:00,511 | INFO | watchfiles.main | 1 change detected
2026-07-08 09:53:00,919 | INFO | watchfiles.main | 1 change detected
2026-07-08 09:53:01,281 | INFO | watchfiles.main | 1 change detected
2026-07-08 09:53:01,686 | INFO | watchfiles.main | 1 change detected
2026-07-08 09:53:02,088 | INFO | watchfiles.main | 1 change detected
2026-07-08 09:53:02,493 | INFO | watchfiles.main | 1 change detected
2026-07-08 09:53:02,916 | INFO | watchfiles.main | 1 change detected
2026-07-08 09:53:03,327 | INFO | watchfiles.main | 1 change detected
2026-07-08 09:53:03,731 | INFO | watchfiles.main | 1 change detected
2026-07-08 09:53:04,135 | INFO | watchfiles.main | 1 change detected
2026-07-08 09:53:04,546 | INFO | watchfiles.main | 1 change detected
2026-07-08 09:53:04,957 | INFO | watchfiles.main | 1 change detected
2026-07-08 09:53:05,371 | INFO | watchfiles.main | 1 change detected
2026-07-08 09:53:05,777 | INFO | watchfiles.main | 1 change detected
2026-07-08 09:53:06,183 | INFO | watchfiles.main | 1 change detected
2026-07-08 09:53:06,591 | INFO | watchfiles.main | 1 change detected
2026-07-08 09:53:07,006 | INFO | watchfiles.main | 1 change detected
2026-07-08 09:53:07,420 | INFO | watchfiles.main | 1 change detected
2026-07-08 09:53:07,829 | INFO | watchfiles.main | 1 change detected
2026-07-08 09:53:08,234 | INFO | watchfiles.main | 1 change detected
2026-07-08 09:53:08,600 | INFO | watchfiles.main | 1 change detected
2026-07-08 09:53:09,005 | INFO | watchfiles.main | 1 change detected
2026-07-08 09:53:09,422 | INFO | watchfiles.main | 1 change detected
2026-07-08 09:53:09,787 | INFO | watchfiles.main | 1 change detected
2026-07-08 09:53:10,211 | INFO | watchfiles.main | 1 change detected
2026-07-08 09:53:10,616 | INFO | watchfiles.main | 1 change detected
2026-07-08 09:53:11,024 | INFO | watchfiles.main | 1 change detected
2026-07-08 09:53:11,430 | INFO | watchfiles.main | 1 change detected
2026-07-08 09:53:11,844 | INFO | watchfiles.main | 1 change detected
2026-07-08 09:53:12,254 | INFO | watchfiles.main | 1 change detected
2026-07-08 09:53:12,670 | INFO | watchfiles.main | 1 change detected
2026-07-08 09:53:13,022 | INFO | watchfiles.main | 1 change detected
2026-07-08 09:53:13,433 | INFO | watchfiles.main | 1 change detected
2026-07-08 09:53:13,839 | INFO | watchfiles.main | 1 change detected
2026-07-08 09:53:14,253 | INFO | watchfiles.main | 1 change detected
2026-07-08 09:53:14,659 | INFO | watchfiles.main | 1 change detected
2026-07-08 09:53:15,074 | INFO | watchfiles.main | 1 change detected
2026-07-08 09:53:15,492 | INFO | watchfiles.main | 1 change detected
2026-07-08 09:53:15,904 | INFO | watchfiles.main | 1 change detected
2026-07-08 09:53:16,322 | INFO | watchfiles.main | 1 change detected
2026-07-08 09:53:16,679 | INFO | watchfiles.main | 1 change detected
2026-07-08 09:53:17,093 | INFO | watchfiles.main | 1 change detected
2026-07-08 09:53:17,501 | INFO | watchfiles.main | 1 change detected
2026-07-08 09:53:17,919 | INFO | watchfiles.main | 1 change detected
2026-07-08 09:53:18,336 | INFO | watchfiles.main | 1 change detected
2026-07-08 09:53:18,742 | INFO | watchfiles.main | 1 change detected
2026-07-08 09:53:19,146 | INFO | watchfiles.main | 1 change detected
2026-07-08 09:53:19,553 | INFO | watchfiles.main | 1 change detected
2026-07-08 09:53:19,919 | INFO | watchfiles.main | 1 change detected
2026-07-08 09:53:20,328 | INFO | watchfiles.main | 1 change detected
2026-07-08 09:53:20,745 | INFO | watchfiles.main | 1 change detected
2026-07-08 09:53:21,154 | INFO | watchfiles.main | 1 change detected
2026-07-08 09:53:21,560 | INFO | watchfiles.main | 1 change detected
2026-07-08 09:53:21,973 | INFO | watchfiles.main | 1 change detected
2026-07-08 09:53:22,378 | INFO | watchfiles.main | 1 change detected
2026-07-08 09:53:22,788 | INFO | watchfiles.main | 1 change detected
2026-07-08 09:53:23,199 | INFO | watchfiles.main | 1 change detected
2026-07-08 09:53:23,608 | INFO | watchfiles.main | 1 change detected
2026-07-08 09:53:24,019 | INFO | watchfiles.main | 1 change detected
2026-07-08 09:53:24,388 | INFO | watchfiles.main | 1 change detected
2026-07-08 09:53:24,803 | INFO | watchfiles.main | 1 change detected
2026-07-08 09:53:25,215 | INFO | watchfiles.main | 1 change detected
2026-07-08 09:53:25,620 | INFO | watchfiles.main | 1 change detected
2026-07-08 09:53:26,029 | INFO | watchfiles.main | 1 change detected
2026-07-08 09:53:26,433 | INFO | watchfiles.main | 1 change detected
2026-07-08 09:53:26,836 | INFO | watchfiles.main | 1 change detected
2026-07-08 09:53:27,197 | INFO | watchfiles.main | 1 change detected
2026-07-08 09:53:27,656 | INFO | watchfiles.main | 1 change detected
2026-07-08 09:53:28,008 | INFO | watchfiles.main | 1 change detected
2026-07-08 09:53:28,419 | INFO | watchfiles.main | 1 change detected
2026-07-08 09:53:28,823 | INFO | watchfiles.main | 1 change detected
2026-07-08 09:53:29,246 | INFO | watchfiles.main | 1 change detected
2026-07-08 09:53:29,607 | INFO | watchfiles.main | 1 change detected
2026-07-08 09:53:30,014 | INFO | watchfiles.main | 1 change detected
2026-07-08 09:53:30,428 | INFO | watchfiles.main | 1 change detected
2026-07-08 09:53:30,842 | INFO | watchfiles.main | 1 change detected
2026-07-08 09:53:31,202 | INFO | watchfiles.main | 1 change detected
2026-07-08 09:53:31,607 | INFO | watchfiles.main | 1 change detected
2026-07-08 09:53:32,016 | INFO | watchfiles.main | 1 change detected
2026-07-08 09:53:32,418 | INFO | watchfiles.main | 1 change detected
2026-07-08 09:53:32,826 | INFO | watchfiles.main | 1 change detected
2026-07-08 09:53:33,233 | INFO | watchfiles.main | 1 change detected
2026-07-08 09:53:33,635 | INFO | watchfiles.main | 1 change detected
2026-07-08 09:53:33,995 | INFO | watchfiles.main | 1 change detected
2026-07-08 09:53:34,398 | INFO | watchfiles.main | 1 change detected
2026-07-08 09:53:34,802 | INFO | watchfiles.main | 1 change detected
2026-07-08 09:53:35,205 | INFO | watchfiles.main | 1 change detected
2026-07-08 09:53:35,608 | INFO | watchfiles.main | 1 change detected
2026-07-08 09:53:35,971 | INFO | watchfiles.main | 1 change detected
2026-07-08 09:53:36,385 | INFO | watchfiles.main | 1 change detected
2026-07-08 09:53:36,794 | INFO | watchfiles.main | 1 change detected
2026-07-08 09:53:37,200 | INFO | watchfiles.main | 1 change detected
2026-07-08 09:53:37,609 | INFO | watchfiles.main | 1 change detected
2026-07-08 09:53:38,025 | INFO | watchfiles.main | 1 change detected
2026-07-08 09:53:38,431 | INFO | watchfiles.main | 1 change detected
2026-07-08 09:53:38,839 | INFO | watchfiles.main | 1 change detected
2026-07-08 09:53:39,252 | INFO | watchfiles.main | 1 change detected
2026-07-08 09:53:39,660 | INFO | watchfiles.main | 1 change detected
2026-07-08 09:53:40,075 | INFO | watchfiles.main | 1 change detected
2026-07-08 09:53:40,494 | INFO | watchfiles.main | 1 change detected
2026-07-08 09:53:40,857 | INFO | watchfiles.main | 1 change detected
2026-07-08 09:53:41,313 | INFO | watchfiles.main | 1 change detected
2026-07-08 09:53:41,722 | INFO | watchfiles.main | 1 change detected
2026-07-08 09:53:42,142 | INFO | watchfiles.main | 1 change detected
2026-07-08 09:53:42,508 | INFO | watchfiles.main | 1 change detected
2026-07-08 09:53:42,928 | INFO | watchfiles.main | 1 change detected
2026-07-08 09:53:43,339 | INFO | watchfiles.main | 1 change detected
2026-07-08 09:53:43,700 | INFO | watchfiles.main | 1 change detected
2026-07-08 09:53:44,161 | INFO | watchfiles.main | 1 change detected
2026-07-08 09:53:44,563 | INFO | watchfiles.main | 1 change detected
2026-07-08 09:53:44,968 | INFO | watchfiles.main | 1 change detected
2026-07-08 09:53:45,372 | INFO | watchfiles.main | 1 change detected
2026-07-08 09:53:45,784 | INFO | watchfiles.main | 1 change detected
2026-07-08 09:53:46,187 | INFO | watchfiles.main | 1 change detected
2026-07-08 09:53:46,602 | INFO | watchfiles.main | 1 change detected
2026-07-08 09:53:47,010 | INFO | watchfiles.main | 1 change detected
2026-07-08 09:53:47,424 | INFO | watchfiles.main | 1 change detected
2026-07-08 09:53:47,827 | INFO | watchfiles.main | 1 change detected
2026-07-08 09:53:48,232 | INFO | watchfiles.main | 1 change detected
2026-07-08 09:53:48,645 | INFO | watchfiles.main | 1 change detected
2026-07-08 09:53:49,019 | INFO | lmsguard.requests | GET /platform/notifications -> 200 5.05ms
2026-07-08 09:53:49,059 | INFO | watchfiles.main | 1 change detected
2026-07-08 09:53:49,426 | INFO | watchfiles.main | 1 change detected
2026-07-08 09:53:49,784 | INFO | watchfiles.main | 1 change detected
2026-07-08 09:53:50,142 | INFO | watchfiles.main | 1 change detected
2026-07-08 09:53:50,509 | INFO | watchfiles.main | 1 change detected
2026-07-08 09:53:50,871 | INFO | watchfiles.main | 1 change detected
2026-07-08 09:53:51,223 | INFO | watchfiles.main | 1 change detected
2026-07-08 09:53:51,589 | INFO | watchfiles.main | 1 change detected
2026-07-08 09:53:51,943 | INFO | watchfiles.main | 1 change detected
2026-07-08 09:53:52,307 | INFO | watchfiles.main | 1 change detected
2026-07-08 09:53:52,719 | INFO | watchfiles.main | 1 change detected
2026-07-08 09:53:53,138 | INFO | watchfiles.main | 1 change detected
2026-07-08 09:53:53,542 | INFO | watchfiles.main | 1 change detected
2026-07-08 09:53:53,947 | INFO | watchfiles.main | 1 change detected
2026-07-08 09:53:54,410 | INFO | watchfiles.main | 1 change detected
2026-07-08 09:53:54,768 | INFO | watchfiles.main | 1 change detected
2026-07-08 09:53:55,179 | INFO | watchfiles.main | 1 change detected
2026-07-08 09:53:55,584 | INFO | watchfiles.main | 1 change detected
2026-07-08 09:53:55,994 | INFO | watchfiles.main | 1 change detected
2026-07-08 09:53:56,408 | INFO | watchfiles.main | 1 change detected
2026-07-08 09:53:56,774 | INFO | watchfiles.main | 1 change detected
2026-07-08 09:53:57,180 | INFO | watchfiles.main | 1 change detected
2026-07-08 09:53:57,588 | INFO | watchfiles.main | 1 change detected
2026-07-08 09:53:58,002 | INFO | watchfiles.main | 1 change detected
2026-07-08 09:53:58,367 | INFO | watchfiles.main | 1 change detected
2026-07-08 09:53:58,823 | INFO | watchfiles.main | 1 change detected
2026-07-08 09:53:59,179 | INFO | watchfiles.main | 1 change detected
2026-07-08 09:53:59,585 | INFO | watchfiles.main | 1 change detected
2026-07-08 09:54:00,039 | INFO | watchfiles.main | 1 change detected
2026-07-08 09:54:00,396 | INFO | watchfiles.main | 1 change detected
2026-07-08 09:54:00,804 | INFO | watchfiles.main | 1 change detected
2026-07-08 09:54:01,217 | INFO | watchfiles.main | 1 change detected
2026-07-08 09:54:01,632 | INFO | watchfiles.main | 1 change detected
2026-07-08 09:54:02,036 | INFO | watchfiles.main | 1 change detected
2026-07-08 09:54:02,445 | INFO | watchfiles.main | 1 change detected
2026-07-08 09:54:02,852 | INFO | watchfiles.main | 1 change detected
2026-07-08 09:54:03,257 | INFO | watchfiles.main | 1 change detected
2026-07-08 09:54:03,670 | INFO | watchfiles.main | 1 change detected
2026-07-08 09:54:04,073 | INFO | watchfiles.main | 1 change detected
2026-07-08 09:54:04,425 | INFO | watchfiles.main | 1 change detected
2026-07-08 09:54:04,840 | INFO | watchfiles.main | 1 change detected
2026-07-08 09:54:05,242 | INFO | watchfiles.main | 1 change detected
2026-07-08 09:54:05,648 | INFO | watchfiles.main | 1 change detected
2026-07-08 09:54:06,057 | INFO | watchfiles.main | 1 change detected
2026-07-08 09:54:06,415 | INFO | watchfiles.main | 1 change detected
2026-07-08 09:54:06,837 | INFO | watchfiles.main | 1 change detected
2026-07-08 09:54:07,244 | INFO | watchfiles.main | 1 change detected
2026-07-08 09:54:07,651 | INFO | watchfiles.main | 1 change detected
2026-07-08 09:54:08,004 | INFO | watchfiles.main | 1 change detected
2026-07-08 09:54:08,419 | INFO | watchfiles.main | 1 change detected
2026-07-08 09:54:08,821 | INFO | watchfiles.main | 1 change detected
2026-07-08 09:54:09,224 | INFO | watchfiles.main | 1 change detected
2026-07-08 09:54:09,628 | INFO | watchfiles.main | 1 change detected
2026-07-08 09:54:10,036 | INFO | watchfiles.main | 1 change detected
2026-07-08 09:54:10,443 | INFO | watchfiles.main | 1 change detected
2026-07-08 09:54:10,804 | INFO | watchfiles.main | 1 change detected
2026-07-08 09:54:11,210 | INFO | watchfiles.main | 1 change detected
2026-07-08 09:54:11,617 | INFO | watchfiles.main | 1 change detected
2026-07-08 09:54:12,030 | INFO | watchfiles.main | 1 change detected
2026-07-08 09:54:12,434 | INFO | watchfiles.main | 1 change detected
2026-07-08 09:54:12,846 | INFO | watchfiles.main | 1 change detected
2026-07-08 09:54:13,199 | INFO | watchfiles.main | 1 change detected
2026-07-08 09:54:13,654 | INFO | watchfiles.main | 1 change detected
2026-07-08 09:54:14,062 | INFO | watchfiles.main | 1 change detected
2026-07-08 09:54:14,420 | INFO | watchfiles.main | 1 change detected
2026-07-08 09:54:14,828 | INFO | watchfiles.main | 1 change detected
2026-07-08 09:54:15,233 | INFO | watchfiles.main | 1 change detected
2026-07-08 09:54:15,641 | INFO | watchfiles.main | 1 change detected
2026-07-08 09:54:16,043 | INFO | watchfiles.main | 1 change detected
2026-07-08 09:54:16,462 | INFO | watchfiles.main | 1 change detected
2026-07-08 09:54:16,821 | INFO | watchfiles.main | 1 change detected
2026-07-08 09:54:17,239 | INFO | watchfiles.main | 1 change detected
2026-07-08 09:54:17,648 | INFO | watchfiles.main | 1 change detected
2026-07-08 09:54:18,061 | INFO | watchfiles.main | 1 change detected
2026-07-08 09:54:18,481 | INFO | watchfiles.main | 1 change detected
2026-07-08 09:54:18,856 | INFO | watchfiles.main | 1 change detected
2026-07-08 09:54:19,272 | INFO | watchfiles.main | 1 change detected
2026-07-08 09:54:19,681 | INFO | watchfiles.main | 1 change detected
2026-07-08 09:54:20,049 | INFO | watchfiles.main | 1 change detected
2026-07-08 09:54:20,466 | INFO | watchfiles.main | 1 change detected
2026-07-08 09:54:20,881 | INFO | watchfiles.main | 1 change detected
2026-07-08 09:54:21,291 | INFO | watchfiles.main | 1 change detected
2026-07-08 09:54:21,699 | INFO | watchfiles.main | 1 change detected
2026-07-08 09:54:22,101 | INFO | watchfiles.main | 1 change detected
2026-07-08 09:54:22,506 | INFO | watchfiles.main | 1 change detected
2026-07-08 09:54:22,909 | INFO | watchfiles.main | 1 change detected
2026-07-08 09:54:23,272 | INFO | watchfiles.main | 1 change detected
2026-07-08 09:54:23,677 | INFO | watchfiles.main | 1 change detected
2026-07-08 09:54:24,087 | INFO | watchfiles.main | 1 change detected
2026-07-08 09:54:24,553 | INFO | watchfiles.main | 1 change detected
2026-07-08 09:54:24,914 | INFO | watchfiles.main | 1 change detected
2026-07-08 09:54:25,324 | INFO | watchfiles.main | 1 change detected
2026-07-08 09:54:25,745 | INFO | watchfiles.main | 1 change detected
2026-07-08 09:54:26,100 | INFO | watchfiles.main | 1 change detected
2026-07-08 09:54:26,516 | INFO | watchfiles.main | 1 change detected
2026-07-08 09:54:26,922 | INFO | watchfiles.main | 1 change detected
2026-07-08 09:54:27,330 | INFO | watchfiles.main | 1 change detected
2026-07-08 09:54:27,746 | INFO | watchfiles.main | 1 change detected
2026-07-08 09:54:28,110 | INFO | watchfiles.main | 1 change detected
2026-07-08 09:54:28,528 | INFO | watchfiles.main | 1 change detected
2026-07-08 09:54:28,933 | INFO | watchfiles.main | 1 change detected
2026-07-08 09:54:29,342 | INFO | watchfiles.main | 1 change detected
2026-07-08 09:54:29,746 | INFO | watchfiles.main | 1 change detected
2026-07-08 09:54:30,151 | INFO | watchfiles.main | 1 change detected
2026-07-08 09:54:30,570 | INFO | watchfiles.main | 1 change detected
2026-07-08 09:54:30,982 | INFO | watchfiles.main | 1 change detected
2026-07-08 09:54:31,389 | INFO | watchfiles.main | 1 change detected
2026-07-08 09:54:31,796 | INFO | watchfiles.main | 1 change detected
2026-07-08 09:54:32,158 | INFO | watchfiles.main | 1 change detected
2026-07-08 09:54:32,576 | INFO | watchfiles.main | 1 change detected
2026-07-08 09:54:32,992 | INFO | watchfiles.main | 1 change detected
2026-07-08 09:54:33,401 | INFO | watchfiles.main | 1 change detected
2026-07-08 09:54:33,807 | INFO | watchfiles.main | 1 change detected
2026-07-08 09:54:34,209 | INFO | watchfiles.main | 1 change detected
2026-07-08 09:54:34,616 | INFO | watchfiles.main | 1 change detected
2026-07-08 09:54:35,068 | INFO | watchfiles.main | 1 change detected
2026-07-08 09:54:35,434 | INFO | watchfiles.main | 1 change detected
2026-07-08 09:54:35,837 | INFO | watchfiles.main | 1 change detected
2026-07-08 09:54:36,242 | INFO | watchfiles.main | 1 change detected
2026-07-08 09:54:36,650 | INFO | watchfiles.main | 1 change detected
2026-07-08 09:54:37,062 | INFO | watchfiles.main | 1 change detected
2026-07-08 09:54:37,478 | INFO | watchfiles.main | 1 change detected
2026-07-08 09:54:37,848 | INFO | watchfiles.main | 1 change detected
2026-07-08 09:54:38,265 | INFO | watchfiles.main | 1 change detected
2026-07-08 09:54:38,677 | INFO | watchfiles.main | 1 change detected
2026-07-08 09:54:39,081 | INFO | watchfiles.main | 1 change detected
2026-07-08 09:54:39,486 | INFO | watchfiles.main | 1 change detected
2026-07-08 09:54:39,899 | INFO | watchfiles.main | 1 change detected
2026-07-08 09:54:40,314 | INFO | watchfiles.main | 1 change detected
2026-07-08 09:54:40,681 | INFO | watchfiles.main | 1 change detected
2026-07-08 09:54:41,099 | INFO | watchfiles.main | 1 change detected
2026-07-08 09:54:41,515 | INFO | watchfiles.main | 1 change detected
2026-07-08 09:54:41,920 | INFO | watchfiles.main | 1 change detected
2026-07-08 09:54:42,340 | INFO | watchfiles.main | 1 change detected
2026-07-08 09:54:42,742 | INFO | watchfiles.main | 1 change detected
2026-07-08 09:54:43,149 | INFO | watchfiles.main | 1 change detected
2026-07-08 09:54:43,555 | INFO | watchfiles.main | 1 change detected
2026-07-08 09:54:43,924 | INFO | watchfiles.main | 1 change detected
2026-07-08 09:54:44,330 | INFO | watchfiles.main | 1 change detected
2026-07-08 09:54:44,741 | INFO | watchfiles.main | 1 change detected
2026-07-08 09:54:45,096 | INFO | watchfiles.main | 1 change detected
2026-07-08 09:54:45,516 | INFO | watchfiles.main | 1 change detected
2026-07-08 09:54:45,920 | INFO | watchfiles.main | 1 change detected
2026-07-08 09:54:46,328 | INFO | watchfiles.main | 1 change detected
2026-07-08 09:54:46,765 | INFO | watchfiles.main | 1 change detected
2026-07-08 09:54:47,177 | INFO | watchfiles.main | 1 change detected
2026-07-08 09:54:47,586 | INFO | watchfiles.main | 1 change detected
2026-07-08 09:54:47,997 | INFO | watchfiles.main | 1 change detected
2026-07-08 09:54:48,405 | INFO | watchfiles.main | 1 change detected
2026-07-08 09:54:48,713 | INFO | lmsguard.requests | GET /platform/notifications -> 200 4.13ms
2026-07-08 09:54:48,810 | INFO | watchfiles.main | 1 change detected
2026-07-08 09:54:49,175 | INFO | watchfiles.main | 1 change detected
2026-07-08 09:54:49,585 | INFO | watchfiles.main | 1 change detected
2026-07-08 09:54:49,990 | INFO | watchfiles.main | 1 change detected
2026-07-08 09:54:50,395 | INFO | watchfiles.main | 1 change detected
2026-07-08 09:54:50,800 | INFO | watchfiles.main | 1 change detected
2026-07-08 09:54:51,225 | INFO | watchfiles.main | 1 change detected
2026-07-08 09:54:51,587 | INFO | watchfiles.main | 1 change detected
2026-07-08 09:54:51,994 | INFO | watchfiles.main | 1 change detected
2026-07-08 09:54:52,406 | INFO | watchfiles.main | 1 change detected
2026-07-08 09:54:52,758 | INFO | watchfiles.main | 1 change detected
2026-07-08 09:54:53,161 | INFO | watchfiles.main | 1 change detected
2026-07-08 09:54:53,567 | INFO | watchfiles.main | 1 change detected
2026-07-08 09:54:53,975 | INFO | watchfiles.main | 1 change detected
2026-07-08 09:54:54,383 | INFO | watchfiles.main | 1 change detected
2026-07-08 09:54:54,788 | INFO | watchfiles.main | 1 change detected
2026-07-08 09:54:55,146 | INFO | watchfiles.main | 1 change detected
2026-07-08 09:54:55,553 | INFO | watchfiles.main | 1 change detected
2026-07-08 09:54:55,959 | INFO | watchfiles.main | 1 change detected
2026-07-08 09:54:56,369 | INFO | watchfiles.main | 1 change detected
2026-07-08 09:54:56,776 | INFO | watchfiles.main | 1 change detected
2026-07-08 09:54:57,186 | INFO | watchfiles.main | 1 change detected
2026-07-08 09:54:57,591 | INFO | watchfiles.main | 1 change detected
2026-07-08 09:54:58,001 | INFO | watchfiles.main | 1 change detected
2026-07-08 09:54:58,415 | INFO | watchfiles.main | 1 change detected
2026-07-08 09:54:58,838 | INFO | watchfiles.main | 1 change detected
2026-07-08 09:54:59,246 | INFO | watchfiles.main | 1 change detected
2026-07-08 09:54:59,649 | INFO | watchfiles.main | 1 change detected
2026-07-08 09:55:00,059 | INFO | watchfiles.main | 1 change detected
2026-07-08 09:55:00,477 | INFO | watchfiles.main | 1 change detected
2026-07-08 09:55:00,885 | INFO | watchfiles.main | 1 change detected
2026-07-08 09:55:01,245 | INFO | watchfiles.main | 1 change detected
2026-07-08 09:55:01,714 | INFO | watchfiles.main | 1 change detected
2026-07-08 09:55:02,087 | INFO | watchfiles.main | 1 change detected
2026-07-08 09:55:02,499 | INFO | watchfiles.main | 1 change detected
2026-07-08 09:55:02,914 | INFO | watchfiles.main | 1 change detected
2026-07-08 09:55:03,328 | INFO | watchfiles.main | 1 change detected
2026-07-08 09:55:03,690 | INFO | watchfiles.main | 1 change detected
2026-07-08 09:55:04,103 | INFO | watchfiles.main | 1 change detected
2026-07-08 09:55:04,509 | INFO | watchfiles.main | 1 change detected
2026-07-08 09:55:04,915 | INFO | watchfiles.main | 1 change detected
2026-07-08 09:55:05,327 | INFO | watchfiles.main | 1 change detected
2026-07-08 09:55:05,731 | INFO | watchfiles.main | 1 change detected
2026-07-08 09:55:06,134 | INFO | watchfiles.main | 1 change detected
2026-07-08 09:55:06,495 | INFO | watchfiles.main | 1 change detected
2026-07-08 09:55:06,909 | INFO | watchfiles.main | 1 change detected
2026-07-08 09:55:07,324 | INFO | watchfiles.main | 1 change detected
2026-07-08 09:55:07,692 | INFO | watchfiles.main | 1 change detected
2026-07-08 09:55:08,101 | INFO | watchfiles.main | 1 change detected
2026-07-08 09:55:08,508 | INFO | watchfiles.main | 1 change detected
2026-07-08 09:55:08,963 | INFO | watchfiles.main | 1 change detected
2026-07-08 09:55:09,321 | INFO | watchfiles.main | 1 change detected
2026-07-08 09:55:09,783 | INFO | watchfiles.main | 1 change detected
2026-07-08 09:55:10,141 | INFO | watchfiles.main | 1 change detected
2026-07-08 09:55:10,599 | INFO | watchfiles.main | 1 change detected
2026-07-08 09:55:10,952 | INFO | watchfiles.main | 1 change detected
2026-07-08 09:55:11,366 | INFO | watchfiles.main | 1 change detected
2026-07-08 09:55:11,770 | INFO | watchfiles.main | 1 change detected
2026-07-08 09:55:12,184 | INFO | watchfiles.main | 1 change detected
2026-07-08 09:55:12,588 | INFO | watchfiles.main | 1 change detected
2026-07-08 09:55:12,997 | INFO | watchfiles.main | 1 change detected
2026-07-08 09:55:13,413 | INFO | watchfiles.main | 1 change detected
2026-07-08 09:55:13,790 | INFO | watchfiles.main | 1 change detected
2026-07-08 09:55:14,207 | INFO | watchfiles.main | 1 change detected
2026-07-08 09:55:14,623 | INFO | watchfiles.main | 1 change detected
2026-07-08 09:55:15,038 | INFO | watchfiles.main | 1 change detected
2026-07-08 09:55:15,442 | INFO | watchfiles.main | 1 change detected
2026-07-08 09:55:15,847 | INFO | watchfiles.main | 1 change detected
2026-07-08 09:55:16,257 | INFO | watchfiles.main | 1 change detected
2026-07-08 09:55:16,668 | INFO | watchfiles.main | 1 change detected
2026-07-08 09:55:17,077 | INFO | watchfiles.main | 1 change detected
2026-07-08 09:55:17,484 | INFO | watchfiles.main | 1 change detected
2026-07-08 09:55:17,901 | INFO | watchfiles.main | 1 change detected
2026-07-08 09:55:18,309 | INFO | watchfiles.main | 1 change detected
2026-07-08 09:55:18,717 | INFO | watchfiles.main | 1 change detected
2026-07-08 09:55:19,128 | INFO | watchfiles.main | 1 change detected
2026-07-08 09:55:19,540 | INFO | watchfiles.main | 1 change detected
2026-07-08 09:55:19,954 | INFO | watchfiles.main | 1 change detected
2026-07-08 09:55:20,369 | INFO | watchfiles.main | 1 change detected
2026-07-08 09:55:20,728 | INFO | watchfiles.main | 1 change detected
2026-07-08 09:55:21,144 | INFO | watchfiles.main | 1 change detected
2026-07-08 09:55:21,548 | INFO | watchfiles.main | 1 change detected
2026-07-08 09:55:21,965 | INFO | watchfiles.main | 1 change detected
2026-07-08 09:55:22,387 | INFO | watchfiles.main | 1 change detected
2026-07-08 09:55:22,793 | INFO | watchfiles.main | 1 change detected
2026-07-08 09:55:23,207 | INFO | watchfiles.main | 1 change detected
2026-07-08 09:55:23,625 | INFO | watchfiles.main | 1 change detected
2026-07-08 09:55:23,983 | INFO | watchfiles.main | 1 change detected
2026-07-08 09:55:24,445 | INFO | watchfiles.main | 1 change detected
2026-07-08 09:55:24,807 | INFO | watchfiles.main | 1 change detected
2026-07-08 09:55:25,222 | INFO | watchfiles.main | 1 change detected
2026-07-08 09:55:25,632 | INFO | watchfiles.main | 1 change detected
2026-07-08 09:55:26,043 | INFO | watchfiles.main | 1 change detected
2026-07-08 09:55:26,448 | INFO | watchfiles.main | 1 change detected
2026-07-08 09:55:26,868 | INFO | watchfiles.main | 1 change detected
2026-07-08 09:55:27,274 | INFO | watchfiles.main | 1 change detected
2026-07-08 09:55:27,690 | INFO | watchfiles.main | 1 change detected
2026-07-08 09:55:28,101 | INFO | watchfiles.main | 1 change detected
2026-07-08 09:55:28,521 | INFO | watchfiles.main | 1 change detected
2026-07-08 09:55:28,927 | INFO | watchfiles.main | 1 change detected
2026-07-08 09:55:29,345 | INFO | watchfiles.main | 1 change detected
2026-07-08 09:55:29,751 | INFO | watchfiles.main | 1 change detected
2026-07-08 09:55:30,159 | INFO | watchfiles.main | 1 change detected
2026-07-08 09:55:30,565 | INFO | watchfiles.main | 1 change detected
2026-07-08 09:55:30,977 | INFO | watchfiles.main | 1 change detected
2026-07-08 09:55:31,390 | INFO | watchfiles.main | 1 change detected
2026-07-08 09:55:31,807 | INFO | watchfiles.main | 1 change detected
2026-07-08 09:55:32,210 | INFO | watchfiles.main | 1 change detected
2026-07-08 09:55:32,578 | INFO | watchfiles.main | 1 change detected
2026-07-08 09:55:32,982 | INFO | watchfiles.main | 1 change detected
2026-07-08 09:55:33,438 | INFO | watchfiles.main | 1 change detected
2026-07-08 09:55:33,801 | INFO | watchfiles.main | 1 change detected
2026-07-08 09:55:34,216 | INFO | watchfiles.main | 1 change detected
2026-07-08 09:55:34,624 | INFO | watchfiles.main | 1 change detected
2026-07-08 09:55:35,029 | INFO | watchfiles.main | 1 change detected
2026-07-08 09:55:35,433 | INFO | watchfiles.main | 1 change detected
2026-07-08 09:55:35,839 | INFO | watchfiles.main | 1 change detected
2026-07-08 09:55:36,250 | INFO | watchfiles.main | 1 change detected
2026-07-08 09:55:36,665 | INFO | watchfiles.main | 1 change detected
2026-07-08 09:55:37,076 | INFO | watchfiles.main | 1 change detected
2026-07-08 09:55:37,485 | INFO | watchfiles.main | 1 change detected
2026-07-08 09:55:37,937 | INFO | watchfiles.main | 1 change detected
2026-07-08 09:55:38,349 | INFO | watchfiles.main | 1 change detected
2026-07-08 09:55:38,761 | INFO | watchfiles.main | 1 change detected
2026-07-08 09:55:39,165 | INFO | watchfiles.main | 1 change detected
2026-07-08 09:55:39,621 | INFO | watchfiles.main | 1 change detected
2026-07-08 09:55:40,025 | INFO | watchfiles.main | 1 change detected
2026-07-08 09:55:40,433 | INFO | watchfiles.main | 1 change detected
2026-07-08 09:55:40,851 | INFO | watchfiles.main | 1 change detected
2026-07-08 09:55:41,260 | INFO | watchfiles.main | 1 change detected
2026-07-08 09:55:41,666 | INFO | watchfiles.main | 1 change detected
2026-07-08 09:55:42,076 | INFO | watchfiles.main | 1 change detected
2026-07-08 09:55:42,440 | INFO | watchfiles.main | 1 change detected
2026-07-08 09:55:42,850 | INFO | watchfiles.main | 1 change detected
2026-07-08 09:55:43,253 | INFO | watchfiles.main | 1 change detected
2026-07-08 09:55:43,659 | INFO | watchfiles.main | 1 change detected
2026-07-08 09:55:44,071 | INFO | watchfiles.main | 1 change detected
2026-07-08 09:55:44,475 | INFO | watchfiles.main | 1 change detected
2026-07-08 09:55:44,902 | INFO | watchfiles.main | 1 change detected
2026-07-08 09:55:45,307 | INFO | watchfiles.main | 1 change detected
2026-07-08 09:55:45,673 | INFO | watchfiles.main | 1 change detected
2026-07-08 09:55:46,091 | INFO | watchfiles.main | 1 change detected
2026-07-08 09:55:46,502 | INFO | watchfiles.main | 1 change detected
2026-07-08 09:55:46,955 | INFO | watchfiles.main | 1 change detected
2026-07-08 09:55:47,316 | INFO | watchfiles.main | 1 change detected
2026-07-08 09:55:47,781 | INFO | watchfiles.main | 1 change detected
2026-07-08 09:55:48,188 | INFO | watchfiles.main | 1 change detected
2026-07-08 09:55:48,599 | INFO | watchfiles.main | 1 change detected
2026-07-08 09:55:49,008 | INFO | watchfiles.main | 1 change detected
2026-07-08 09:55:49,021 | INFO | lmsguard.requests | GET /platform/notifications -> 401 10.90ms
2026-07-08 09:55:49,363 | INFO | watchfiles.main | 1 change detected
2026-07-08 09:55:49,725 | INFO | watchfiles.main | 1 change detected
2026-07-08 09:55:50,089 | INFO | watchfiles.main | 1 change detected
2026-07-08 09:55:50,450 | INFO | watchfiles.main | 1 change detected
2026-07-08 09:55:50,815 | INFO | watchfiles.main | 1 change detected
2026-07-08 09:55:51,180 | INFO | watchfiles.main | 1 change detected
2026-07-08 09:55:51,546 | INFO | watchfiles.main | 1 change detected
2026-07-08 09:55:51,962 | INFO | watchfiles.main | 1 change detected
2026-07-08 09:55:52,370 | INFO | watchfiles.main | 1 change detected
2026-07-08 09:55:52,778 | INFO | watchfiles.main | 1 change detected
2026-07-08 09:55:53,193 | INFO | watchfiles.main | 1 change detected
2026-07-08 09:55:53,601 | INFO | watchfiles.main | 1 change detected
2026-07-08 09:55:53,953 | INFO | watchfiles.main | 1 change detected
2026-07-08 09:55:54,368 | INFO | watchfiles.main | 1 change detected
2026-07-08 09:55:54,774 | INFO | watchfiles.main | 1 change detected
2026-07-08 09:55:55,183 | INFO | watchfiles.main | 1 change detected
2026-07-08 09:55:55,607 | INFO | watchfiles.main | 1 change detected
2026-07-08 09:55:56,019 | INFO | watchfiles.main | 1 change detected
2026-07-08 09:55:56,387 | INFO | watchfiles.main | 1 change detected
2026-07-08 09:55:56,798 | INFO | watchfiles.main | 1 change detected
2026-07-08 09:55:57,214 | INFO | watchfiles.main | 1 change detected
2026-07-08 09:55:57,635 | INFO | watchfiles.main | 1 change detected
2026-07-08 09:55:58,045 | INFO | watchfiles.main | 1 change detected
2026-07-08 09:55:58,455 | INFO | watchfiles.main | 1 change detected
2026-07-08 09:55:58,860 | INFO | watchfiles.main | 1 change detected
2026-07-08 09:55:59,224 | INFO | watchfiles.main | 1 change detected
2026-07-08 09:55:59,629 | INFO | watchfiles.main | 1 change detected
2026-07-08 09:56:00,053 | INFO | watchfiles.main | 1 change detected
2026-07-08 09:56:00,472 | INFO | watchfiles.main | 1 change detected
2026-07-08 09:56:00,839 | INFO | watchfiles.main | 1 change detected
2026-07-08 09:56:01,260 | INFO | watchfiles.main | 1 change detected
2026-07-08 09:56:01,621 | INFO | watchfiles.main | 1 change detected
2026-07-08 09:56:02,036 | INFO | watchfiles.main | 1 change detected
2026-07-08 09:56:02,452 | INFO | watchfiles.main | 1 change detected
2026-07-08 09:56:02,861 | INFO | watchfiles.main | 1 change detected
2026-07-08 09:56:03,275 | INFO | watchfiles.main | 1 change detected
2026-07-08 09:56:03,641 | INFO | watchfiles.main | 1 change detected
2026-07-08 09:56:04,050 | INFO | watchfiles.main | 1 change detected
2026-07-08 09:56:04,466 | INFO | watchfiles.main | 1 change detected
2026-07-08 09:56:04,873 | INFO | watchfiles.main | 1 change detected
2026-07-08 09:56:05,228 | INFO | watchfiles.main | 1 change detected
2026-07-08 09:56:05,646 | INFO | watchfiles.main | 1 change detected
2026-07-08 09:56:06,053 | INFO | watchfiles.main | 1 change detected
2026-07-08 09:56:06,456 | INFO | watchfiles.main | 1 change detected
2026-07-08 09:56:06,860 | INFO | watchfiles.main | 1 change detected
2026-07-08 09:56:07,273 | INFO | watchfiles.main | 1 change detected
2026-07-08 09:56:07,728 | INFO | watchfiles.main | 1 change detected
2026-07-08 09:56:08,082 | INFO | watchfiles.main | 1 change detected
2026-07-08 09:56:08,485 | INFO | watchfiles.main | 1 change detected
2026-07-08 09:56:08,943 | INFO | watchfiles.main | 1 change detected
2026-07-08 09:56:09,306 | INFO | watchfiles.main | 1 change detected
2026-07-08 09:56:09,765 | INFO | watchfiles.main | 1 change detected
2026-07-08 09:56:10,120 | INFO | watchfiles.main | 1 change detected
2026-07-08 09:56:10,575 | INFO | watchfiles.main | 1 change detected
2026-07-08 09:56:10,990 | INFO | watchfiles.main | 1 change detected
2026-07-08 09:56:11,355 | INFO | watchfiles.main | 1 change detected
2026-07-08 09:56:11,778 | INFO | watchfiles.main | 1 change detected
2026-07-08 09:56:12,189 | INFO | watchfiles.main | 1 change detected
2026-07-08 09:56:12,601 | INFO | watchfiles.main | 1 change detected
2026-07-08 09:56:13,013 | INFO | watchfiles.main | 1 change detected
2026-07-08 09:56:13,378 | INFO | watchfiles.main | 1 change detected
2026-07-08 09:56:13,795 | INFO | watchfiles.main | 1 change detected
2026-07-08 09:56:14,204 | INFO | watchfiles.main | 1 change detected
2026-07-08 09:56:14,614 | INFO | watchfiles.main | 1 change detected
2026-07-08 09:56:15,026 | INFO | watchfiles.main | 1 change detected
2026-07-08 09:56:15,438 | INFO | watchfiles.main | 1 change detected
2026-07-08 09:56:15,892 | INFO | watchfiles.main | 1 change detected
2026-07-08 09:56:16,254 | INFO | watchfiles.main | 1 change detected
2026-07-08 09:56:16,664 | INFO | watchfiles.main | 1 change detected
2026-07-08 09:56:17,072 | INFO | watchfiles.main | 1 change detected
2026-07-08 09:56:17,476 | INFO | watchfiles.main | 1 change detected
2026-07-08 09:56:17,891 | INFO | watchfiles.main | 1 change detected
2026-07-08 09:56:18,298 | INFO | watchfiles.main | 1 change detected
2026-07-08 09:56:18,664 | INFO | watchfiles.main | 1 change detected
2026-07-08 09:56:19,077 | INFO | watchfiles.main | 1 change detected
2026-07-08 09:56:19,486 | INFO | watchfiles.main | 1 change detected
2026-07-08 09:56:19,899 | INFO | watchfiles.main | 1 change detected
2026-07-08 09:56:20,302 | INFO | watchfiles.main | 1 change detected
2026-07-08 09:56:20,712 | INFO | watchfiles.main | 1 change detected
2026-07-08 09:56:21,125 | INFO | watchfiles.main | 1 change detected
2026-07-08 09:56:21,537 | INFO | watchfiles.main | 1 change detected
2026-07-08 09:56:21,949 | INFO | watchfiles.main | 1 change detected
2026-07-08 09:56:22,366 | INFO | watchfiles.main | 1 change detected
2026-07-08 09:56:22,771 | INFO | watchfiles.main | 1 change detected
2026-07-08 09:56:23,185 | INFO | watchfiles.main | 1 change detected
2026-07-08 09:56:23,541 | INFO | watchfiles.main | 1 change detected
2026-07-08 09:56:23,949 | INFO | watchfiles.main | 1 change detected
2026-07-08 09:56:24,355 | INFO | watchfiles.main | 1 change detected
2026-07-08 09:56:24,759 | INFO | watchfiles.main | 1 change detected
2026-07-08 09:56:25,165 | INFO | watchfiles.main | 1 change detected
2026-07-08 09:56:25,580 | INFO | watchfiles.main | 1 change detected
2026-07-08 09:56:25,993 | INFO | watchfiles.main | 1 change detected
2026-07-08 09:56:26,414 | INFO | watchfiles.main | 1 change detected
2026-07-08 09:56:26,826 | INFO | watchfiles.main | 1 change detected
2026-07-08 09:56:27,231 | INFO | watchfiles.main | 1 change detected
2026-07-08 09:56:27,592 | INFO | watchfiles.main | 1 change detected
2026-07-08 09:56:28,046 | INFO | watchfiles.main | 1 change detected
2026-07-08 09:56:28,449 | INFO | watchfiles.main | 1 change detected
2026-07-08 09:56:28,851 | INFO | watchfiles.main | 1 change detected
2026-07-08 09:56:29,266 | INFO | watchfiles.main | 1 change detected
2026-07-08 09:56:29,621 | INFO | watchfiles.main | 1 change detected
2026-07-08 09:56:30,030 | INFO | watchfiles.main | 1 change detected
2026-07-08 09:56:30,446 | INFO | watchfiles.main | 1 change detected
2026-07-08 09:56:30,849 | INFO | watchfiles.main | 1 change detected
2026-07-08 09:56:31,317 | INFO | watchfiles.main | 1 change detected
2026-07-08 09:56:31,677 | INFO | watchfiles.main | 1 change detected
2026-07-08 09:56:32,093 | INFO | watchfiles.main | 1 change detected
2026-07-08 09:56:32,518 | INFO | watchfiles.main | 1 change detected
2026-07-08 09:56:32,884 | INFO | watchfiles.main | 1 change detected
2026-07-08 09:56:33,292 | INFO | watchfiles.main | 1 change detected
2026-07-08 09:56:33,703 | INFO | watchfiles.main | 1 change detected
2026-07-08 09:56:34,112 | INFO | watchfiles.main | 1 change detected
2026-07-08 09:56:34,529 | INFO | watchfiles.main | 1 change detected
2026-07-08 09:56:34,891 | INFO | watchfiles.main | 1 change detected
2026-07-08 09:56:35,304 | INFO | watchfiles.main | 1 change detected
2026-07-08 09:56:35,720 | INFO | watchfiles.main | 1 change detected
2026-07-08 09:56:36,133 | INFO | watchfiles.main | 1 change detected
2026-07-08 09:56:36,544 | INFO | watchfiles.main | 1 change detected
2026-07-08 09:56:36,969 | INFO | watchfiles.main | 1 change detected
2026-07-08 09:56:37,382 | INFO | watchfiles.main | 1 change detected
2026-07-08 09:56:37,790 | INFO | watchfiles.main | 1 change detected
2026-07-08 09:56:38,194 | INFO | watchfiles.main | 1 change detected
2026-07-08 09:56:38,600 | INFO | watchfiles.main | 1 change detected
2026-07-08 09:56:39,012 | INFO | watchfiles.main | 1 change detected
2026-07-08 09:56:39,426 | INFO | watchfiles.main | 1 change detected
2026-07-08 09:56:39,841 | INFO | watchfiles.main | 1 change detected
2026-07-08 09:56:40,207 | INFO | watchfiles.main | 1 change detected
2026-07-08 09:56:40,618 | INFO | watchfiles.main | 1 change detected
2026-07-08 09:56:41,024 | INFO | watchfiles.main | 1 change detected
2026-07-08 09:56:41,444 | INFO | watchfiles.main | 1 change detected
2026-07-08 09:56:41,852 | INFO | watchfiles.main | 1 change detected
2026-07-08 09:56:42,260 | INFO | watchfiles.main | 1 change detected
2026-07-08 09:56:42,668 | INFO | watchfiles.main | 1 change detected
2026-07-08 09:56:43,073 | INFO | watchfiles.main | 1 change detected
2026-07-08 09:56:43,483 | INFO | watchfiles.main | 1 change detected
2026-07-08 09:56:43,901 | INFO | watchfiles.main | 1 change detected
2026-07-08 09:56:44,307 | INFO | watchfiles.main | 1 change detected
2026-07-08 09:56:44,713 | INFO | watchfiles.main | 1 change detected
2026-07-08 09:56:45,117 | INFO | watchfiles.main | 1 change detected
2026-07-08 09:56:45,529 | INFO | watchfiles.main | 1 change detected
2026-07-08 09:56:45,930 | INFO | watchfiles.main | 1 change detected
2026-07-08 09:56:46,308 | INFO | watchfiles.main | 1 change detected
2026-07-08 09:56:46,721 | INFO | watchfiles.main | 1 change detected
2026-07-08 09:56:47,133 | INFO | watchfiles.main | 1 change detected
2026-07-08 09:56:47,549 | INFO | watchfiles.main | 1 change detected
2026-07-08 09:56:47,962 | INFO | watchfiles.main | 1 change detected
2026-07-08 09:56:48,368 | INFO | watchfiles.main | 1 change detected
2026-07-08 09:56:48,705 | INFO | lmsguard.requests | GET /platform/notifications -> 401 4.19ms
2026-07-08 09:56:48,780 | INFO | watchfiles.main | 1 change detected
2026-07-08 09:56:49,191 | INFO | watchfiles.main | 1 change detected
2026-07-08 09:56:49,603 | INFO | watchfiles.main | 1 change detected
2026-07-08 09:56:49,961 | INFO | watchfiles.main | 1 change detected
2026-07-08 09:56:50,371 | INFO | watchfiles.main | 1 change detected
2026-07-08 09:56:50,781 | INFO | watchfiles.main | 1 change detected
2026-07-08 09:56:51,235 | INFO | watchfiles.main | 1 change detected
2026-07-08 09:56:51,638 | INFO | watchfiles.main | 1 change detected
2026-07-08 09:56:52,054 | INFO | watchfiles.main | 1 change detected
2026-07-08 09:56:52,465 | INFO | watchfiles.main | 1 change detected
2026-07-08 09:56:52,840 | INFO | watchfiles.main | 1 change detected
2026-07-08 09:56:53,258 | INFO | watchfiles.main | 1 change detected
2026-07-08 09:56:53,670 | INFO | watchfiles.main | 1 change detected
2026-07-08 09:56:54,087 | INFO | watchfiles.main | 1 change detected
2026-07-08 09:56:54,499 | INFO | watchfiles.main | 1 change detected
2026-07-08 09:56:54,905 | INFO | watchfiles.main | 1 change detected
2026-07-08 09:56:55,271 | INFO | watchfiles.main | 1 change detected
2026-07-08 09:56:55,731 | INFO | watchfiles.main | 1 change detected
2026-07-08 09:56:56,090 | INFO | watchfiles.main | 1 change detected
2026-07-08 09:56:56,550 | INFO | watchfiles.main | 1 change detected
2026-07-08 09:56:56,922 | INFO | watchfiles.main | 1 change detected
2026-07-08 09:56:57,326 | INFO | watchfiles.main | 1 change detected
2026-07-08 09:56:57,737 | INFO | watchfiles.main | 1 change detected
2026-07-08 09:56:58,099 | INFO | watchfiles.main | 1 change detected
2026-07-08 09:56:58,508 | INFO | watchfiles.main | 1 change detected
2026-07-08 09:56:58,911 | INFO | watchfiles.main | 1 change detected
2026-07-08 09:56:59,321 | INFO | watchfiles.main | 1 change detected
2026-07-08 09:56:59,729 | INFO | watchfiles.main | 1 change detected
2026-07-08 09:57:00,137 | INFO | watchfiles.main | 1 change detected
2026-07-08 09:57:00,546 | INFO | watchfiles.main | 1 change detected
2026-07-08 09:57:00,950 | INFO | watchfiles.main | 1 change detected
2026-07-08 09:57:01,362 | INFO | watchfiles.main | 1 change detected
2026-07-08 09:57:01,780 | INFO | watchfiles.main | 1 change detected
2026-07-08 09:57:02,184 | INFO | watchfiles.main | 1 change detected
2026-07-08 09:57:02,593 | INFO | watchfiles.main | 1 change detected
2026-07-08 09:57:03,000 | INFO | watchfiles.main | 1 change detected
2026-07-08 09:57:03,409 | INFO | watchfiles.main | 1 change detected
2026-07-08 09:57:03,824 | INFO | watchfiles.main | 1 change detected
2026-07-08 09:57:04,231 | INFO | watchfiles.main | 1 change detected
2026-07-08 09:57:04,645 | INFO | watchfiles.main | 1 change detected
2026-07-08 09:57:05,056 | INFO | watchfiles.main | 1 change detected
2026-07-08 09:57:05,460 | INFO | watchfiles.main | 1 change detected
2026-07-08 09:57:05,870 | INFO | watchfiles.main | 1 change detected
2026-07-08 09:57:06,290 | INFO | watchfiles.main | 1 change detected
2026-07-08 09:57:06,703 | INFO | watchfiles.main | 1 change detected
2026-07-08 09:57:07,075 | INFO | watchfiles.main | 1 change detected
2026-07-08 09:57:07,494 | INFO | watchfiles.main | 1 change detected
2026-07-08 09:57:07,908 | INFO | watchfiles.main | 1 change detected
2026-07-08 09:57:08,323 | INFO | watchfiles.main | 1 change detected
2026-07-08 09:57:08,739 | INFO | watchfiles.main | 1 change detected
2026-07-08 09:57:09,106 | INFO | watchfiles.main | 1 change detected
2026-07-08 09:57:09,515 | INFO | watchfiles.main | 1 change detected
2026-07-08 09:57:09,968 | INFO | watchfiles.main | 1 change detected
2026-07-08 09:57:10,336 | INFO | watchfiles.main | 1 change detected
2026-07-08 09:57:10,759 | INFO | watchfiles.main | 1 change detected
2026-07-08 09:57:11,171 | INFO | watchfiles.main | 1 change detected
2026-07-08 09:57:11,578 | INFO | watchfiles.main | 1 change detected
2026-07-08 09:57:11,991 | INFO | watchfiles.main | 1 change detected
2026-07-08 09:57:12,398 | INFO | watchfiles.main | 1 change detected
2026-07-08 09:57:12,813 | INFO | watchfiles.main | 1 change detected
2026-07-08 09:57:13,226 | INFO | watchfiles.main | 1 change detected
2026-07-08 09:57:13,633 | INFO | watchfiles.main | 1 change detected
2026-07-08 09:57:14,042 | INFO | watchfiles.main | 1 change detected
2026-07-08 09:57:14,450 | INFO | watchfiles.main | 1 change detected
2026-07-08 09:57:14,813 | INFO | watchfiles.main | 1 change detected
2026-07-08 09:57:15,232 | INFO | watchfiles.main | 1 change detected
2026-07-08 09:57:15,637 | INFO | watchfiles.main | 1 change detected
2026-07-08 09:57:16,043 | INFO | watchfiles.main | 1 change detected
2026-07-08 09:57:16,453 | INFO | watchfiles.main | 1 change detected
2026-07-08 09:57:16,817 | INFO | watchfiles.main | 1 change detected
2026-07-08 09:57:17,221 | INFO | watchfiles.main | 1 change detected
2026-07-08 09:57:17,637 | INFO | watchfiles.main | 1 change detected
2026-07-08 09:57:18,042 | INFO | watchfiles.main | 1 change detected
2026-07-08 09:57:18,459 | INFO | watchfiles.main | 1 change detected
2026-07-08 09:57:18,834 | INFO | watchfiles.main | 1 change detected
2026-07-08 09:57:19,241 | INFO | watchfiles.main | 1 change detected
2026-07-08 09:57:19,654 | INFO | watchfiles.main | 1 change detected
2026-07-08 09:57:20,057 | INFO | watchfiles.main | 1 change detected
2026-07-08 09:57:20,459 | INFO | watchfiles.main | 1 change detected
2026-07-08 09:57:20,885 | INFO | watchfiles.main | 1 change detected
2026-07-08 09:57:21,302 | INFO | watchfiles.main | 1 change detected
2026-07-08 09:57:21,717 | INFO | watchfiles.main | 1 change detected
2026-07-08 09:57:22,083 | INFO | watchfiles.main | 1 change detected
2026-07-08 09:57:22,485 | INFO | watchfiles.main | 1 change detected
2026-07-08 09:57:22,948 | INFO | watchfiles.main | 1 change detected
2026-07-08 09:57:23,309 | INFO | watchfiles.main | 1 change detected
2026-07-08 09:57:23,716 | INFO | watchfiles.main | 1 change detected
2026-07-08 09:57:24,122 | INFO | watchfiles.main | 1 change detected
2026-07-08 09:57:24,537 | INFO | watchfiles.main | 1 change detected
2026-07-08 09:57:24,950 | INFO | watchfiles.main | 1 change detected
2026-07-08 09:57:25,323 | INFO | watchfiles.main | 1 change detected
2026-07-08 09:57:25,729 | INFO | watchfiles.main | 1 change detected
2026-07-08 09:57:26,136 | INFO | watchfiles.main | 1 change detected
2026-07-08 09:57:26,557 | INFO | watchfiles.main | 1 change detected
2026-07-08 09:57:26,963 | INFO | watchfiles.main | 1 change detected
2026-07-08 09:57:27,370 | INFO | watchfiles.main | 1 change detected
2026-07-08 09:57:27,781 | INFO | watchfiles.main | 1 change detected
2026-07-08 09:57:28,187 | INFO | watchfiles.main | 1 change detected
2026-07-08 09:57:28,545 | INFO | watchfiles.main | 1 change detected
2026-07-08 09:57:28,956 | INFO | watchfiles.main | 1 change detected
2026-07-08 09:57:29,363 | INFO | watchfiles.main | 1 change detected
2026-07-08 09:57:29,781 | INFO | watchfiles.main | 1 change detected
2026-07-08 09:57:30,197 | INFO | watchfiles.main | 1 change detected
2026-07-08 09:57:30,612 | INFO | watchfiles.main | 1 change detected
2026-07-08 09:57:31,023 | INFO | watchfiles.main | 1 change detected
2026-07-08 09:57:31,450 | INFO | watchfiles.main | 1 change detected
2026-07-08 09:57:31,812 | INFO | watchfiles.main | 1 change detected
2026-07-08 09:57:32,229 | INFO | watchfiles.main | 1 change detected
2026-07-08 09:57:32,600 | INFO | watchfiles.main | 1 change detected
2026-07-08 09:57:33,017 | INFO | watchfiles.main | 1 change detected
2026-07-08 09:57:33,430 | INFO | watchfiles.main | 1 change detected
2026-07-08 09:57:33,833 | INFO | watchfiles.main | 1 change detected
2026-07-08 09:57:34,197 | INFO | watchfiles.main | 1 change detected
2026-07-08 09:57:34,625 | INFO | watchfiles.main | 1 change detected
2026-07-08 09:57:35,028 | INFO | watchfiles.main | 1 change detected
2026-07-08 09:57:35,403 | INFO | watchfiles.main | 1 change detected
2026-07-08 09:57:35,828 | INFO | watchfiles.main | 1 change detected
2026-07-08 09:57:36,235 | INFO | watchfiles.main | 1 change detected
2026-07-08 09:57:36,653 | INFO | watchfiles.main | 1 change detected
2026-07-08 09:57:37,059 | INFO | watchfiles.main | 1 change detected
2026-07-08 09:57:37,465 | INFO | watchfiles.main | 1 change detected
2026-07-08 09:57:37,871 | INFO | watchfiles.main | 1 change detected
2026-07-08 09:57:38,281 | INFO | watchfiles.main | 1 change detected
2026-07-08 09:57:38,698 | INFO | watchfiles.main | 1 change detected
2026-07-08 09:57:39,102 | INFO | watchfiles.main | 1 change detected
2026-07-08 09:57:39,525 | INFO | watchfiles.main | 1 change detected
2026-07-08 09:57:39,930 | INFO | watchfiles.main | 1 change detected
2026-07-08 09:57:40,339 | INFO | watchfiles.main | 1 change detected
2026-07-08 09:57:40,701 | INFO | watchfiles.main | 1 change detected
2026-07-08 09:57:41,161 | INFO | watchfiles.main | 1 change detected
2026-07-08 09:57:41,570 | INFO | watchfiles.main | 1 change detected
2026-07-08 09:57:41,984 | INFO | watchfiles.main | 1 change detected
2026-07-08 09:57:42,345 | INFO | watchfiles.main | 1 change detected
2026-07-08 09:57:42,760 | INFO | watchfiles.main | 1 change detected
2026-07-08 09:57:43,177 | INFO | watchfiles.main | 1 change detected
2026-07-08 09:57:43,591 | INFO | watchfiles.main | 1 change detected
2026-07-08 09:57:43,999 | INFO | watchfiles.main | 1 change detected
2026-07-08 09:57:44,404 | INFO | watchfiles.main | 1 change detected
2026-07-08 09:57:44,824 | INFO | watchfiles.main | 1 change detected
2026-07-08 09:57:45,233 | INFO | watchfiles.main | 1 change detected
2026-07-08 09:57:45,651 | INFO | watchfiles.main | 1 change detected
2026-07-08 09:57:46,011 | INFO | watchfiles.main | 1 change detected
2026-07-08 09:57:46,424 | INFO | watchfiles.main | 1 change detected
2026-07-08 09:57:46,789 | INFO | watchfiles.main | 1 change detected
2026-07-08 09:57:47,207 | INFO | watchfiles.main | 1 change detected
2026-07-08 09:57:47,623 | INFO | watchfiles.main | 1 change detected
2026-07-08 09:57:48,033 | INFO | watchfiles.main | 1 change detected
2026-07-08 09:57:48,438 | INFO | watchfiles.main | 1 change detected
2026-07-08 09:57:48,851 | INFO | watchfiles.main | 1 change detected
2026-07-08 09:57:49,012 | INFO | lmsguard.requests | GET /platform/notifications -> 401 2.83ms
2026-07-08 09:57:49,213 | INFO | watchfiles.main | 1 change detected
2026-07-08 09:57:49,574 | INFO | watchfiles.main | 1 change detected
2026-07-08 09:57:49,932 | INFO | watchfiles.main | 1 change detected
2026-07-08 09:57:50,309 | INFO | watchfiles.main | 1 change detected
2026-07-08 09:57:50,725 | INFO | watchfiles.main | 1 change detected
2026-07-08 09:57:51,139 | INFO | watchfiles.main | 1 change detected
2026-07-08 09:57:51,510 | INFO | watchfiles.main | 1 change detected
2026-07-08 09:57:51,930 | INFO | watchfiles.main | 1 change detected
2026-07-08 09:57:52,346 | INFO | watchfiles.main | 1 change detected
2026-07-08 09:57:52,749 | INFO | watchfiles.main | 1 change detected
2026-07-08 09:57:53,121 | INFO | watchfiles.main | 1 change detected
2026-07-08 09:57:53,537 | INFO | watchfiles.main | 1 change detected
2026-07-08 09:57:53,952 | INFO | watchfiles.main | 1 change detected
2026-07-08 09:57:54,370 | INFO | watchfiles.main | 1 change detected
2026-07-08 09:57:54,740 | INFO | watchfiles.main | 1 change detected
2026-07-08 09:57:55,156 | INFO | watchfiles.main | 1 change detected
2026-07-08 09:57:55,565 | INFO | watchfiles.main | 1 change detected
2026-07-08 09:57:55,980 | INFO | watchfiles.main | 1 change detected
2026-07-08 09:57:56,396 | INFO | watchfiles.main | 1 change detected
2026-07-08 09:57:56,801 | INFO | watchfiles.main | 1 change detected
2026-07-08 09:57:57,210 | INFO | watchfiles.main | 1 change detected
2026-07-08 09:57:57,625 | INFO | watchfiles.main | 1 change detected
2026-07-08 09:57:57,986 | INFO | watchfiles.main | 1 change detected
2026-07-08 09:57:58,389 | INFO | watchfiles.main | 1 change detected
2026-07-08 09:57:58,797 | INFO | watchfiles.main | 1 change detected
2026-07-08 09:57:59,203 | INFO | watchfiles.main | 1 change detected
2026-07-08 09:57:59,616 | INFO | watchfiles.main | 1 change detected
2026-07-08 09:58:00,034 | INFO | watchfiles.main | 1 change detected
2026-07-08 09:58:00,443 | INFO | watchfiles.main | 1 change detected
2026-07-08 09:58:00,854 | INFO | watchfiles.main | 1 change detected
2026-07-08 09:58:01,276 | INFO | watchfiles.main | 1 change detected
2026-07-08 09:58:01,644 | INFO | watchfiles.main | 1 change detected
2026-07-08 09:58:02,058 | INFO | watchfiles.main | 1 change detected
2026-07-08 09:58:02,470 | INFO | watchfiles.main | 1 change detected
2026-07-08 09:58:02,883 | INFO | watchfiles.main | 1 change detected
2026-07-08 09:58:03,336 | INFO | watchfiles.main | 1 change detected
2026-07-08 09:58:03,743 | INFO | watchfiles.main | 1 change detected
2026-07-08 09:58:04,148 | INFO | watchfiles.main | 1 change detected
2026-07-08 09:58:04,513 | INFO | watchfiles.main | 1 change detected
2026-07-08 09:58:04,916 | INFO | watchfiles.main | 1 change detected
2026-07-08 09:58:05,374 | INFO | watchfiles.main | 1 change detected
2026-07-08 09:58:05,737 | INFO | watchfiles.main | 1 change detected
2026-07-08 09:58:06,143 | INFO | watchfiles.main | 1 change detected
2026-07-08 09:58:06,615 | INFO | watchfiles.main | 1 change detected
2026-07-08 09:58:06,981 | INFO | watchfiles.main | 1 change detected
2026-07-08 09:58:07,385 | INFO | watchfiles.main | 1 change detected
2026-07-08 09:58:07,797 | INFO | watchfiles.main | 1 change detected
2026-07-08 09:58:08,201 | INFO | watchfiles.main | 1 change detected
2026-07-08 09:58:08,615 | INFO | watchfiles.main | 1 change detected
2026-07-08 09:58:09,027 | INFO | watchfiles.main | 1 change detected
2026-07-08 09:58:09,434 | INFO | watchfiles.main | 1 change detected
2026-07-08 09:58:09,845 | INFO | watchfiles.main | 1 change detected
2026-07-08 09:58:10,254 | INFO | watchfiles.main | 1 change detected
2026-07-08 09:58:10,666 | INFO | watchfiles.main | 1 change detected
2026-07-08 09:58:11,073 | INFO | watchfiles.main | 1 change detected
2026-07-08 09:58:11,484 | INFO | watchfiles.main | 1 change detected
2026-07-08 09:58:11,889 | INFO | watchfiles.main | 1 change detected
2026-07-08 09:58:12,297 | INFO | watchfiles.main | 1 change detected
2026-07-08 09:58:12,708 | INFO | watchfiles.main | 1 change detected
2026-07-08 09:58:13,120 | INFO | watchfiles.main | 1 change detected
2026-07-08 09:58:13,490 | INFO | watchfiles.main | 1 change detected
2026-07-08 09:58:13,908 | INFO | watchfiles.main | 1 change detected
2026-07-08 09:58:14,316 | INFO | watchfiles.main | 1 change detected
2026-07-08 09:58:14,728 | INFO | watchfiles.main | 1 change detected
2026-07-08 09:58:15,140 | INFO | watchfiles.main | 1 change detected
2026-07-08 09:58:15,505 | INFO | watchfiles.main | 1 change detected
2026-07-08 09:58:15,912 | INFO | watchfiles.main | 1 change detected
2026-07-08 09:58:16,319 | INFO | watchfiles.main | 1 change detected
2026-07-08 09:58:16,722 | INFO | watchfiles.main | 1 change detected
2026-07-08 09:58:17,137 | INFO | watchfiles.main | 1 change detected
2026-07-08 09:58:17,555 | INFO | watchfiles.main | 1 change detected
2026-07-08 09:58:17,965 | INFO | watchfiles.main | 1 change detected
2026-07-08 09:58:18,375 | INFO | watchfiles.main | 1 change detected
2026-07-08 09:58:18,791 | INFO | watchfiles.main | 1 change detected
2026-07-08 09:58:19,199 | INFO | watchfiles.main | 1 change detected
2026-07-08 09:58:19,613 | INFO | watchfiles.main | 1 change detected
2026-07-08 09:58:20,024 | INFO | watchfiles.main | 1 change detected
2026-07-08 09:58:20,434 | INFO | watchfiles.main | 1 change detected
2026-07-08 09:58:20,844 | INFO | watchfiles.main | 1 change detected
2026-07-08 09:58:21,258 | INFO | watchfiles.main | 1 change detected
2026-07-08 09:58:21,666 | INFO | watchfiles.main | 1 change detected
2026-07-08 09:58:22,033 | INFO | watchfiles.main | 1 change detected
2026-07-08 09:58:22,447 | INFO | watchfiles.main | 1 change detected
2026-07-08 09:58:22,906 | INFO | watchfiles.main | 1 change detected
2026-07-08 09:58:23,312 | INFO | watchfiles.main | 1 change detected
2026-07-08 09:58:23,715 | INFO | watchfiles.main | 1 change detected
2026-07-08 09:58:24,120 | INFO | watchfiles.main | 1 change detected
2026-07-08 09:58:24,529 | INFO | watchfiles.main | 1 change detected
2026-07-08 09:58:24,894 | INFO | watchfiles.main | 1 change detected
2026-07-08 09:58:25,312 | INFO | watchfiles.main | 1 change detected
2026-07-08 09:58:25,719 | INFO | watchfiles.main | 1 change detected
2026-07-08 09:58:26,172 | INFO | watchfiles.main | 1 change detected
2026-07-08 09:58:26,580 | INFO | watchfiles.main | 1 change detected
2026-07-08 09:58:26,994 | INFO | watchfiles.main | 1 change detected
2026-07-08 09:58:27,352 | INFO | watchfiles.main | 1 change detected
2026-07-08 09:58:27,760 | INFO | watchfiles.main | 1 change detected
2026-07-08 09:58:28,173 | INFO | watchfiles.main | 1 change detected
2026-07-08 09:58:28,579 | INFO | watchfiles.main | 1 change detected
2026-07-08 09:58:28,982 | INFO | watchfiles.main | 1 change detected
2026-07-08 09:58:29,398 | INFO | watchfiles.main | 1 change detected
2026-07-08 09:58:29,803 | INFO | watchfiles.main | 1 change detected
2026-07-08 09:58:30,206 | INFO | watchfiles.main | 1 change detected
2026-07-08 09:58:30,622 | INFO | watchfiles.main | 1 change detected
2026-07-08 09:58:31,028 | INFO | watchfiles.main | 1 change detected
2026-07-08 09:58:31,437 | INFO | watchfiles.main | 1 change detected
2026-07-08 09:58:31,845 | INFO | watchfiles.main | 1 change detected
2026-07-08 09:58:32,257 | INFO | watchfiles.main | 1 change detected
2026-07-08 09:58:32,664 | INFO | watchfiles.main | 1 change detected
2026-07-08 09:58:33,071 | INFO | watchfiles.main | 1 change detected
2026-07-08 09:58:33,474 | INFO | watchfiles.main | 1 change detected
2026-07-08 09:58:33,891 | INFO | watchfiles.main | 1 change detected
2026-07-08 09:58:34,309 | INFO | watchfiles.main | 1 change detected
2026-07-08 09:58:34,714 | INFO | watchfiles.main | 1 change detected
2026-07-08 09:58:35,136 | INFO | watchfiles.main | 1 change detected
2026-07-08 09:58:35,548 | INFO | watchfiles.main | 1 change detected
2026-07-08 09:58:35,963 | INFO | watchfiles.main | 1 change detected
2026-07-08 09:58:36,368 | INFO | watchfiles.main | 1 change detected
2026-07-08 09:58:36,775 | INFO | watchfiles.main | 1 change detected
2026-07-08 09:58:37,186 | INFO | watchfiles.main | 1 change detected
2026-07-08 09:58:37,550 | INFO | watchfiles.main | 1 change detected
2026-07-08 09:58:38,017 | INFO | watchfiles.main | 1 change detected
2026-07-08 09:58:38,385 | INFO | watchfiles.main | 1 change detected
2026-07-08 09:58:38,799 | INFO | watchfiles.main | 1 change detected
2026-07-08 09:58:39,211 | INFO | watchfiles.main | 1 change detected
2026-07-08 09:58:39,618 | INFO | watchfiles.main | 1 change detected
2026-07-08 09:58:40,022 | INFO | watchfiles.main | 1 change detected
2026-07-08 09:58:40,379 | INFO | watchfiles.main | 1 change detected
2026-07-08 09:58:40,834 | INFO | watchfiles.main | 1 change detected
2026-07-08 09:58:41,194 | INFO | watchfiles.main | 1 change detected
2026-07-08 09:58:41,620 | INFO | watchfiles.main | 1 change detected
2026-07-08 09:58:42,040 | INFO | watchfiles.main | 1 change detected
2026-07-08 09:58:42,404 | INFO | watchfiles.main | 1 change detected
2026-07-08 09:58:42,824 | INFO | watchfiles.main | 1 change detected
2026-07-08 09:58:43,198 | INFO | watchfiles.main | 1 change detected
2026-07-08 09:58:43,607 | INFO | watchfiles.main | 1 change detected
2026-07-08 09:58:44,027 | INFO | watchfiles.main | 1 change detected
2026-07-08 09:58:44,440 | INFO | watchfiles.main | 1 change detected
2026-07-08 09:58:44,859 | INFO | watchfiles.main | 1 change detected
2026-07-08 09:58:45,264 | INFO | watchfiles.main | 1 change detected
2026-07-08 09:58:45,670 | INFO | watchfiles.main | 1 change detected
2026-07-08 09:58:46,092 | INFO | watchfiles.main | 1 change detected
2026-07-08 09:58:46,497 | INFO | watchfiles.main | 1 change detected
2026-07-08 09:58:46,902 | INFO | watchfiles.main | 1 change detected
2026-07-08 09:58:47,308 | INFO | watchfiles.main | 1 change detected
2026-07-08 09:58:47,673 | INFO | watchfiles.main | 1 change detected
2026-07-08 09:58:48,088 | INFO | watchfiles.main | 1 change detected
2026-07-08 09:58:48,506 | INFO | watchfiles.main | 1 change detected
2026-07-08 09:58:48,712 | INFO | lmsguard.requests | GET /platform/notifications -> 401 8.72ms
2026-07-08 09:58:48,871 | INFO | watchfiles.main | 1 change detected
2026-07-08 09:58:49,224 | INFO | watchfiles.main | 1 change detected
2026-07-08 09:58:49,588 | INFO | watchfiles.main | 1 change detected
2026-07-08 09:58:50,005 | INFO | watchfiles.main | 1 change detected
2026-07-08 09:58:50,425 | INFO | watchfiles.main | 1 change detected
2026-07-08 09:58:50,790 | INFO | watchfiles.main | 1 change detected
2026-07-08 09:58:51,254 | INFO | watchfiles.main | 1 change detected
2026-07-08 09:58:51,620 | INFO | watchfiles.main | 1 change detected
2026-07-08 09:58:52,041 | INFO | watchfiles.main | 1 change detected
2026-07-08 09:58:52,452 | INFO | watchfiles.main | 1 change detected
2026-07-08 09:58:52,855 | INFO | watchfiles.main | 1 change detected
2026-07-08 09:58:53,222 | INFO | watchfiles.main | 1 change detected
2026-07-08 09:58:53,632 | INFO | watchfiles.main | 1 change detected
2026-07-08 09:58:54,043 | INFO | watchfiles.main | 1 change detected
2026-07-08 09:58:54,452 | INFO | watchfiles.main | 1 change detected
2026-07-08 09:58:54,858 | INFO | watchfiles.main | 1 change detected
2026-07-08 09:58:55,226 | INFO | watchfiles.main | 1 change detected
2026-07-08 09:58:55,639 | INFO | watchfiles.main | 1 change detected
2026-07-08 09:58:56,042 | INFO | watchfiles.main | 1 change detected
2026-07-08 09:58:56,459 | INFO | watchfiles.main | 1 change detected
2026-07-08 09:58:56,823 | INFO | watchfiles.main | 1 change detected
2026-07-08 09:58:57,231 | INFO | watchfiles.main | 1 change detected
2026-07-08 09:58:57,639 | INFO | watchfiles.main | 1 change detected
2026-07-08 09:58:58,100 | INFO | watchfiles.main | 1 change detected
2026-07-08 09:58:58,511 | INFO | watchfiles.main | 1 change detected
2026-07-08 09:58:58,918 | INFO | watchfiles.main | 1 change detected
2026-07-08 09:58:59,323 | INFO | watchfiles.main | 1 change detected
2026-07-08 09:58:59,726 | INFO | watchfiles.main | 1 change detected
2026-07-08 09:59:00,084 | INFO | watchfiles.main | 1 change detected
2026-07-08 09:59:00,496 | INFO | watchfiles.main | 1 change detected
2026-07-08 09:59:00,913 | INFO | watchfiles.main | 1 change detected
2026-07-08 09:59:01,289 | INFO | watchfiles.main | 1 change detected
2026-07-08 09:59:01,702 | INFO | watchfiles.main | 1 change detected
2026-07-08 09:59:02,116 | INFO | watchfiles.main | 1 change detected
2026-07-08 09:59:02,527 | INFO | watchfiles.main | 1 change detected
2026-07-08 09:59:02,948 | INFO | watchfiles.main | 1 change detected
2026-07-08 09:59:03,370 | INFO | watchfiles.main | 1 change detected
2026-07-08 09:59:03,775 | INFO | watchfiles.main | 1 change detected
2026-07-08 09:59:04,185 | INFO | watchfiles.main | 1 change detected
2026-07-08 09:59:04,551 | INFO | watchfiles.main | 1 change detected
2026-07-08 09:59:05,018 | INFO | watchfiles.main | 1 change detected
2026-07-08 09:59:05,428 | INFO | watchfiles.main | 1 change detected
2026-07-08 09:59:05,843 | INFO | watchfiles.main | 1 change detected
2026-07-08 09:59:06,247 | INFO | watchfiles.main | 1 change detected
2026-07-08 09:59:06,609 | INFO | watchfiles.main | 1 change detected
2026-07-08 09:59:07,013 | INFO | watchfiles.main | 1 change detected
2026-07-08 09:59:07,417 | INFO | watchfiles.main | 1 change detected
2026-07-08 09:59:07,824 | INFO | watchfiles.main | 1 change detected
2026-07-08 09:59:08,228 | INFO | watchfiles.main | 1 change detected
2026-07-08 09:59:08,636 | INFO | watchfiles.main | 1 change detected
2026-07-08 09:59:09,047 | INFO | watchfiles.main | 1 change detected
2026-07-08 09:59:09,452 | INFO | watchfiles.main | 1 change detected
2026-07-08 09:59:09,855 | INFO | watchfiles.main | 1 change detected
2026-07-08 09:59:10,262 | INFO | watchfiles.main | 1 change detected
2026-07-08 09:59:10,669 | INFO | watchfiles.main | 1 change detected
2026-07-08 09:59:11,077 | INFO | watchfiles.main | 1 change detected
2026-07-08 09:59:11,494 | INFO | watchfiles.main | 1 change detected
2026-07-08 09:59:11,900 | INFO | watchfiles.main | 1 change detected
2026-07-08 09:59:12,310 | INFO | watchfiles.main | 1 change detected
2026-07-08 09:59:12,719 | INFO | watchfiles.main | 1 change detected
2026-07-08 09:59:13,131 | INFO | watchfiles.main | 1 change detected
2026-07-08 09:59:13,538 | INFO | watchfiles.main | 1 change detected
2026-07-08 09:59:13,952 | INFO | watchfiles.main | 1 change detected
2026-07-08 09:59:14,357 | INFO | watchfiles.main | 1 change detected
2026-07-08 09:59:14,821 | INFO | watchfiles.main | 1 change detected
2026-07-08 09:59:15,193 | INFO | watchfiles.main | 1 change detected
2026-07-08 09:59:15,597 | INFO | watchfiles.main | 1 change detected
2026-07-08 09:59:16,013 | INFO | watchfiles.main | 1 change detected
2026-07-08 09:59:16,417 | INFO | watchfiles.main | 1 change detected
2026-07-08 09:59:16,827 | INFO | watchfiles.main | 1 change detected
2026-07-08 09:59:17,238 | INFO | watchfiles.main | 1 change detected
2026-07-08 09:59:17,653 | INFO | watchfiles.main | 1 change detected
2026-07-08 09:59:18,057 | INFO | watchfiles.main | 1 change detected
2026-07-08 09:59:18,510 | INFO | watchfiles.main | 1 change detected
2026-07-08 09:59:18,877 | INFO | watchfiles.main | 1 change detected
2026-07-08 09:59:19,295 | INFO | watchfiles.main | 1 change detected
2026-07-08 09:59:19,702 | INFO | watchfiles.main | 1 change detected
2026-07-08 09:59:20,110 | INFO | watchfiles.main | 1 change detected
2026-07-08 09:59:20,521 | INFO | watchfiles.main | 1 change detected
2026-07-08 09:59:20,934 | INFO | watchfiles.main | 1 change detected
2026-07-08 09:59:21,349 | INFO | watchfiles.main | 1 change detected
2026-07-08 09:59:21,763 | INFO | watchfiles.main | 1 change detected
2026-07-08 09:59:22,186 | INFO | watchfiles.main | 1 change detected
2026-07-08 09:59:22,539 | INFO | watchfiles.main | 1 change detected
2026-07-08 09:59:23,002 | INFO | watchfiles.main | 1 change detected
2026-07-08 09:59:23,354 | INFO | watchfiles.main | 1 change detected
2026-07-08 09:59:23,762 | INFO | watchfiles.main | 1 change detected
2026-07-08 09:59:24,168 | INFO | watchfiles.main | 1 change detected
2026-07-08 09:59:24,574 | INFO | watchfiles.main | 1 change detected
2026-07-08 09:59:24,981 | INFO | watchfiles.main | 1 change detected
2026-07-08 09:59:25,384 | INFO | watchfiles.main | 1 change detected
2026-07-08 09:59:25,787 | INFO | watchfiles.main | 1 change detected
2026-07-08 09:59:26,199 | INFO | watchfiles.main | 1 change detected
2026-07-08 09:59:26,602 | INFO | watchfiles.main | 1 change detected
2026-07-08 09:59:27,014 | INFO | watchfiles.main | 1 change detected
2026-07-08 09:59:27,421 | INFO | watchfiles.main | 1 change detected
2026-07-08 09:59:27,828 | INFO | watchfiles.main | 1 change detected
2026-07-08 09:59:28,235 | INFO | watchfiles.main | 1 change detected
2026-07-08 09:59:28,639 | INFO | watchfiles.main | 1 change detected
2026-07-08 09:59:29,044 | INFO | watchfiles.main | 1 change detected
2026-07-08 09:59:29,448 | INFO | watchfiles.main | 1 change detected
2026-07-08 09:59:29,816 | INFO | watchfiles.main | 1 change detected
2026-07-08 09:59:30,228 | INFO | watchfiles.main | 1 change detected
2026-07-08 09:59:30,644 | INFO | watchfiles.main | 1 change detected
2026-07-08 09:59:31,055 | INFO | watchfiles.main | 1 change detected
2026-07-08 09:59:31,464 | INFO | watchfiles.main | 1 change detected
2026-07-08 09:59:31,870 | INFO | watchfiles.main | 1 change detected
2026-07-08 09:59:32,277 | INFO | watchfiles.main | 1 change detected
2026-07-08 09:59:32,696 | INFO | watchfiles.main | 1 change detected
2026-07-08 09:59:33,116 | INFO | watchfiles.main | 1 change detected
2026-07-08 09:59:33,478 | INFO | watchfiles.main | 1 change detected
2026-07-08 09:59:33,888 | INFO | watchfiles.main | 1 change detected
2026-07-08 09:59:34,292 | INFO | watchfiles.main | 1 change detected
2026-07-08 09:59:34,752 | INFO | watchfiles.main | 1 change detected
2026-07-08 09:59:35,159 | INFO | watchfiles.main | 1 change detected
2026-07-08 09:59:35,523 | INFO | watchfiles.main | 1 change detected
2026-07-08 09:59:35,947 | INFO | watchfiles.main | 1 change detected
2026-07-08 09:59:36,359 | INFO | watchfiles.main | 1 change detected
2026-07-08 09:59:36,764 | INFO | watchfiles.main | 1 change detected
2026-07-08 09:59:37,183 | INFO | watchfiles.main | 1 change detected
2026-07-08 09:59:37,589 | INFO | watchfiles.main | 1 change detected
2026-07-08 09:59:38,006 | INFO | watchfiles.main | 1 change detected
2026-07-08 09:59:38,410 | INFO | watchfiles.main | 1 change detected
2026-07-08 09:59:38,823 | INFO | watchfiles.main | 1 change detected
2026-07-08 09:59:39,191 | INFO | watchfiles.main | 1 change detected
2026-07-08 09:59:39,600 | INFO | watchfiles.main | 1 change detected
2026-07-08 09:59:40,007 | INFO | watchfiles.main | 1 change detected
2026-07-08 09:59:40,422 | INFO | watchfiles.main | 1 change detected
2026-07-08 09:59:40,835 | INFO | watchfiles.main | 1 change detected
2026-07-08 09:59:41,295 | INFO | watchfiles.main | 1 change detected
2026-07-08 09:59:41,666 | INFO | watchfiles.main | 1 change detected
2026-07-08 09:59:42,069 | INFO | watchfiles.main | 1 change detected
2026-07-08 09:59:42,532 | INFO | watchfiles.main | 1 change detected
2026-07-08 09:59:42,893 | INFO | watchfiles.main | 1 change detected
2026-07-08 09:59:43,306 | INFO | watchfiles.main | 1 change detected
2026-07-08 09:59:43,710 | INFO | watchfiles.main | 1 change detected
2026-07-08 09:59:44,117 | INFO | watchfiles.main | 1 change detected
2026-07-08 09:59:44,525 | INFO | watchfiles.main | 1 change detected
2026-07-08 09:59:44,934 | INFO | watchfiles.main | 1 change detected
2026-07-08 09:59:45,292 | INFO | watchfiles.main | 1 change detected
2026-07-08 09:59:45,702 | INFO | watchfiles.main | 1 change detected
2026-07-08 09:59:46,105 | INFO | watchfiles.main | 1 change detected
2026-07-08 09:59:46,511 | INFO | watchfiles.main | 1 change detected
2026-07-08 09:59:46,922 | INFO | watchfiles.main | 1 change detected
2026-07-08 09:59:47,324 | INFO | watchfiles.main | 1 change detected
2026-07-08 09:59:47,731 | INFO | watchfiles.main | 1 change detected
2026-07-08 09:59:48,137 | INFO | watchfiles.main | 1 change detected
2026-07-08 09:59:48,546 | INFO | watchfiles.main | 1 change detected
2026-07-08 09:59:48,959 | INFO | watchfiles.main | 1 change detected
2026-07-08 09:59:49,008 | INFO | lmsguard.requests | GET /platform/notifications -> 401 4.08ms
2026-07-08 09:59:49,322 | INFO | watchfiles.main | 1 change detected
2026-07-08 09:59:49,678 | INFO | watchfiles.main | 1 change detected
2026-07-08 09:59:50,038 | INFO | watchfiles.main | 1 change detected
2026-07-08 09:59:50,397 | INFO | watchfiles.main | 1 change detected
2026-07-08 09:59:50,753 | INFO | watchfiles.main | 1 change detected
2026-07-08 09:59:51,113 | INFO | watchfiles.main | 1 change detected
2026-07-08 09:59:51,531 | INFO | watchfiles.main | 1 change detected
2026-07-08 09:59:51,941 | INFO | watchfiles.main | 1 change detected
2026-07-08 09:59:52,358 | INFO | watchfiles.main | 1 change detected
2026-07-08 09:59:52,764 | INFO | watchfiles.main | 1 change detected
2026-07-08 09:59:53,170 | INFO | watchfiles.main | 1 change detected
2026-07-08 09:59:53,578 | INFO | watchfiles.main | 1 change detected
2026-07-08 09:59:53,933 | INFO | watchfiles.main | 1 change detected
2026-07-08 09:59:54,390 | INFO | watchfiles.main | 1 change detected
2026-07-08 09:59:54,753 | INFO | watchfiles.main | 1 change detected
2026-07-08 09:59:55,169 | INFO | watchfiles.main | 1 change detected
2026-07-08 09:59:55,576 | INFO | watchfiles.main | 1 change detected
2026-07-08 09:59:55,983 | INFO | watchfiles.main | 1 change detected
2026-07-08 09:59:56,441 | INFO | watchfiles.main | 1 change detected
2026-07-08 09:59:56,797 | INFO | watchfiles.main | 1 change detected
2026-07-08 09:59:57,207 | INFO | watchfiles.main | 1 change detected
2026-07-08 09:59:57,614 | INFO | watchfiles.main | 1 change detected
2026-07-08 09:59:58,029 | INFO | watchfiles.main | 1 change detected
2026-07-08 09:59:58,434 | INFO | watchfiles.main | 1 change detected
2026-07-08 09:59:58,842 | INFO | watchfiles.main | 1 change detected
2026-07-08 09:59:59,246 | INFO | watchfiles.main | 1 change detected
2026-07-08 09:59:59,658 | INFO | watchfiles.main | 1 change detected
2026-07-08 10:00:00,070 | INFO | watchfiles.main | 1 change detected
2026-07-08 10:00:00,476 | INFO | watchfiles.main | 1 change detected
2026-07-08 10:00:00,882 | INFO | watchfiles.main | 1 change detected
2026-07-08 10:00:01,299 | INFO | watchfiles.main | 1 change detected
2026-07-08 10:00:01,713 | INFO | watchfiles.main | 1 change detected
2026-07-08 10:00:02,116 | INFO | watchfiles.main | 1 change detected
2026-07-08 10:00:02,532 | INFO | watchfiles.main | 1 change detected
2026-07-08 10:00:02,939 | INFO | watchfiles.main | 1 change detected
2026-07-08 10:00:03,359 | INFO | watchfiles.main | 1 change detected
2026-07-08 10:00:03,773 | INFO | watchfiles.main | 1 change detected
2026-07-08 10:00:04,181 | INFO | watchfiles.main | 1 change detected
2026-07-08 10:00:04,558 | INFO | watchfiles.main | 1 change detected
2026-07-08 10:00:04,969 | INFO | watchfiles.main | 1 change detected
2026-07-08 10:00:05,374 | INFO | watchfiles.main | 1 change detected
2026-07-08 10:00:05,790 | INFO | watchfiles.main | 1 change detected
2026-07-08 10:00:06,197 | INFO | watchfiles.main | 1 change detected
2026-07-08 10:00:06,651 | INFO | watchfiles.main | 1 change detected
2026-07-08 10:00:07,055 | INFO | watchfiles.main | 1 change detected
2026-07-08 10:00:07,463 | INFO | watchfiles.main | 1 change detected
2026-07-08 10:00:07,819 | INFO | watchfiles.main | 1 change detected
2026-07-08 10:00:08,229 | INFO | watchfiles.main | 1 change detected
2026-07-08 10:00:08,634 | INFO | watchfiles.main | 1 change detected
2026-07-08 10:00:09,041 | INFO | watchfiles.main | 1 change detected
2026-07-08 10:00:09,460 | INFO | watchfiles.main | 1 change detected
2026-07-08 10:00:09,822 | INFO | watchfiles.main | 1 change detected
2026-07-08 10:00:10,247 | INFO | watchfiles.main | 1 change detected
2026-07-08 10:00:10,657 | INFO | watchfiles.main | 1 change detected
2026-07-08 10:00:11,067 | INFO | watchfiles.main | 1 change detected
2026-07-08 10:00:11,431 | INFO | watchfiles.main | 1 change detected
2026-07-08 10:00:11,845 | INFO | watchfiles.main | 1 change detected
2026-07-08 10:00:12,247 | INFO | watchfiles.main | 1 change detected
2026-07-08 10:00:12,656 | INFO | watchfiles.main | 1 change detected
2026-07-08 10:00:13,073 | INFO | watchfiles.main | 1 change detected
2026-07-08 10:00:13,489 | INFO | watchfiles.main | 1 change detected
2026-07-08 10:00:13,891 | INFO | watchfiles.main | 1 change detected
2026-07-08 10:00:14,247 | INFO | watchfiles.main | 1 change detected
2026-07-08 10:00:14,653 | INFO | watchfiles.main | 1 change detected
2026-07-08 10:00:15,075 | INFO | watchfiles.main | 1 change detected
2026-07-08 10:00:15,495 | INFO | watchfiles.main | 1 change detected
2026-07-08 10:00:15,899 | INFO | watchfiles.main | 1 change detected
2026-07-08 10:00:16,258 | INFO | watchfiles.main | 1 change detected
2026-07-08 10:00:16,673 | INFO | watchfiles.main | 1 change detected
2026-07-08 10:00:17,081 | INFO | watchfiles.main | 1 change detected
2026-07-08 10:00:17,496 | INFO | watchfiles.main | 1 change detected
2026-07-08 10:00:17,899 | INFO | watchfiles.main | 1 change detected
2026-07-08 10:00:18,264 | INFO | watchfiles.main | 1 change detected
2026-07-08 10:00:18,729 | INFO | watchfiles.main | 1 change detected
2026-07-08 10:00:19,131 | INFO | watchfiles.main | 1 change detected
2026-07-08 10:00:19,497 | INFO | watchfiles.main | 1 change detected
2026-07-08 10:00:19,901 | INFO | watchfiles.main | 1 change detected
2026-07-08 10:00:20,311 | INFO | watchfiles.main | 1 change detected
2026-07-08 10:00:20,713 | INFO | watchfiles.main | 1 change detected
2026-07-08 10:00:21,122 | INFO | watchfiles.main | 1 change detected
2026-07-08 10:00:21,489 | INFO | watchfiles.main | 1 change detected
2026-07-08 10:00:21,902 | INFO | watchfiles.main | 1 change detected
2026-07-08 10:00:22,319 | INFO | watchfiles.main | 1 change detected
2026-07-08 10:00:22,722 | INFO | watchfiles.main | 1 change detected
2026-07-08 10:00:23,135 | INFO | watchfiles.main | 1 change detected
2026-07-08 10:00:23,539 | INFO | watchfiles.main | 1 change detected
2026-07-08 10:00:23,951 | INFO | watchfiles.main | 1 change detected
2026-07-08 10:00:24,367 | INFO | watchfiles.main | 1 change detected
2026-07-08 10:00:24,778 | INFO | watchfiles.main | 1 change detected
2026-07-08 10:00:25,196 | INFO | watchfiles.main | 1 change detected
2026-07-08 10:00:25,606 | INFO | watchfiles.main | 1 change detected
2026-07-08 10:00:26,008 | INFO | watchfiles.main | 1 change detected
2026-07-08 10:00:26,424 | INFO | watchfiles.main | 1 change detected
2026-07-08 10:00:26,837 | INFO | watchfiles.main | 1 change detected
2026-07-08 10:00:27,257 | INFO | watchfiles.main | 1 change detected
2026-07-08 10:00:27,667 | INFO | watchfiles.main | 1 change detected
2026-07-08 10:00:28,087 | INFO | watchfiles.main | 1 change detected
2026-07-08 10:00:28,496 | INFO | watchfiles.main | 1 change detected
2026-07-08 10:00:28,910 | INFO | watchfiles.main | 1 change detected
2026-07-08 10:00:29,275 | INFO | watchfiles.main | 1 change detected
2026-07-08 10:00:29,691 | INFO | watchfiles.main | 1 change detected
2026-07-08 10:00:30,103 | INFO | watchfiles.main | 1 change detected
2026-07-08 10:00:30,520 | INFO | watchfiles.main | 1 change detected
2026-07-08 10:00:30,886 | INFO | watchfiles.main | 1 change detected
2026-07-08 10:00:31,302 | INFO | watchfiles.main | 1 change detected
2026-07-08 10:00:31,716 | INFO | watchfiles.main | 1 change detected
2026-07-08 10:00:32,131 | INFO | watchfiles.main | 1 change detected
2026-07-08 10:00:32,487 | INFO | watchfiles.main | 1 change detected
2026-07-08 10:00:32,898 | INFO | watchfiles.main | 1 change detected
2026-07-08 10:00:33,264 | INFO | watchfiles.main | 1 change detected
2026-07-08 10:00:33,667 | INFO | watchfiles.main | 1 change detected
2026-07-08 10:00:34,075 | INFO | watchfiles.main | 1 change detected
2026-07-08 10:00:34,481 | INFO | watchfiles.main | 1 change detected
2026-07-08 10:00:34,889 | INFO | watchfiles.main | 1 change detected
2026-07-08 10:00:35,296 | INFO | watchfiles.main | 1 change detected
2026-07-08 10:00:35,706 | INFO | watchfiles.main | 1 change detected
2026-07-08 10:00:36,110 | INFO | watchfiles.main | 1 change detected
2026-07-08 10:00:36,476 | INFO | watchfiles.main | 1 change detected
2026-07-08 10:00:36,893 | INFO | watchfiles.main | 1 change detected
2026-07-08 10:00:37,307 | INFO | watchfiles.main | 1 change detected
2026-07-08 10:00:37,714 | INFO | watchfiles.main | 1 change detected
2026-07-08 10:00:38,121 | INFO | watchfiles.main | 1 change detected
2026-07-08 10:00:38,530 | INFO | watchfiles.main | 1 change detected
2026-07-08 10:00:38,946 | INFO | watchfiles.main | 1 change detected
2026-07-08 10:00:39,348 | INFO | watchfiles.main | 1 change detected
2026-07-08 10:00:39,757 | INFO | watchfiles.main | 1 change detected
2026-07-08 10:00:40,119 | INFO | watchfiles.main | 1 change detected
2026-07-08 10:00:40,522 | INFO | watchfiles.main | 1 change detected
2026-07-08 10:00:40,987 | INFO | watchfiles.main | 1 change detected
2026-07-08 10:00:41,342 | INFO | watchfiles.main | 1 change detected
2026-07-08 10:00:41,758 | INFO | watchfiles.main | 1 change detected
2026-07-08 10:00:42,164 | INFO | watchfiles.main | 1 change detected
2026-07-08 10:00:42,570 | INFO | watchfiles.main | 1 change detected
2026-07-08 10:00:42,972 | INFO | watchfiles.main | 1 change detected
2026-07-08 10:00:43,395 | INFO | watchfiles.main | 1 change detected
2026-07-08 10:00:43,802 | INFO | watchfiles.main | 1 change detected
2026-07-08 10:00:44,211 | INFO | watchfiles.main | 1 change detected
2026-07-08 10:00:44,623 | INFO | watchfiles.main | 1 change detected
2026-07-08 10:00:45,030 | INFO | watchfiles.main | 1 change detected
2026-07-08 10:00:45,436 | INFO | watchfiles.main | 1 change detected
2026-07-08 10:00:45,840 | INFO | watchfiles.main | 1 change detected
2026-07-08 10:00:46,251 | INFO | watchfiles.main | 1 change detected
2026-07-08 10:00:46,668 | INFO | watchfiles.main | 1 change detected
2026-07-08 10:00:47,075 | INFO | watchfiles.main | 1 change detected
2026-07-08 10:00:47,493 | INFO | watchfiles.main | 1 change detected
2026-07-08 10:00:47,903 | INFO | watchfiles.main | 1 change detected
2026-07-08 10:00:48,310 | INFO | watchfiles.main | 1 change detected
2026-07-08 10:00:48,709 | INFO | lmsguard.requests | GET /platform/notifications -> 401 2.46ms
2026-07-08 10:00:48,726 | INFO | watchfiles.main | 1 change detected
2026-07-08 10:00:49,080 | INFO | watchfiles.main | 1 change detected
2026-07-08 10:01:49,013 | INFO | lmsguard.requests | OPTIONS /platform/notifications -> 200 0.53ms
2026-07-08 10:01:49,013 | INFO | lmsguard.requests | GET /platform/notifications -> 401 1.44ms
2026-07-08 10:01:49,110 | INFO | watchfiles.main | 1 change detected
2026-07-08 10:01:49,463 | INFO | watchfiles.main | 1 change detected
2026-07-08 10:01:49,818 | INFO | watchfiles.main | 1 change detected
2026-07-08 10:01:50,173 | INFO | watchfiles.main | 1 change detected
2026-07-08 10:01:50,539 | INFO | watchfiles.main | 1 change detected
2026-07-08 10:01:50,897 | INFO | watchfiles.main | 1 change detected
2026-07-08 10:01:51,262 | INFO | watchfiles.main | 1 change detected
2026-07-08 10:01:51,622 | INFO | watchfiles.main | 1 change detected
2026-07-08 10:01:52,038 | INFO | watchfiles.main | 1 change detected
2026-07-08 10:01:52,445 | INFO | watchfiles.main | 1 change detected
2026-07-08 10:01:52,818 | INFO | watchfiles.main | 1 change detected
2026-07-08 10:01:53,232 | INFO | watchfiles.main | 1 change detected
2026-07-08 10:01:53,639 | INFO | watchfiles.main | 1 change detected
2026-07-08 10:01:54,043 | INFO | watchfiles.main | 1 change detected
2026-07-08 10:01:54,411 | INFO | watchfiles.main | 1 change detected
2026-07-08 10:01:54,835 | INFO | watchfiles.main | 1 change detected
2026-07-08 10:01:55,239 | INFO | watchfiles.main | 1 change detected
2026-07-08 10:01:55,653 | INFO | watchfiles.main | 1 change detected
2026-07-08 10:01:56,061 | INFO | watchfiles.main | 1 change detected
2026-07-08 10:01:56,477 | INFO | watchfiles.main | 1 change detected
2026-07-08 10:01:56,890 | INFO | watchfiles.main | 1 change detected
2026-07-08 10:01:57,292 | INFO | watchfiles.main | 1 change detected
2026-07-08 10:01:57,700 | INFO | watchfiles.main | 1 change detected
2026-07-08 10:01:58,110 | INFO | watchfiles.main | 1 change detected
2026-07-08 10:01:58,515 | INFO | watchfiles.main | 1 change detected
2026-07-08 10:01:58,919 | INFO | watchfiles.main | 1 change detected
2026-07-08 10:01:59,330 | INFO | watchfiles.main | 1 change detected
2026-07-08 10:01:59,695 | INFO | watchfiles.main | 1 change detected
2026-07-08 10:02:00,097 | INFO | watchfiles.main | 1 change detected
2026-07-08 10:02:00,511 | INFO | watchfiles.main | 1 change detected
2026-07-08 10:02:00,919 | INFO | watchfiles.main | 1 change detected
2026-07-08 10:02:01,336 | INFO | watchfiles.main | 1 change detected
2026-07-08 10:02:01,743 | INFO | watchfiles.main | 1 change detected
2026-07-08 10:02:02,149 | INFO | watchfiles.main | 1 change detected
2026-07-08 10:02:02,610 | INFO | watchfiles.main | 1 change detected
2026-07-08 10:02:02,973 | INFO | watchfiles.main | 1 change detected
2026-07-08 10:02:03,389 | INFO | watchfiles.main | 1 change detected
2026-07-08 10:02:03,755 | INFO | watchfiles.main | 1 change detected
2026-07-08 10:02:04,212 | INFO | watchfiles.main | 1 change detected
2026-07-08 10:02:04,622 | INFO | watchfiles.main | 1 change detected
2026-07-08 10:02:05,029 | INFO | watchfiles.main | 1 change detected
2026-07-08 10:02:05,439 | INFO | watchfiles.main | 1 change detected
2026-07-08 10:02:05,853 | INFO | watchfiles.main | 1 change detected
2026-07-08 10:02:06,265 | INFO | watchfiles.main | 1 change detected
2026-07-08 10:02:06,668 | INFO | watchfiles.main | 1 change detected
2026-07-08 10:02:07,074 | INFO | watchfiles.main | 1 change detected
2026-07-08 10:02:07,488 | INFO | watchfiles.main | 1 change detected
2026-07-08 10:02:07,901 | INFO | watchfiles.main | 1 change detected
2026-07-08 10:02:08,311 | INFO | watchfiles.main | 1 change detected
2026-07-08 10:02:08,681 | INFO | watchfiles.main | 1 change detected
2026-07-08 10:02:09,089 | INFO | watchfiles.main | 1 change detected
2026-07-08 10:02:09,514 | INFO | watchfiles.main | 1 change detected
2026-07-08 10:02:09,920 | INFO | watchfiles.main | 1 change detected
2026-07-08 10:02:10,331 | INFO | watchfiles.main | 1 change detected
2026-07-08 10:02:10,743 | INFO | watchfiles.main | 1 change detected
2026-07-08 10:02:11,160 | INFO | watchfiles.main | 1 change detected
2026-07-08 10:02:11,570 | INFO | watchfiles.main | 1 change detected
2026-07-08 10:02:11,939 | INFO | watchfiles.main | 1 change detected
2026-07-08 10:02:12,348 | INFO | watchfiles.main | 1 change detected
2026-07-08 10:02:12,760 | INFO | watchfiles.main | 1 change detected
2026-07-08 10:02:13,180 | INFO | watchfiles.main | 1 change detected
2026-07-08 10:02:13,601 | INFO | watchfiles.main | 1 change detected
2026-07-08 10:02:14,003 | INFO | watchfiles.main | 1 change detected
2026-07-08 10:02:14,415 | INFO | watchfiles.main | 1 change detected
2026-07-08 10:02:14,822 | INFO | watchfiles.main | 1 change detected
2026-07-08 10:02:15,277 | INFO | watchfiles.main | 1 change detected
2026-07-08 10:02:15,686 | INFO | watchfiles.main | 1 change detected
2026-07-08 10:02:16,093 | INFO | watchfiles.main | 1 change detected
2026-07-08 10:02:16,505 | INFO | watchfiles.main | 1 change detected
2026-07-08 10:02:16,859 | INFO | watchfiles.main | 1 change detected
2026-07-08 10:02:17,275 | INFO | watchfiles.main | 1 change detected
2026-07-08 10:02:17,681 | INFO | watchfiles.main | 1 change detected
2026-07-08 10:02:18,087 | INFO | watchfiles.main | 1 change detected
2026-07-08 10:02:18,491 | INFO | watchfiles.main | 1 change detected
2026-07-08 10:02:18,900 | INFO | watchfiles.main | 1 change detected
2026-07-08 10:02:19,357 | INFO | watchfiles.main | 1 change detected
2026-07-08 10:02:19,715 | INFO | watchfiles.main | 1 change detected
2026-07-08 10:02:20,128 | INFO | watchfiles.main | 1 change detected
2026-07-08 10:02:20,535 | INFO | watchfiles.main | 1 change detected
2026-07-08 10:02:20,904 | INFO | watchfiles.main | 1 change detected
2026-07-08 10:02:21,316 | INFO | watchfiles.main | 1 change detected
2026-07-08 10:02:21,725 | INFO | watchfiles.main | 1 change detected
2026-07-08 10:02:22,129 | INFO | watchfiles.main | 1 change detected
2026-07-08 10:02:22,537 | INFO | watchfiles.main | 1 change detected
2026-07-08 10:02:22,941 | INFO | watchfiles.main | 1 change detected
2026-07-08 10:02:23,344 | INFO | watchfiles.main | 1 change detected
2026-07-08 10:02:23,753 | INFO | watchfiles.main | 1 change detected
2026-07-08 10:02:24,112 | INFO | watchfiles.main | 1 change detected
2026-07-08 10:02:24,516 | INFO | watchfiles.main | 1 change detected
2026-07-08 10:02:24,930 | INFO | watchfiles.main | 1 change detected
2026-07-08 10:02:25,344 | INFO | watchfiles.main | 1 change detected
2026-07-08 10:02:25,711 | INFO | watchfiles.main | 1 change detected
2026-07-08 10:02:26,114 | INFO | watchfiles.main | 1 change detected
2026-07-08 10:02:26,528 | INFO | watchfiles.main | 1 change detected
2026-07-08 10:02:26,945 | INFO | watchfiles.main | 1 change detected
2026-07-08 10:02:27,305 | INFO | watchfiles.main | 1 change detected
2026-07-08 10:02:27,707 | INFO | watchfiles.main | 1 change detected
2026-07-08 10:02:28,118 | INFO | watchfiles.main | 1 change detected
2026-07-08 10:02:28,521 | INFO | watchfiles.main | 1 change detected
2026-07-08 10:02:28,924 | INFO | watchfiles.main | 1 change detected
2026-07-08 10:02:29,333 | INFO | watchfiles.main | 1 change detected
2026-07-08 10:02:29,744 | INFO | watchfiles.main | 1 change detected
2026-07-08 10:02:30,151 | INFO | watchfiles.main | 1 change detected
2026-07-08 10:02:30,554 | INFO | watchfiles.main | 1 change detected
2026-07-08 10:02:30,911 | INFO | watchfiles.main | 1 change detected
2026-07-08 10:02:31,363 | INFO | watchfiles.main | 1 change detected
2026-07-08 10:02:31,734 | INFO | watchfiles.main | 1 change detected
2026-07-08 10:02:32,140 | INFO | watchfiles.main | 1 change detected
2026-07-08 10:02:32,557 | INFO | watchfiles.main | 1 change detected
2026-07-08 10:02:32,963 | INFO | watchfiles.main | 1 change detected
2026-07-08 10:02:33,379 | INFO | watchfiles.main | 1 change detected
2026-07-08 10:02:33,787 | INFO | watchfiles.main | 1 change detected
2026-07-08 10:02:34,197 | INFO | watchfiles.main | 1 change detected
2026-07-08 10:02:34,615 | INFO | watchfiles.main | 1 change detected
2026-07-08 10:02:35,032 | INFO | watchfiles.main | 1 change detected
2026-07-08 10:02:35,443 | INFO | watchfiles.main | 1 change detected
2026-07-08 10:02:35,856 | INFO | watchfiles.main | 1 change detected
2026-07-08 10:02:36,260 | INFO | watchfiles.main | 1 change detected
2026-07-08 10:02:36,667 | INFO | watchfiles.main | 1 change detected
2026-07-08 10:02:37,039 | INFO | watchfiles.main | 1 change detected
2026-07-08 10:02:37,444 | INFO | watchfiles.main | 1 change detected
2026-07-08 10:02:37,852 | INFO | watchfiles.main | 1 change detected
2026-07-08 10:02:38,265 | INFO | watchfiles.main | 1 change detected
2026-07-08 10:02:38,628 | INFO | watchfiles.main | 1 change detected
2026-07-08 10:02:39,040 | INFO | watchfiles.main | 1 change detected
2026-07-08 10:02:39,456 | INFO | watchfiles.main | 1 change detected
2026-07-08 10:02:39,871 | INFO | watchfiles.main | 1 change detected
2026-07-08 10:02:40,274 | INFO | watchfiles.main | 1 change detected
2026-07-08 10:02:40,680 | INFO | watchfiles.main | 1 change detected
2026-07-08 10:02:41,087 | INFO | watchfiles.main | 1 change detected
2026-07-08 10:02:41,449 | INFO | watchfiles.main | 1 change detected
2026-07-08 10:02:41,909 | INFO | watchfiles.main | 1 change detected
2026-07-08 10:02:42,314 | INFO | watchfiles.main | 1 change detected
2026-07-08 10:02:42,678 | INFO | watchfiles.main | 1 change detected
2026-07-08 10:02:43,087 | INFO | watchfiles.main | 1 change detected
2026-07-08 10:02:43,500 | INFO | watchfiles.main | 1 change detected
2026-07-08 10:02:43,914 | INFO | watchfiles.main | 1 change detected
2026-07-08 10:02:44,318 | INFO | watchfiles.main | 1 change detected
2026-07-08 10:02:44,725 | INFO | watchfiles.main | 1 change detected
2026-07-08 10:02:45,188 | INFO | watchfiles.main | 1 change detected
2026-07-08 10:02:45,553 | INFO | watchfiles.main | 1 change detected
2026-07-08 10:02:46,009 | INFO | watchfiles.main | 1 change detected
2026-07-08 10:02:46,375 | INFO | watchfiles.main | 1 change detected
2026-07-08 10:02:46,835 | INFO | watchfiles.main | 1 change detected
2026-07-08 10:02:47,241 | INFO | watchfiles.main | 1 change detected
2026-07-08 10:02:47,648 | INFO | watchfiles.main | 1 change detected
2026-07-08 10:02:48,067 | INFO | watchfiles.main | 1 change detected
2026-07-08 10:02:48,476 | INFO | watchfiles.main | 1 change detected
2026-07-08 10:02:48,711 | INFO | lmsguard.requests | GET /platform/notifications -> 401 2.63ms
2026-07-08 10:02:48,840 | INFO | watchfiles.main | 1 change detected
2026-07-08 10:02:49,196 | INFO | watchfiles.main | 1 change detected
2026-07-08 10:02:49,599 | INFO | watchfiles.main | 1 change detected
2026-07-08 10:02:50,003 | INFO | watchfiles.main | 1 change detected
2026-07-08 10:02:50,407 | INFO | watchfiles.main | 1 change detected
2026-07-08 10:02:50,815 | INFO | watchfiles.main | 1 change detected
2026-07-08 10:02:51,224 | INFO | watchfiles.main | 1 change detected
2026-07-08 10:02:51,632 | INFO | watchfiles.main | 1 change detected
2026-07-08 10:02:52,045 | INFO | watchfiles.main | 1 change detected
2026-07-08 10:02:52,466 | INFO | watchfiles.main | 1 change detected
2026-07-08 10:02:52,881 | INFO | watchfiles.main | 1 change detected
2026-07-08 10:02:53,286 | INFO | watchfiles.main | 1 change detected
2026-07-08 10:02:53,701 | INFO | watchfiles.main | 1 change detected
2026-07-08 10:02:54,114 | INFO | watchfiles.main | 1 change detected
2026-07-08 10:02:54,524 | INFO | watchfiles.main | 1 change detected
2026-07-08 10:02:54,935 | INFO | watchfiles.main | 1 change detected
2026-07-08 10:02:55,300 | INFO | watchfiles.main | 1 change detected
2026-07-08 10:02:55,719 | INFO | watchfiles.main | 1 change detected
2026-07-08 10:02:56,080 | INFO | watchfiles.main | 1 change detected
2026-07-08 10:02:56,498 | INFO | watchfiles.main | 1 change detected
2026-07-08 10:02:56,903 | INFO | watchfiles.main | 1 change detected
2026-07-08 10:02:57,328 | INFO | watchfiles.main | 1 change detected
2026-07-08 10:02:57,732 | INFO | watchfiles.main | 1 change detected
2026-07-08 10:02:58,101 | INFO | watchfiles.main | 1 change detected
2026-07-08 10:02:58,517 | INFO | watchfiles.main | 1 change detected
2026-07-08 10:02:58,970 | INFO | watchfiles.main | 1 change detected
2026-07-08 10:02:59,388 | INFO | watchfiles.main | 1 change detected
2026-07-08 10:02:59,756 | INFO | watchfiles.main | 1 change detected
2026-07-08 10:03:00,169 | INFO | watchfiles.main | 1 change detected
2026-07-08 10:03:00,575 | INFO | watchfiles.main | 1 change detected
2026-07-08 10:03:00,996 | INFO | watchfiles.main | 1 change detected
2026-07-08 10:03:01,409 | INFO | watchfiles.main | 1 change detected
2026-07-08 10:03:01,829 | INFO | watchfiles.main | 1 change detected
2026-07-08 10:03:02,195 | INFO | watchfiles.main | 1 change detected
2026-07-08 10:03:02,601 | INFO | watchfiles.main | 1 change detected
2026-07-08 10:03:03,014 | INFO | watchfiles.main | 1 change detected
2026-07-08 10:03:03,430 | INFO | watchfiles.main | 1 change detected
2026-07-08 10:03:03,834 | INFO | watchfiles.main | 1 change detected
2026-07-08 10:03:04,249 | INFO | watchfiles.main | 1 change detected
2026-07-08 10:03:04,665 | INFO | watchfiles.main | 1 change detected
2026-07-08 10:03:05,021 | INFO | watchfiles.main | 1 change detected
2026-07-08 10:03:05,444 | INFO | watchfiles.main | 1 change detected
2026-07-08 10:03:05,850 | INFO | watchfiles.main | 1 change detected
2026-07-08 10:03:06,257 | INFO | watchfiles.main | 1 change detected
2026-07-08 10:03:06,663 | INFO | watchfiles.main | 1 change detected
2026-07-08 10:03:07,077 | INFO | watchfiles.main | 1 change detected
2026-07-08 10:03:07,492 | INFO | watchfiles.main | 1 change detected
2026-07-08 10:03:07,900 | INFO | watchfiles.main | 1 change detected
2026-07-08 10:03:08,305 | INFO | watchfiles.main | 1 change detected
2026-07-08 10:03:08,711 | INFO | watchfiles.main | 1 change detected
2026-07-08 10:03:09,078 | INFO | watchfiles.main | 1 change detected
2026-07-08 10:03:09,493 | INFO | watchfiles.main | 1 change detected
2026-07-08 10:03:09,902 | INFO | watchfiles.main | 1 change detected
2026-07-08 10:03:10,306 | INFO | watchfiles.main | 1 change detected
2026-07-08 10:03:10,711 | INFO | watchfiles.main | 1 change detected
2026-07-08 10:03:11,166 | INFO | watchfiles.main | 1 change detected
2026-07-08 10:03:11,578 | INFO | watchfiles.main | 1 change detected
2026-07-08 10:03:11,940 | INFO | watchfiles.main | 1 change detected
2026-07-08 10:03:12,355 | INFO | watchfiles.main | 1 change detected
2026-07-08 10:03:12,767 | INFO | watchfiles.main | 1 change detected
2026-07-08 10:03:13,183 | INFO | watchfiles.main | 1 change detected
2026-07-08 10:03:13,596 | INFO | watchfiles.main | 1 change detected
2026-07-08 10:03:13,964 | INFO | watchfiles.main | 1 change detected
2026-07-08 10:03:14,419 | INFO | watchfiles.main | 1 change detected
2026-07-08 10:03:14,829 | INFO | watchfiles.main | 1 change detected
2026-07-08 10:03:15,204 | INFO | watchfiles.main | 1 change detected
2026-07-08 10:03:15,606 | INFO | watchfiles.main | 1 change detected
2026-07-08 10:03:16,017 | INFO | watchfiles.main | 1 change detected
2026-07-08 10:03:16,430 | INFO | watchfiles.main | 1 change detected
2026-07-08 10:03:16,835 | INFO | watchfiles.main | 1 change detected
2026-07-08 10:03:17,244 | INFO | watchfiles.main | 1 change detected
2026-07-08 10:03:17,647 | INFO | watchfiles.main | 1 change detected
2026-07-08 10:03:18,062 | INFO | watchfiles.main | 1 change detected
2026-07-08 10:03:18,423 | INFO | watchfiles.main | 1 change detected
2026-07-08 10:03:18,840 | INFO | watchfiles.main | 1 change detected
2026-07-08 10:03:19,257 | INFO | watchfiles.main | 1 change detected
2026-07-08 10:03:19,670 | INFO | watchfiles.main | 1 change detected
2026-07-08 10:03:20,075 | INFO | watchfiles.main | 1 change detected
2026-07-08 10:03:20,438 | INFO | watchfiles.main | 1 change detected
2026-07-08 10:03:20,851 | INFO | watchfiles.main | 1 change detected
2026-07-08 10:03:21,275 | INFO | watchfiles.main | 1 change detected
2026-07-08 10:03:21,688 | INFO | watchfiles.main | 1 change detected
2026-07-08 10:03:22,103 | INFO | watchfiles.main | 1 change detected
2026-07-08 10:03:22,513 | INFO | watchfiles.main | 1 change detected
2026-07-08 10:03:22,873 | INFO | watchfiles.main | 1 change detected
2026-07-08 10:03:23,327 | INFO | watchfiles.main | 1 change detected
2026-07-08 10:03:23,729 | INFO | watchfiles.main | 1 change detected
2026-07-08 10:03:24,135 | INFO | watchfiles.main | 1 change detected
2026-07-08 10:03:24,490 | INFO | watchfiles.main | 1 change detected
2026-07-08 10:03:24,946 | INFO | watchfiles.main | 1 change detected
2026-07-08 10:03:25,352 | INFO | watchfiles.main | 1 change detected
2026-07-08 10:03:25,764 | INFO | watchfiles.main | 1 change detected
2026-07-08 10:03:26,169 | INFO | watchfiles.main | 1 change detected
2026-07-08 10:03:26,585 | INFO | watchfiles.main | 1 change detected
2026-07-08 10:03:27,001 | INFO | watchfiles.main | 1 change detected
2026-07-08 10:03:27,409 | INFO | watchfiles.main | 1 change detected
2026-07-08 10:03:27,819 | INFO | watchfiles.main | 1 change detected
2026-07-08 10:03:28,229 | INFO | watchfiles.main | 1 change detected
2026-07-08 10:03:28,636 | INFO | watchfiles.main | 1 change detected
2026-07-08 10:03:29,043 | INFO | watchfiles.main | 1 change detected
2026-07-08 10:03:29,450 | INFO | watchfiles.main | 1 change detected
2026-07-08 10:03:29,863 | INFO | watchfiles.main | 1 change detected
2026-07-08 10:03:30,270 | INFO | watchfiles.main | 1 change detected
2026-07-08 10:03:30,673 | INFO | watchfiles.main | 1 change detected
2026-07-08 10:03:31,040 | INFO | watchfiles.main | 1 change detected
2026-07-08 10:03:31,443 | INFO | watchfiles.main | 1 change detected
2026-07-08 10:03:31,850 | INFO | watchfiles.main | 1 change detected
2026-07-08 10:03:32,257 | INFO | watchfiles.main | 1 change detected
2026-07-08 10:03:32,665 | INFO | watchfiles.main | 1 change detected
2026-07-08 10:03:33,035 | INFO | watchfiles.main | 1 change detected
2026-07-08 10:03:33,450 | INFO | watchfiles.main | 1 change detected
2026-07-08 10:03:33,909 | INFO | watchfiles.main | 1 change detected
2026-07-08 10:03:34,268 | INFO | watchfiles.main | 1 change detected
2026-07-08 10:03:34,680 | INFO | watchfiles.main | 1 change detected
2026-07-08 10:03:35,088 | INFO | watchfiles.main | 1 change detected
2026-07-08 10:03:35,544 | INFO | watchfiles.main | 1 change detected
2026-07-08 10:03:35,899 | INFO | watchfiles.main | 1 change detected
2026-07-08 10:03:36,356 | INFO | watchfiles.main | 1 change detected
2026-07-08 10:03:36,774 | INFO | watchfiles.main | 1 change detected
2026-07-08 10:03:37,128 | INFO | watchfiles.main | 1 change detected
2026-07-08 10:03:37,542 | INFO | watchfiles.main | 1 change detected
2026-07-08 10:03:37,952 | INFO | watchfiles.main | 1 change detected
2026-07-08 10:03:38,367 | INFO | watchfiles.main | 1 change detected
2026-07-08 10:03:38,777 | INFO | watchfiles.main | 1 change detected
2026-07-08 10:03:39,187 | INFO | watchfiles.main | 1 change detected
2026-07-08 10:03:39,605 | INFO | watchfiles.main | 1 change detected
2026-07-08 10:03:40,021 | INFO | watchfiles.main | 1 change detected
2026-07-08 10:03:40,426 | INFO | watchfiles.main | 1 change detected
2026-07-08 10:03:40,840 | INFO | watchfiles.main | 1 change detected
2026-07-08 10:03:41,243 | INFO | watchfiles.main | 1 change detected
2026-07-08 10:03:41,602 | INFO | watchfiles.main | 1 change detected
2026-07-08 10:03:42,012 | INFO | watchfiles.main | 1 change detected
2026-07-08 10:03:42,426 | INFO | watchfiles.main | 1 change detected
2026-07-08 10:03:42,835 | INFO | watchfiles.main | 1 change detected
2026-07-08 10:03:43,247 | INFO | watchfiles.main | 1 change detected
2026-07-08 10:03:43,607 | INFO | watchfiles.main | 1 change detected
2026-07-08 10:03:44,021 | INFO | watchfiles.main | 1 change detected
2026-07-08 10:03:44,447 | INFO | watchfiles.main | 1 change detected
2026-07-08 10:03:44,858 | INFO | watchfiles.main | 1 change detected
2026-07-08 10:03:45,260 | INFO | watchfiles.main | 1 change detected
2026-07-08 10:03:45,664 | INFO | watchfiles.main | 1 change detected
2026-07-08 10:03:46,076 | INFO | watchfiles.main | 1 change detected
2026-07-08 10:03:46,481 | INFO | watchfiles.main | 1 change detected
2026-07-08 10:03:46,889 | INFO | watchfiles.main | 1 change detected
2026-07-08 10:03:47,304 | INFO | watchfiles.main | 1 change detected
2026-07-08 10:03:47,709 | INFO | watchfiles.main | 1 change detected
2026-07-08 10:03:48,112 | INFO | watchfiles.main | 1 change detected
2026-07-08 10:03:48,517 | INFO | watchfiles.main | 1 change detected
2026-07-08 10:03:48,928 | INFO | watchfiles.main | 1 change detected
2026-07-08 10:03:49,010 | INFO | lmsguard.requests | GET /platform/notifications -> 401 1.25ms
2026-07-08 10:03:49,281 | INFO | watchfiles.main | 1 change detected
2026-07-08 10:03:49,646 | INFO | watchfiles.main | 1 change detected
2026-07-08 10:03:50,013 | INFO | watchfiles.main | 1 change detected
2026-07-08 10:03:50,383 | INFO | watchfiles.main | 1 change detected
2026-07-08 10:03:50,750 | INFO | watchfiles.main | 1 change detected
2026-07-08 10:03:51,160 | INFO | watchfiles.main | 1 change detected
2026-07-08 10:03:51,576 | INFO | watchfiles.main | 1 change detected
2026-07-08 10:03:51,992 | INFO | watchfiles.main | 1 change detected
2026-07-08 10:03:52,399 | INFO | watchfiles.main | 1 change detected
2026-07-08 10:03:52,771 | INFO | watchfiles.main | 1 change detected
2026-07-08 10:03:53,187 | INFO | watchfiles.main | 1 change detected
2026-07-08 10:03:53,599 | INFO | watchfiles.main | 1 change detected
2026-07-08 10:03:54,024 | INFO | watchfiles.main | 1 change detected
2026-07-08 10:03:54,440 | INFO | watchfiles.main | 1 change detected
2026-07-08 10:03:54,802 | INFO | watchfiles.main | 1 change detected
2026-07-08 10:03:55,210 | INFO | watchfiles.main | 1 change detected
2026-07-08 10:03:55,625 | INFO | watchfiles.main | 1 change detected
2026-07-08 10:03:56,035 | INFO | watchfiles.main | 1 change detected
2026-07-08 10:03:56,443 | INFO | watchfiles.main | 1 change detected
2026-07-08 10:03:56,849 | INFO | watchfiles.main | 1 change detected
2026-07-08 10:03:57,260 | INFO | watchfiles.main | 1 change detected
2026-07-08 10:03:57,676 | INFO | watchfiles.main | 1 change detected
2026-07-08 10:03:58,085 | INFO | watchfiles.main | 1 change detected
2026-07-08 10:03:58,492 | INFO | watchfiles.main | 1 change detected
2026-07-08 10:03:58,898 | INFO | watchfiles.main | 1 change detected
2026-07-08 10:03:59,302 | INFO | watchfiles.main | 1 change detected
2026-07-08 10:03:59,713 | INFO | watchfiles.main | 1 change detected
2026-07-08 10:04:00,119 | INFO | watchfiles.main | 1 change detected
2026-07-08 10:04:00,525 | INFO | watchfiles.main | 1 change detected
2026-07-08 10:04:00,931 | INFO | watchfiles.main | 1 change detected
2026-07-08 10:04:01,337 | INFO | watchfiles.main | 1 change detected
2026-07-08 10:04:01,744 | INFO | watchfiles.main | 1 change detected
2026-07-08 10:04:02,153 | INFO | watchfiles.main | 1 change detected
2026-07-08 10:04:02,560 | INFO | watchfiles.main | 1 change detected
2026-07-08 10:04:02,965 | INFO | watchfiles.main | 1 change detected
2026-07-08 10:04:03,379 | INFO | watchfiles.main | 1 change detected
2026-07-08 10:04:03,783 | INFO | watchfiles.main | 1 change detected
2026-07-08 10:04:04,148 | INFO | watchfiles.main | 1 change detected
2026-07-08 10:04:04,560 | INFO | watchfiles.main | 1 change detected
2026-07-08 10:04:05,017 | INFO | watchfiles.main | 1 change detected
2026-07-08 10:04:05,379 | INFO | watchfiles.main | 1 change detected
2026-07-08 10:04:05,794 | INFO | watchfiles.main | 1 change detected
2026-07-08 10:04:06,258 | INFO | watchfiles.main | 1 change detected
2026-07-08 10:04:06,623 | INFO | watchfiles.main | 1 change detected
2026-07-08 10:04:07,028 | INFO | watchfiles.main | 1 change detected
2026-07-08 10:04:07,446 | INFO | watchfiles.main | 1 change detected
2026-07-08 10:04:07,849 | INFO | watchfiles.main | 1 change detected
2026-07-08 10:04:08,262 | INFO | watchfiles.main | 1 change detected
2026-07-08 10:04:08,678 | INFO | watchfiles.main | 1 change detected
2026-07-08 10:04:09,081 | INFO | watchfiles.main | 1 change detected
2026-07-08 10:04:09,438 | INFO | watchfiles.main | 1 change detected
2026-07-08 10:04:09,850 | INFO | watchfiles.main | 1 change detected
2026-07-08 10:04:10,262 | INFO | watchfiles.main | 1 change detected
2026-07-08 10:04:10,676 | INFO | watchfiles.main | 1 change detected
2026-07-08 10:04:11,088 | INFO | watchfiles.main | 1 change detected
2026-07-08 10:04:11,492 | INFO | watchfiles.main | 1 change detected
2026-07-08 10:04:11,902 | INFO | watchfiles.main | 1 change detected
2026-07-08 10:04:12,308 | INFO | watchfiles.main | 1 change detected
2026-07-08 10:04:12,717 | INFO | watchfiles.main | 1 change detected
2026-07-08 10:04:13,119 | INFO | watchfiles.main | 1 change detected
2026-07-08 10:04:13,523 | INFO | watchfiles.main | 1 change detected
2026-07-08 10:04:13,931 | INFO | watchfiles.main | 1 change detected
2026-07-08 10:04:14,297 | INFO | watchfiles.main | 1 change detected
2026-07-08 10:04:14,751 | INFO | watchfiles.main | 1 change detected
2026-07-08 10:04:15,114 | INFO | watchfiles.main | 1 change detected
2026-07-08 10:04:15,579 | INFO | watchfiles.main | 1 change detected
2026-07-08 10:04:15,992 | INFO | watchfiles.main | 1 change detected
2026-07-08 10:04:16,354 | INFO | watchfiles.main | 1 change detected
2026-07-08 10:04:16,771 | INFO | watchfiles.main | 1 change detected
2026-07-08 10:04:17,185 | INFO | watchfiles.main | 1 change detected
2026-07-08 10:04:17,593 | INFO | watchfiles.main | 1 change detected
2026-07-08 10:04:18,006 | INFO | watchfiles.main | 1 change detected
2026-07-08 10:04:18,419 | INFO | watchfiles.main | 1 change detected
2026-07-08 10:04:18,824 | INFO | watchfiles.main | 1 change detected
2026-07-08 10:04:19,242 | INFO | watchfiles.main | 1 change detected
2026-07-08 10:04:19,652 | INFO | watchfiles.main | 1 change detected
2026-07-08 10:04:20,055 | INFO | watchfiles.main | 1 change detected
2026-07-08 10:04:20,459 | INFO | watchfiles.main | 1 change detected
2026-07-08 10:04:20,862 | INFO | watchfiles.main | 1 change detected
2026-07-08 10:04:21,275 | INFO | watchfiles.main | 1 change detected
2026-07-08 10:04:21,681 | INFO | watchfiles.main | 1 change detected
2026-07-08 10:04:22,102 | INFO | watchfiles.main | 1 change detected
2026-07-08 10:04:22,510 | INFO | watchfiles.main | 1 change detected
2026-07-08 10:04:22,919 | INFO | watchfiles.main | 1 change detected
2026-07-08 10:04:23,324 | INFO | watchfiles.main | 1 change detected
2026-07-08 10:04:23,693 | INFO | watchfiles.main | 1 change detected
2026-07-08 10:04:24,156 | INFO | watchfiles.main | 1 change detected
2026-07-08 10:04:24,570 | INFO | watchfiles.main | 1 change detected
2026-07-08 10:04:24,976 | INFO | watchfiles.main | 1 change detected
2026-07-08 10:04:25,384 | INFO | watchfiles.main | 1 change detected
2026-07-08 10:04:25,752 | INFO | watchfiles.main | 1 change detected
2026-07-08 10:04:26,173 | INFO | watchfiles.main | 1 change detected
2026-07-08 10:04:26,586 | INFO | watchfiles.main | 1 change detected
2026-07-08 10:04:26,999 | INFO | watchfiles.main | 1 change detected
2026-07-08 10:04:27,452 | INFO | watchfiles.main | 1 change detected
2026-07-08 10:04:27,860 | INFO | watchfiles.main | 1 change detected
2026-07-08 10:04:28,265 | INFO | watchfiles.main | 1 change detected
2026-07-08 10:04:28,675 | INFO | watchfiles.main | 1 change detected
2026-07-08 10:04:29,080 | INFO | watchfiles.main | 1 change detected
2026-07-08 10:04:29,483 | INFO | watchfiles.main | 1 change detected
2026-07-08 10:04:29,886 | INFO | watchfiles.main | 1 change detected
2026-07-08 10:04:30,299 | INFO | watchfiles.main | 1 change detected
2026-07-08 10:04:30,664 | INFO | watchfiles.main | 1 change detected
2026-07-08 10:04:31,074 | INFO | watchfiles.main | 1 change detected
2026-07-08 10:04:31,482 | INFO | watchfiles.main | 1 change detected
2026-07-08 10:04:31,889 | INFO | watchfiles.main | 1 change detected
2026-07-08 10:04:32,256 | INFO | watchfiles.main | 1 change detected
2026-07-08 10:04:32,668 | INFO | watchfiles.main | 1 change detected
2026-07-08 10:04:33,085 | INFO | watchfiles.main | 1 change detected
2026-07-08 10:04:33,497 | INFO | watchfiles.main | 1 change detected
2026-07-08 10:04:33,900 | INFO | watchfiles.main | 1 change detected
2026-07-08 10:04:34,307 | INFO | watchfiles.main | 1 change detected
2026-07-08 10:04:34,710 | INFO | watchfiles.main | 1 change detected
2026-07-08 10:04:35,119 | INFO | watchfiles.main | 1 change detected
2026-07-08 10:04:35,477 | INFO | watchfiles.main | 1 change detected
2026-07-08 10:04:35,887 | INFO | watchfiles.main | 1 change detected
2026-07-08 10:04:36,294 | INFO | watchfiles.main | 1 change detected
2026-07-08 10:04:36,699 | INFO | watchfiles.main | 1 change detected
2026-07-08 10:04:37,105 | INFO | watchfiles.main | 1 change detected
2026-07-08 10:04:37,521 | INFO | watchfiles.main | 1 change detected
2026-07-08 10:04:37,925 | INFO | watchfiles.main | 1 change detected
2026-07-08 10:04:38,330 | INFO | watchfiles.main | 1 change detected
2026-07-08 10:04:38,737 | INFO | watchfiles.main | 1 change detected
2026-07-08 10:04:39,141 | INFO | watchfiles.main | 1 change detected
2026-07-08 10:04:39,547 | INFO | watchfiles.main | 1 change detected
2026-07-08 10:04:39,954 | INFO | watchfiles.main | 1 change detected
2026-07-08 10:04:40,364 | INFO | watchfiles.main | 1 change detected
2026-07-08 10:04:40,770 | INFO | watchfiles.main | 1 change detected
2026-07-08 10:04:41,177 | INFO | watchfiles.main | 1 change detected
2026-07-08 10:04:41,586 | INFO | watchfiles.main | 1 change detected
2026-07-08 10:04:41,992 | INFO | watchfiles.main | 1 change detected
2026-07-08 10:04:42,401 | INFO | watchfiles.main | 1 change detected
2026-07-08 10:04:42,820 | INFO | watchfiles.main | 1 change detected
2026-07-08 10:04:43,227 | INFO | watchfiles.main | 1 change detected
2026-07-08 10:04:43,634 | INFO | watchfiles.main | 1 change detected
2026-07-08 10:04:44,043 | INFO | watchfiles.main | 1 change detected
2026-07-08 10:04:44,406 | INFO | watchfiles.main | 1 change detected
2026-07-08 10:04:44,862 | INFO | watchfiles.main | 1 change detected
2026-07-08 10:04:45,265 | INFO | watchfiles.main | 1 change detected
2026-07-08 10:04:45,687 | INFO | watchfiles.main | 1 change detected
2026-07-08 10:04:46,095 | INFO | watchfiles.main | 1 change detected
2026-07-08 10:04:46,510 | INFO | watchfiles.main | 1 change detected
2026-07-08 10:04:46,915 | INFO | watchfiles.main | 1 change detected
2026-07-08 10:04:47,277 | INFO | watchfiles.main | 1 change detected
2026-07-08 10:04:47,681 | INFO | watchfiles.main | 1 change detected
2026-07-08 10:04:48,090 | INFO | watchfiles.main | 1 change detected
2026-07-08 10:04:48,505 | INFO | watchfiles.main | 1 change detected
2026-07-08 10:04:48,714 | INFO | lmsguard.requests | GET /platform/notifications -> 401 3.18ms
2026-07-08 10:04:48,857 | INFO | watchfiles.main | 1 change detected
2026-07-08 10:04:49,208 | INFO | watchfiles.main | 1 change detected
2026-07-08 10:04:49,620 | INFO | watchfiles.main | 1 change detected
2026-07-08 10:04:50,028 | INFO | watchfiles.main | 1 change detected
2026-07-08 10:04:50,444 | INFO | watchfiles.main | 1 change detected
2026-07-08 10:04:50,819 | INFO | watchfiles.main | 1 change detected
2026-07-08 10:04:51,227 | INFO | watchfiles.main | 1 change detected
2026-07-08 10:04:51,637 | INFO | watchfiles.main | 1 change detected
2026-07-08 10:04:52,047 | INFO | watchfiles.main | 1 change detected
2026-07-08 10:04:52,452 | INFO | watchfiles.main | 1 change detected
2026-07-08 10:04:52,866 | INFO | watchfiles.main | 1 change detected
2026-07-08 10:04:53,279 | INFO | watchfiles.main | 1 change detected
2026-07-08 10:04:53,699 | INFO | watchfiles.main | 1 change detected
2026-07-08 10:04:54,115 | INFO | watchfiles.main | 1 change detected
2026-07-08 10:04:54,470 | INFO | watchfiles.main | 1 change detected
2026-07-08 10:04:54,888 | INFO | watchfiles.main | 1 change detected
2026-07-08 10:04:55,308 | INFO | watchfiles.main | 1 change detected
2026-07-08 10:04:55,714 | INFO | watchfiles.main | 1 change detected
2026-07-08 10:04:56,124 | INFO | watchfiles.main | 1 change detected
2026-07-08 10:04:56,538 | INFO | watchfiles.main | 1 change detected
2026-07-08 10:04:56,953 | INFO | watchfiles.main | 1 change detected
2026-07-08 10:04:57,369 | INFO | watchfiles.main | 1 change detected
2026-07-08 10:04:57,736 | INFO | watchfiles.main | 1 change detected
2026-07-08 10:04:58,142 | INFO | watchfiles.main | 1 change detected
2026-07-08 10:04:58,552 | INFO | watchfiles.main | 1 change detected
2026-07-08 10:04:58,959 | INFO | watchfiles.main | 1 change detected
2026-07-08 10:04:59,367 | INFO | watchfiles.main | 1 change detected
2026-07-08 10:04:59,776 | INFO | watchfiles.main | 1 change detected
2026-07-08 10:05:00,181 | INFO | watchfiles.main | 1 change detected
2026-07-08 10:05:00,585 | INFO | watchfiles.main | 1 change detected
2026-07-08 10:05:00,995 | INFO | watchfiles.main | 1 change detected
2026-07-08 10:05:01,359 | INFO | watchfiles.main | 1 change detected
2026-07-08 10:05:01,773 | INFO | watchfiles.main | 1 change detected
2026-07-08 10:05:02,178 | INFO | watchfiles.main | 1 change detected
2026-07-08 10:05:02,585 | INFO | watchfiles.main | 1 change detected
2026-07-08 10:05:02,956 | INFO | watchfiles.main | 1 change detected
2026-07-08 10:05:03,372 | INFO | watchfiles.main | 1 change detected
2026-07-08 10:05:03,779 | INFO | watchfiles.main | 1 change detected
2026-07-08 10:05:04,200 | INFO | watchfiles.main | 1 change detected
2026-07-08 10:05:04,617 | INFO | watchfiles.main | 1 change detected
2026-07-08 10:05:04,978 | INFO | watchfiles.main | 1 change detected
2026-07-08 10:05:05,385 | INFO | watchfiles.main | 1 change detected
2026-07-08 10:05:05,794 | INFO | watchfiles.main | 1 change detected
2026-07-08 10:05:06,150 | INFO | watchfiles.main | 1 change detected
2026-07-08 10:05:06,562 | INFO | watchfiles.main | 1 change detected
2026-07-08 10:05:06,979 | INFO | watchfiles.main | 1 change detected
2026-07-08 10:05:07,394 | INFO | watchfiles.main | 1 change detected
2026-07-08 10:05:07,803 | INFO | watchfiles.main | 1 change detected
2026-07-08 10:05:08,218 | INFO | watchfiles.main | 1 change detected
2026-07-08 10:05:08,580 | INFO | watchfiles.main | 1 change detected
2026-07-08 10:05:08,986 | INFO | watchfiles.main | 1 change detected
2026-07-08 10:05:09,392 | INFO | watchfiles.main | 1 change detected
2026-07-08 10:05:09,801 | INFO | watchfiles.main | 1 change detected
2026-07-08 10:05:10,205 | INFO | watchfiles.main | 1 change detected
2026-07-08 10:05:10,615 | INFO | watchfiles.main | 1 change detected
2026-07-08 10:05:11,023 | INFO | watchfiles.main | 1 change detected
2026-07-08 10:05:11,430 | INFO | watchfiles.main | 1 change detected
2026-07-08 10:05:11,835 | INFO | watchfiles.main | 1 change detected
2026-07-08 10:05:12,241 | INFO | watchfiles.main | 1 change detected
2026-07-08 10:05:12,647 | INFO | watchfiles.main | 1 change detected
2026-07-08 10:05:13,052 | INFO | watchfiles.main | 1 change detected
2026-07-08 10:05:13,457 | INFO | watchfiles.main | 1 change detected
2026-07-08 10:05:13,859 | INFO | watchfiles.main | 1 change detected
2026-07-08 10:05:14,276 | INFO | watchfiles.main | 1 change detected
2026-07-08 10:05:14,678 | INFO | watchfiles.main | 1 change detected
2026-07-08 10:05:15,085 | INFO | watchfiles.main | 1 change detected
2026-07-08 10:05:15,501 | INFO | watchfiles.main | 1 change detected
2026-07-08 10:05:15,910 | INFO | watchfiles.main | 1 change detected
2026-07-08 10:05:16,316 | INFO | watchfiles.main | 1 change detected
2026-07-08 10:05:16,727 | INFO | watchfiles.main | 1 change detected
2026-07-08 10:05:17,133 | INFO | watchfiles.main | 1 change detected
2026-07-08 10:05:17,537 | INFO | watchfiles.main | 1 change detected
2026-07-08 10:05:17,944 | INFO | watchfiles.main | 1 change detected
2026-07-08 10:05:18,355 | INFO | watchfiles.main | 1 change detected
2026-07-08 10:05:18,763 | INFO | watchfiles.main | 1 change detected
2026-07-08 10:05:19,173 | INFO | watchfiles.main | 1 change detected
2026-07-08 10:05:19,576 | INFO | watchfiles.main | 1 change detected
2026-07-08 10:05:19,983 | INFO | watchfiles.main | 1 change detected
2026-07-08 10:05:20,390 | INFO | watchfiles.main | 1 change detected
2026-07-08 10:05:20,795 | INFO | watchfiles.main | 1 change detected
2026-07-08 10:05:21,203 | INFO | watchfiles.main | 1 change detected
2026-07-08 10:05:21,607 | INFO | watchfiles.main | 1 change detected
2026-07-08 10:05:22,016 | INFO | watchfiles.main | 1 change detected
2026-07-08 10:05:22,418 | INFO | watchfiles.main | 1 change detected
2026-07-08 10:05:22,828 | INFO | watchfiles.main | 1 change detected
2026-07-08 10:05:23,233 | INFO | watchfiles.main | 1 change detected
2026-07-08 10:05:23,650 | INFO | watchfiles.main | 1 change detected
2026-07-08 10:05:24,008 | INFO | watchfiles.main | 1 change detected
2026-07-08 10:05:24,415 | INFO | watchfiles.main | 1 change detected
2026-07-08 10:05:24,876 | INFO | watchfiles.main | 1 change detected
2026-07-08 10:05:25,238 | INFO | watchfiles.main | 1 change detected
2026-07-08 10:05:25,649 | INFO | watchfiles.main | 1 change detected
2026-07-08 10:05:26,054 | INFO | watchfiles.main | 1 change detected
2026-07-08 10:05:26,462 | INFO | watchfiles.main | 1 change detected
2026-07-08 10:05:26,866 | INFO | watchfiles.main | 1 change detected
2026-07-08 10:05:27,284 | INFO | watchfiles.main | 1 change detected
2026-07-08 10:05:27,658 | INFO | watchfiles.main | 1 change detected
2026-07-08 10:05:28,063 | INFO | watchfiles.main | 1 change detected
2026-07-08 10:05:28,420 | INFO | watchfiles.main | 1 change detected
2026-07-08 10:05:28,875 | INFO | watchfiles.main | 1 change detected
2026-07-08 10:05:29,283 | INFO | watchfiles.main | 1 change detected
2026-07-08 10:05:29,700 | INFO | watchfiles.main | 1 change detected
2026-07-08 10:05:30,108 | INFO | watchfiles.main | 1 change detected
2026-07-08 10:05:30,511 | INFO | watchfiles.main | 1 change detected
2026-07-08 10:05:30,915 | INFO | watchfiles.main | 1 change detected
2026-07-08 10:05:31,322 | INFO | watchfiles.main | 1 change detected
2026-07-08 10:05:31,725 | INFO | watchfiles.main | 1 change detected
2026-07-08 10:05:32,135 | INFO | watchfiles.main | 1 change detected
2026-07-08 10:05:32,543 | INFO | watchfiles.main | 1 change detected
2026-07-08 10:05:32,951 | INFO | watchfiles.main | 1 change detected
2026-07-08 10:05:33,363 | INFO | watchfiles.main | 1 change detected
2026-07-08 10:05:33,770 | INFO | watchfiles.main | 1 change detected
2026-07-08 10:05:34,125 | INFO | watchfiles.main | 1 change detected
2026-07-08 10:05:34,533 | INFO | watchfiles.main | 1 change detected
2026-07-08 10:05:34,941 | INFO | watchfiles.main | 1 change detected
2026-07-08 10:05:35,348 | INFO | watchfiles.main | 1 change detected
2026-07-08 10:05:35,754 | INFO | watchfiles.main | 1 change detected
2026-07-08 10:05:36,161 | INFO | watchfiles.main | 1 change detected
2026-07-08 10:05:36,567 | INFO | watchfiles.main | 1 change detected
2026-07-08 10:05:36,971 | INFO | watchfiles.main | 1 change detected
2026-07-08 10:05:37,378 | INFO | watchfiles.main | 1 change detected
2026-07-08 10:05:37,734 | INFO | watchfiles.main | 1 change detected
2026-07-08 10:05:38,149 | INFO | watchfiles.main | 1 change detected
2026-07-08 10:05:38,560 | INFO | watchfiles.main | 1 change detected
2026-07-08 10:05:38,919 | INFO | watchfiles.main | 1 change detected
2026-07-08 10:05:39,331 | INFO | watchfiles.main | 1 change detected
2026-07-08 10:05:39,737 | INFO | watchfiles.main | 1 change detected
2026-07-08 10:05:40,145 | INFO | watchfiles.main | 1 change detected
2026-07-08 10:05:40,550 | INFO | watchfiles.main | 1 change detected
2026-07-08 10:05:40,956 | INFO | watchfiles.main | 1 change detected
2026-07-08 10:05:41,364 | INFO | watchfiles.main | 1 change detected
2026-07-08 10:05:41,766 | INFO | watchfiles.main | 1 change detected
2026-07-08 10:05:42,174 | INFO | watchfiles.main | 1 change detected
2026-07-08 10:05:42,583 | INFO | watchfiles.main | 1 change detected
2026-07-08 10:05:42,940 | INFO | watchfiles.main | 1 change detected
2026-07-08 10:05:43,354 | INFO | watchfiles.main | 1 change detected
2026-07-08 10:05:43,760 | INFO | watchfiles.main | 1 change detected
2026-07-08 10:05:44,167 | INFO | watchfiles.main | 1 change detected
2026-07-08 10:05:44,573 | INFO | watchfiles.main | 1 change detected
2026-07-08 10:05:44,982 | INFO | watchfiles.main | 1 change detected
2026-07-08 10:05:45,386 | INFO | watchfiles.main | 1 change detected
2026-07-08 10:05:45,791 | INFO | watchfiles.main | 1 change detected
2026-07-08 10:05:46,149 | INFO | watchfiles.main | 1 change detected
2026-07-08 10:05:46,559 | INFO | watchfiles.main | 1 change detected
2026-07-08 10:05:46,976 | INFO | watchfiles.main | 1 change detected
2026-07-08 10:05:47,384 | INFO | watchfiles.main | 1 change detected
2026-07-08 10:05:47,792 | INFO | watchfiles.main | 1 change detected
2026-07-08 10:05:48,198 | INFO | watchfiles.main | 1 change detected
2026-07-08 10:05:48,606 | INFO | watchfiles.main | 1 change detected
2026-07-08 10:05:49,015 | INFO | watchfiles.main | 1 change detected
2026-07-08 10:05:49,022 | INFO | lmsguard.requests | GET /platform/notifications -> 401 1.69ms
2026-07-08 10:05:49,381 | INFO | watchfiles.main | 1 change detected
2026-07-08 10:06:48,706 | INFO | lmsguard.requests | GET /platform/notifications -> 401 2.60ms
2026-07-08 10:06:48,799 | INFO | watchfiles.main | 1 change detected
2026-07-08 10:06:49,154 | INFO | watchfiles.main | 1 change detected
2026-07-08 10:06:49,506 | INFO | watchfiles.main | 1 change detected
2026-07-08 10:06:49,909 | INFO | watchfiles.main | 1 change detected
2026-07-08 10:06:50,325 | INFO | watchfiles.main | 1 change detected
2026-07-08 10:06:50,736 | INFO | watchfiles.main | 1 change detected
2026-07-08 10:06:51,142 | INFO | watchfiles.main | 1 change detected
2026-07-08 10:06:51,510 | INFO | watchfiles.main | 1 change detected
2026-07-08 10:06:51,926 | INFO | watchfiles.main | 1 change detected
2026-07-08 10:06:52,336 | INFO | watchfiles.main | 1 change detected
2026-07-08 10:06:52,741 | INFO | watchfiles.main | 1 change detected
2026-07-08 10:06:53,155 | INFO | watchfiles.main | 1 change detected
2026-07-08 10:06:53,559 | INFO | watchfiles.main | 1 change detected
2026-07-08 10:06:53,966 | INFO | watchfiles.main | 1 change detected
2026-07-08 10:06:54,381 | INFO | watchfiles.main | 1 change detected
2026-07-08 10:06:54,738 | INFO | watchfiles.main | 1 change detected
2026-07-08 10:06:55,151 | INFO | watchfiles.main | 1 change detected
2026-07-08 10:06:55,554 | INFO | watchfiles.main | 1 change detected
2026-07-08 10:06:55,961 | INFO | watchfiles.main | 1 change detected
2026-07-08 10:06:56,374 | INFO | watchfiles.main | 1 change detected
2026-07-08 10:06:56,829 | INFO | watchfiles.main | 1 change detected
2026-07-08 10:06:57,245 | INFO | watchfiles.main | 1 change detected
2026-07-08 10:06:57,666 | INFO | watchfiles.main | 1 change detected
2026-07-08 10:06:58,025 | INFO | watchfiles.main | 1 change detected
2026-07-08 10:06:58,431 | INFO | watchfiles.main | 1 change detected
2026-07-08 10:06:58,834 | INFO | watchfiles.main | 1 change detected
2026-07-08 10:06:59,286 | INFO | watchfiles.main | 1 change detected
2026-07-08 10:06:59,697 | INFO | watchfiles.main | 1 change detected
2026-07-08 10:07:00,062 | INFO | watchfiles.main | 1 change detected
2026-07-08 10:07:00,476 | INFO | watchfiles.main | 1 change detected
2026-07-08 10:07:00,885 | INFO | watchfiles.main | 1 change detected
2026-07-08 10:07:01,300 | INFO | watchfiles.main | 1 change detected
2026-07-08 10:07:01,719 | INFO | watchfiles.main | 1 change detected
2026-07-08 10:07:02,137 | INFO | watchfiles.main | 1 change detected
2026-07-08 10:07:02,556 | INFO | watchfiles.main | 1 change detected
2026-07-08 10:07:02,970 | INFO | watchfiles.main | 1 change detected
2026-07-08 10:07:03,375 | INFO | watchfiles.main | 1 change detected
2026-07-08 10:07:03,781 | INFO | watchfiles.main | 1 change detected
2026-07-08 10:07:04,196 | INFO | watchfiles.main | 1 change detected
2026-07-08 10:07:04,602 | INFO | watchfiles.main | 1 change detected
2026-07-08 10:07:05,008 | INFO | watchfiles.main | 1 change detected
2026-07-08 10:07:05,421 | INFO | watchfiles.main | 1 change detected
2026-07-08 10:07:05,825 | INFO | watchfiles.main | 1 change detected
2026-07-08 10:07:06,242 | INFO | watchfiles.main | 1 change detected
2026-07-08 10:07:06,607 | INFO | watchfiles.main | 1 change detected
2026-07-08 10:07:07,025 | INFO | watchfiles.main | 1 change detected
2026-07-08 10:07:07,430 | INFO | watchfiles.main | 1 change detected
2026-07-08 10:07:07,845 | INFO | watchfiles.main | 1 change detected
2026-07-08 10:07:08,257 | INFO | watchfiles.main | 1 change detected
2026-07-08 10:07:08,662 | INFO | watchfiles.main | 1 change detected
2026-07-08 10:07:09,066 | INFO | watchfiles.main | 1 change detected
2026-07-08 10:07:09,433 | INFO | watchfiles.main | 1 change detected
2026-07-08 10:07:09,892 | INFO | watchfiles.main | 1 change detected
2026-07-08 10:07:10,303 | INFO | watchfiles.main | 1 change detected
2026-07-08 10:07:10,719 | INFO | watchfiles.main | 1 change detected
2026-07-08 10:07:11,124 | INFO | watchfiles.main | 1 change detected
2026-07-08 10:07:11,542 | INFO | watchfiles.main | 1 change detected
2026-07-08 10:07:11,950 | INFO | watchfiles.main | 1 change detected
2026-07-08 10:07:12,323 | INFO | watchfiles.main | 1 change detected
2026-07-08 10:07:12,741 | INFO | watchfiles.main | 1 change detected
2026-07-08 10:07:13,153 | INFO | watchfiles.main | 1 change detected
2026-07-08 10:07:13,555 | INFO | watchfiles.main | 1 change detected
2026-07-08 10:07:13,969 | INFO | watchfiles.main | 1 change detected
2026-07-08 10:07:14,375 | INFO | watchfiles.main | 1 change detected
2026-07-08 10:07:14,788 | INFO | watchfiles.main | 1 change detected
2026-07-08 10:07:15,150 | INFO | watchfiles.main | 1 change detected
2026-07-08 10:07:15,557 | INFO | watchfiles.main | 1 change detected
2026-07-08 10:07:15,967 | INFO | watchfiles.main | 1 change detected
2026-07-08 10:07:16,374 | INFO | watchfiles.main | 1 change detected
2026-07-08 10:07:16,782 | INFO | watchfiles.main | 1 change detected
2026-07-08 10:07:17,195 | INFO | watchfiles.main | 1 change detected
2026-07-08 10:07:17,574 | INFO | watchfiles.main | 1 change detected
2026-07-08 10:07:18,032 | INFO | watchfiles.main | 1 change detected
2026-07-08 10:07:18,441 | INFO | watchfiles.main | 1 change detected
2026-07-08 10:07:18,844 | INFO | watchfiles.main | 1 change detected
2026-07-08 10:07:19,213 | INFO | watchfiles.main | 1 change detected
2026-07-08 10:07:19,626 | INFO | watchfiles.main | 1 change detected
2026-07-08 10:07:20,031 | INFO | watchfiles.main | 1 change detected
2026-07-08 10:07:20,433 | INFO | watchfiles.main | 1 change detected
2026-07-08 10:07:20,850 | INFO | watchfiles.main | 1 change detected
2026-07-08 10:07:21,260 | INFO | watchfiles.main | 1 change detected
2026-07-08 10:07:21,668 | INFO | watchfiles.main | 1 change detected
2026-07-08 10:07:22,071 | INFO | watchfiles.main | 1 change detected
2026-07-08 10:07:22,430 | INFO | watchfiles.main | 1 change detected
2026-07-08 10:07:22,839 | INFO | watchfiles.main | 1 change detected
2026-07-08 10:07:23,242 | INFO | watchfiles.main | 1 change detected
2026-07-08 10:07:23,653 | INFO | watchfiles.main | 1 change detected
2026-07-08 10:07:24,060 | INFO | watchfiles.main | 1 change detected
2026-07-08 10:07:24,470 | INFO | watchfiles.main | 1 change detected
2026-07-08 10:07:24,875 | INFO | watchfiles.main | 1 change detected
2026-07-08 10:07:25,293 | INFO | watchfiles.main | 1 change detected
2026-07-08 10:07:25,702 | INFO | watchfiles.main | 1 change detected
2026-07-08 10:07:26,106 | INFO | watchfiles.main | 1 change detected
2026-07-08 10:07:26,515 | INFO | watchfiles.main | 1 change detected
2026-07-08 10:07:26,874 | INFO | watchfiles.main | 1 change detected
2026-07-08 10:07:27,327 | INFO | watchfiles.main | 1 change detected
2026-07-08 10:07:27,741 | INFO | watchfiles.main | 1 change detected
2026-07-08 10:07:28,099 | INFO | watchfiles.main | 1 change detected
2026-07-08 10:07:28,553 | INFO | watchfiles.main | 1 change detected
2026-07-08 10:07:28,960 | INFO | watchfiles.main | 1 change detected
2026-07-08 10:07:29,366 | INFO | watchfiles.main | 1 change detected
2026-07-08 10:07:29,777 | INFO | watchfiles.main | 1 change detected
2026-07-08 10:07:30,183 | INFO | watchfiles.main | 1 change detected
2026-07-08 10:07:30,546 | INFO | watchfiles.main | 1 change detected
2026-07-08 10:07:30,958 | INFO | watchfiles.main | 1 change detected
2026-07-08 10:07:31,367 | INFO | watchfiles.main | 1 change detected
2026-07-08 10:07:31,780 | INFO | watchfiles.main | 1 change detected
2026-07-08 10:07:32,183 | INFO | watchfiles.main | 1 change detected
2026-07-08 10:07:32,592 | INFO | watchfiles.main | 1 change detected
2026-07-08 10:07:32,998 | INFO | watchfiles.main | 1 change detected
2026-07-08 10:07:33,406 | INFO | watchfiles.main | 1 change detected
2026-07-08 10:07:33,810 | INFO | watchfiles.main | 1 change detected
2026-07-08 10:07:34,212 | INFO | watchfiles.main | 1 change detected
2026-07-08 10:07:34,669 | INFO | watchfiles.main | 1 change detected
2026-07-08 10:07:35,023 | INFO | watchfiles.main | 1 change detected
2026-07-08 10:07:35,444 | INFO | watchfiles.main | 1 change detected
2026-07-08 10:07:35,853 | INFO | watchfiles.main | 1 change detected
2026-07-08 10:07:36,314 | INFO | watchfiles.main | 1 change detected
2026-07-08 10:07:36,674 | INFO | watchfiles.main | 1 change detected
2026-07-08 10:07:37,085 | INFO | watchfiles.main | 1 change detected
2026-07-08 10:07:37,489 | INFO | watchfiles.main | 1 change detected
2026-07-08 10:07:37,898 | INFO | watchfiles.main | 1 change detected
2026-07-08 10:07:38,306 | INFO | watchfiles.main | 1 change detected
2026-07-08 10:07:38,717 | INFO | watchfiles.main | 1 change detected
2026-07-08 10:07:39,132 | INFO | watchfiles.main | 1 change detected
2026-07-08 10:07:39,549 | INFO | watchfiles.main | 1 change detected
2026-07-08 10:07:39,911 | INFO | watchfiles.main | 1 change detected
2026-07-08 10:07:40,329 | INFO | watchfiles.main | 1 change detected
2026-07-08 10:07:40,731 | INFO | watchfiles.main | 1 change detected
2026-07-08 10:07:41,141 | INFO | watchfiles.main | 1 change detected
2026-07-08 10:07:41,555 | INFO | watchfiles.main | 1 change detected
2026-07-08 10:07:41,959 | INFO | watchfiles.main | 1 change detected
2026-07-08 10:07:42,373 | INFO | watchfiles.main | 1 change detected
2026-07-08 10:07:42,783 | INFO | watchfiles.main | 1 change detected
2026-07-08 10:07:43,148 | INFO | watchfiles.main | 1 change detected
2026-07-08 10:07:43,605 | INFO | watchfiles.main | 1 change detected
2026-07-08 10:07:44,012 | INFO | watchfiles.main | 1 change detected
2026-07-08 10:07:44,417 | INFO | watchfiles.main | 1 change detected
2026-07-08 10:07:44,786 | INFO | watchfiles.main | 1 change detected
2026-07-08 10:07:45,245 | INFO | watchfiles.main | 1 change detected
2026-07-08 10:07:45,653 | INFO | watchfiles.main | 1 change detected
2026-07-08 10:07:46,018 | INFO | watchfiles.main | 1 change detected
2026-07-08 10:07:46,430 | INFO | watchfiles.main | 1 change detected
2026-07-08 10:07:46,836 | INFO | watchfiles.main | 1 change detected
2026-07-08 10:07:47,244 | INFO | watchfiles.main | 1 change detected
2026-07-08 10:07:47,647 | INFO | watchfiles.main | 1 change detected
2026-07-08 10:07:48,058 | INFO | watchfiles.main | 1 change detected
2026-07-08 10:07:48,482 | INFO | watchfiles.main | 1 change detected
2026-07-08 10:07:48,892 | INFO | watchfiles.main | 1 change detected
2026-07-08 10:07:49,014 | INFO | lmsguard.requests | GET /platform/notifications -> 401 1.71ms
2026-07-08 10:07:49,255 | INFO | watchfiles.main | 1 change detected
2026-07-08 10:07:49,628 | INFO | watchfiles.main | 1 change detected
2026-07-08 10:07:49,998 | INFO | watchfiles.main | 1 change detected
2026-07-08 10:07:50,361 | INFO | watchfiles.main | 1 change detected
2026-07-08 10:07:50,727 | INFO | watchfiles.main | 1 change detected
2026-07-08 10:07:51,084 | INFO | watchfiles.main | 1 change detected
2026-07-08 10:07:51,506 | INFO | watchfiles.main | 1 change detected
2026-07-08 10:07:51,915 | INFO | watchfiles.main | 1 change detected
2026-07-08 10:07:52,318 | INFO | watchfiles.main | 1 change detected
2026-07-08 10:07:52,728 | INFO | watchfiles.main | 1 change detected
2026-07-08 10:07:53,138 | INFO | watchfiles.main | 1 change detected
2026-07-08 10:07:53,545 | INFO | watchfiles.main | 1 change detected
2026-07-08 10:07:53,961 | INFO | watchfiles.main | 1 change detected
2026-07-08 10:07:54,372 | INFO | watchfiles.main | 1 change detected
2026-07-08 10:07:54,778 | INFO | watchfiles.main | 1 change detected
2026-07-08 10:07:55,183 | INFO | watchfiles.main | 1 change detected
2026-07-08 10:07:55,591 | INFO | watchfiles.main | 1 change detected
2026-07-08 10:07:55,999 | INFO | watchfiles.main | 1 change detected
2026-07-08 10:07:56,367 | INFO | watchfiles.main | 1 change detected
2026-07-08 10:07:56,772 | INFO | watchfiles.main | 1 change detected
2026-07-08 10:07:57,184 | INFO | watchfiles.main | 1 change detected
2026-07-08 10:07:57,596 | INFO | watchfiles.main | 1 change detected
2026-07-08 10:07:57,967 | INFO | watchfiles.main | 1 change detected
2026-07-08 10:07:58,378 | INFO | watchfiles.main | 1 change detected
2026-07-08 10:07:58,789 | INFO | watchfiles.main | 1 change detected
2026-07-08 10:07:59,249 | INFO | watchfiles.main | 1 change detected
2026-07-08 10:07:59,660 | INFO | watchfiles.main | 1 change detected
2026-07-08 10:08:00,069 | INFO | watchfiles.main | 1 change detected
2026-07-08 10:08:00,435 | INFO | watchfiles.main | 1 change detected
2026-07-08 10:08:00,844 | INFO | watchfiles.main | 1 change detected
2026-07-08 10:08:01,298 | INFO | watchfiles.main | 1 change detected
2026-07-08 10:08:01,663 | INFO | watchfiles.main | 1 change detected
2026-07-08 10:08:02,066 | INFO | watchfiles.main | 1 change detected
2026-07-08 10:08:02,526 | INFO | watchfiles.main | 1 change detected
2026-07-08 10:08:02,888 | INFO | watchfiles.main | 1 change detected
2026-07-08 10:08:03,297 | INFO | watchfiles.main | 1 change detected
2026-07-08 10:08:03,701 | INFO | watchfiles.main | 1 change detected
2026-07-08 10:08:04,066 | INFO | watchfiles.main | 1 change detected
2026-07-08 10:08:04,482 | INFO | watchfiles.main | 1 change detected
2026-07-08 10:08:04,888 | INFO | watchfiles.main | 1 change detected
2026-07-08 10:08:05,311 | INFO | watchfiles.main | 1 change detected
2026-07-08 10:08:05,730 | INFO | watchfiles.main | 1 change detected
2026-07-08 10:08:06,150 | INFO | watchfiles.main | 1 change detected
2026-07-08 10:08:06,568 | INFO | watchfiles.main | 1 change detected
2026-07-08 10:08:06,979 | INFO | watchfiles.main | 1 change detected
2026-07-08 10:08:07,383 | INFO | watchfiles.main | 1 change detected
2026-07-08 10:08:07,796 | INFO | watchfiles.main | 1 change detected
2026-07-08 10:08:08,199 | INFO | watchfiles.main | 1 change detected
2026-07-08 10:08:08,622 | INFO | watchfiles.main | 1 change detected
2026-07-08 10:08:08,976 | INFO | watchfiles.main | 1 change detected
2026-07-08 10:08:09,389 | INFO | watchfiles.main | 1 change detected
2026-07-08 10:08:09,808 | INFO | watchfiles.main | 1 change detected
2026-07-08 10:08:10,226 | INFO | watchfiles.main | 1 change detected
2026-07-08 10:08:10,634 | INFO | watchfiles.main | 1 change detected
2026-07-08 10:08:11,046 | INFO | watchfiles.main | 1 change detected
2026-07-08 10:08:11,415 | INFO | watchfiles.main | 1 change detected
2026-07-08 10:08:11,823 | INFO | watchfiles.main | 1 change detected
2026-07-08 10:08:12,227 | INFO | watchfiles.main | 1 change detected
2026-07-08 10:08:12,630 | INFO | watchfiles.main | 1 change detected
2026-07-08 10:08:13,043 | INFO | watchfiles.main | 1 change detected
2026-07-08 10:08:13,460 | INFO | watchfiles.main | 1 change detected
2026-07-08 10:08:13,877 | INFO | watchfiles.main | 1 change detected
2026-07-08 10:08:14,294 | INFO | watchfiles.main | 1 change detected
2026-07-08 10:08:14,700 | INFO | watchfiles.main | 1 change detected
2026-07-08 10:08:15,110 | INFO | watchfiles.main | 1 change detected
2026-07-08 10:08:15,470 | INFO | watchfiles.main | 1 change detected
2026-07-08 10:08:15,925 | INFO | watchfiles.main | 1 change detected
2026-07-08 10:08:16,288 | INFO | watchfiles.main | 1 change detected
2026-07-08 10:08:16,698 | INFO | watchfiles.main | 1 change detected
2026-07-08 10:08:17,106 | INFO | watchfiles.main | 1 change detected
2026-07-08 10:08:17,513 | INFO | watchfiles.main | 1 change detected
2026-07-08 10:08:17,928 | INFO | watchfiles.main | 1 change detected
2026-07-08 10:08:18,333 | INFO | watchfiles.main | 1 change detected
2026-07-08 10:08:18,737 | INFO | watchfiles.main | 1 change detected
2026-07-08 10:08:19,151 | INFO | watchfiles.main | 1 change detected
2026-07-08 10:08:19,562 | INFO | watchfiles.main | 1 change detected
2026-07-08 10:08:19,977 | INFO | watchfiles.main | 1 change detected
2026-07-08 10:08:20,391 | INFO | watchfiles.main | 1 change detected
2026-07-08 10:08:20,812 | INFO | watchfiles.main | 1 change detected
2026-07-08 10:08:21,215 | INFO | watchfiles.main | 1 change detected
2026-07-08 10:08:21,621 | INFO | watchfiles.main | 1 change detected
2026-07-08 10:08:22,027 | INFO | watchfiles.main | 1 change detected
2026-07-08 10:08:22,447 | INFO | watchfiles.main | 1 change detected
2026-07-08 10:08:22,852 | INFO | watchfiles.main | 1 change detected
2026-07-08 10:08:23,215 | INFO | watchfiles.main | 1 change detected
2026-07-08 10:08:23,633 | INFO | watchfiles.main | 1 change detected
2026-07-08 10:08:24,042 | INFO | watchfiles.main | 1 change detected
2026-07-08 10:08:24,460 | INFO | watchfiles.main | 1 change detected
2026-07-08 10:08:24,876 | INFO | watchfiles.main | 1 change detected
2026-07-08 10:08:25,281 | INFO | watchfiles.main | 1 change detected
2026-07-08 10:08:25,690 | INFO | watchfiles.main | 1 change detected
2026-07-08 10:08:26,093 | INFO | watchfiles.main | 1 change detected
2026-07-08 10:08:26,504 | INFO | watchfiles.main | 1 change detected
2026-07-08 10:08:26,921 | INFO | watchfiles.main | 1 change detected
2026-07-08 10:08:27,324 | INFO | watchfiles.main | 1 change detected
2026-07-08 10:08:27,734 | INFO | watchfiles.main | 1 change detected
2026-07-08 10:08:28,141 | INFO | watchfiles.main | 1 change detected
2026-07-08 10:08:28,508 | INFO | watchfiles.main | 1 change detected
2026-07-08 10:08:28,912 | INFO | watchfiles.main | 1 change detected
2026-07-08 10:08:29,327 | INFO | watchfiles.main | 1 change detected
2026-07-08 10:08:29,736 | INFO | watchfiles.main | 1 change detected
2026-07-08 10:08:30,152 | INFO | watchfiles.main | 1 change detected
2026-07-08 10:08:30,561 | INFO | watchfiles.main | 1 change detected
2026-07-08 10:08:30,983 | INFO | watchfiles.main | 1 change detected
2026-07-08 10:08:31,402 | INFO | watchfiles.main | 1 change detected
2026-07-08 10:08:31,813 | INFO | watchfiles.main | 1 change detected
2026-07-08 10:08:32,227 | INFO | watchfiles.main | 1 change detected
2026-07-08 10:08:32,633 | INFO | watchfiles.main | 1 change detected
2026-07-08 10:08:33,049 | INFO | watchfiles.main | 1 change detected
2026-07-08 10:08:33,464 | INFO | watchfiles.main | 1 change detected
2026-07-08 10:08:33,871 | INFO | watchfiles.main | 1 change detected
2026-07-08 10:08:34,239 | INFO | watchfiles.main | 1 change detected
2026-07-08 10:08:34,654 | INFO | watchfiles.main | 1 change detected
2026-07-08 10:08:35,061 | INFO | watchfiles.main | 1 change detected
2026-07-08 10:08:35,464 | INFO | watchfiles.main | 1 change detected
2026-07-08 10:08:35,887 | INFO | watchfiles.main | 1 change detected
2026-07-08 10:08:36,300 | INFO | watchfiles.main | 1 change detected
2026-07-08 10:08:36,717 | INFO | watchfiles.main | 1 change detected
2026-07-08 10:08:37,123 | INFO | watchfiles.main | 1 change detected
2026-07-08 10:08:37,541 | INFO | watchfiles.main | 1 change detected
2026-07-08 10:08:37,959 | INFO | watchfiles.main | 1 change detected
2026-07-08 10:08:38,315 | INFO | watchfiles.main | 1 change detected
2026-07-08 10:08:38,777 | INFO | watchfiles.main | 1 change detected
2026-07-08 10:08:39,179 | INFO | watchfiles.main | 1 change detected
2026-07-08 10:08:39,537 | INFO | watchfiles.main | 1 change detected
2026-07-08 10:08:39,943 | INFO | watchfiles.main | 1 change detected
2026-07-08 10:08:40,367 | INFO | watchfiles.main | 1 change detected
2026-07-08 10:08:40,776 | INFO | watchfiles.main | 1 change detected
2026-07-08 10:08:41,186 | INFO | watchfiles.main | 1 change detected
2026-07-08 10:08:41,601 | INFO | watchfiles.main | 1 change detected
2026-07-08 10:08:42,015 | INFO | watchfiles.main | 1 change detected
2026-07-08 10:08:42,429 | INFO | watchfiles.main | 1 change detected
2026-07-08 10:08:42,837 | INFO | watchfiles.main | 1 change detected
2026-07-08 10:08:43,246 | INFO | watchfiles.main | 1 change detected
2026-07-08 10:08:43,650 | INFO | watchfiles.main | 1 change detected
2026-07-08 10:08:44,056 | INFO | watchfiles.main | 1 change detected
2026-07-08 10:08:44,465 | INFO | watchfiles.main | 1 change detected
2026-07-08 10:08:44,879 | INFO | watchfiles.main | 1 change detected
2026-07-08 10:08:45,237 | INFO | watchfiles.main | 1 change detected
2026-07-08 10:08:45,691 | INFO | watchfiles.main | 1 change detected
2026-07-08 10:08:46,067 | INFO | watchfiles.main | 1 change detected
2026-07-08 10:08:46,473 | INFO | watchfiles.main | 1 change detected
2026-07-08 10:08:46,883 | INFO | watchfiles.main | 1 change detected
2026-07-08 10:08:47,294 | INFO | watchfiles.main | 1 change detected
2026-07-08 10:08:47,701 | INFO | watchfiles.main | 1 change detected
2026-07-08 10:08:48,109 | INFO | watchfiles.main | 1 change detected
2026-07-08 10:08:48,515 | INFO | watchfiles.main | 1 change detected
2026-07-08 10:08:48,714 | INFO | lmsguard.requests | GET /platform/notifications -> 401 3.47ms
2026-07-08 10:08:48,881 | INFO | watchfiles.main | 1 change detected
2026-07-08 10:08:49,241 | INFO | watchfiles.main | 1 change detected
2026-07-08 10:08:49,596 | INFO | watchfiles.main | 1 change detected
2026-07-08 10:08:50,011 | INFO | watchfiles.main | 1 change detected
2026-07-08 10:08:50,417 | INFO | watchfiles.main | 1 change detected
2026-07-08 10:08:50,829 | INFO | watchfiles.main | 1 change detected
2026-07-08 10:08:51,241 | INFO | watchfiles.main | 1 change detected
2026-07-08 10:08:51,602 | INFO | watchfiles.main | 1 change detected
2026-07-08 10:08:52,016 | INFO | watchfiles.main | 1 change detected
2026-07-08 10:08:52,424 | INFO | watchfiles.main | 1 change detected
2026-07-08 10:08:52,837 | INFO | watchfiles.main | 1 change detected
2026-07-08 10:08:53,243 | INFO | watchfiles.main | 1 change detected
2026-07-08 10:08:53,699 | INFO | watchfiles.main | 1 change detected
2026-07-08 10:08:54,055 | INFO | watchfiles.main | 1 change detected
2026-07-08 10:08:54,508 | INFO | watchfiles.main | 1 change detected
2026-07-08 10:08:54,872 | INFO | watchfiles.main | 1 change detected
2026-07-08 10:08:55,278 | INFO | watchfiles.main | 1 change detected
2026-07-08 10:08:55,686 | INFO | watchfiles.main | 1 change detected
2026-07-08 10:08:56,099 | INFO | watchfiles.main | 1 change detected
2026-07-08 10:08:56,513 | INFO | watchfiles.main | 1 change detected
2026-07-08 10:08:56,919 | INFO | watchfiles.main | 1 change detected
2026-07-08 10:08:57,272 | INFO | watchfiles.main | 1 change detected
2026-07-08 10:08:57,691 | INFO | watchfiles.main | 1 change detected
2026-07-08 10:08:58,094 | INFO | watchfiles.main | 1 change detected
2026-07-08 10:08:58,508 | INFO | watchfiles.main | 1 change detected
2026-07-08 10:08:58,914 | INFO | watchfiles.main | 1 change detected
2026-07-08 10:08:59,321 | INFO | watchfiles.main | 1 change detected
2026-07-08 10:08:59,731 | INFO | watchfiles.main | 1 change detected
2026-07-08 10:09:00,134 | INFO | watchfiles.main | 1 change detected
2026-07-08 10:09:00,543 | INFO | watchfiles.main | 1 change detected
2026-07-08 10:09:00,965 | INFO | watchfiles.main | 1 change detected
2026-07-08 10:09:01,373 | INFO | watchfiles.main | 1 change detected
2026-07-08 10:09:01,789 | INFO | watchfiles.main | 1 change detected
2026-07-08 10:09:02,197 | INFO | watchfiles.main | 1 change detected
2026-07-08 10:09:02,550 | INFO | watchfiles.main | 1 change detected
2026-07-08 10:09:02,967 | INFO | watchfiles.main | 1 change detected
2026-07-08 10:09:03,382 | INFO | watchfiles.main | 1 change detected
2026-07-08 10:09:03,784 | INFO | watchfiles.main | 1 change detected
2026-07-08 10:09:04,196 | INFO | watchfiles.main | 1 change detected
2026-07-08 10:09:04,612 | INFO | watchfiles.main | 1 change detected
2026-07-08 10:09:05,025 | INFO | watchfiles.main | 1 change detected
2026-07-08 10:09:05,431 | INFO | watchfiles.main | 1 change detected
2026-07-08 10:09:05,837 | INFO | watchfiles.main | 1 change detected
2026-07-08 10:09:06,241 | INFO | watchfiles.main | 1 change detected
2026-07-08 10:09:06,648 | INFO | watchfiles.main | 1 change detected
2026-07-08 10:09:07,055 | INFO | watchfiles.main | 1 change detected
2026-07-08 10:09:07,428 | INFO | watchfiles.main | 1 change detected
2026-07-08 10:09:07,839 | INFO | watchfiles.main | 1 change detected
2026-07-08 10:09:08,243 | INFO | watchfiles.main | 1 change detected
2026-07-08 10:09:08,658 | INFO | watchfiles.main | 1 change detected
2026-07-08 10:09:09,072 | INFO | watchfiles.main | 1 change detected
2026-07-08 10:09:09,427 | INFO | watchfiles.main | 1 change detected
2026-07-08 10:09:09,838 | INFO | watchfiles.main | 1 change detected
2026-07-08 10:09:10,247 | INFO | watchfiles.main | 1 change detected
2026-07-08 10:09:10,655 | INFO | watchfiles.main | 1 change detected
2026-07-08 10:09:11,065 | INFO | watchfiles.main | 1 change detected
2026-07-08 10:09:11,469 | INFO | watchfiles.main | 1 change detected
2026-07-08 10:09:11,887 | INFO | watchfiles.main | 1 change detected
2026-07-08 10:09:12,250 | INFO | watchfiles.main | 1 change detected
2026-07-08 10:09:12,702 | INFO | watchfiles.main | 1 change detected
2026-07-08 10:09:13,108 | INFO | watchfiles.main | 1 change detected
2026-07-08 10:09:13,512 | INFO | watchfiles.main | 1 change detected
2026-07-08 10:09:13,921 | INFO | watchfiles.main | 1 change detected
2026-07-08 10:09:14,324 | INFO | watchfiles.main | 1 change detected
2026-07-08 10:09:14,743 | INFO | watchfiles.main | 1 change detected
2026-07-08 10:09:15,162 | INFO | watchfiles.main | 1 change detected
2026-07-08 10:09:15,576 | INFO | watchfiles.main | 1 change detected
2026-07-08 10:09:15,981 | INFO | watchfiles.main | 1 change detected
2026-07-08 10:09:16,391 | INFO | watchfiles.main | 1 change detected
2026-07-08 10:09:16,751 | INFO | watchfiles.main | 1 change detected
2026-07-08 10:09:17,168 | INFO | watchfiles.main | 1 change detected
2026-07-08 10:09:17,575 | INFO | watchfiles.main | 1 change detected
2026-07-08 10:09:17,984 | INFO | watchfiles.main | 1 change detected
2026-07-08 10:09:18,402 | INFO | watchfiles.main | 1 change detected
2026-07-08 10:09:18,821 | INFO | watchfiles.main | 1 change detected
2026-07-08 10:09:19,226 | INFO | watchfiles.main | 1 change detected
2026-07-08 10:09:19,637 | INFO | watchfiles.main | 1 change detected
2026-07-08 10:09:20,055 | INFO | watchfiles.main | 1 change detected
2026-07-08 10:09:20,476 | INFO | watchfiles.main | 1 change detected
2026-07-08 10:09:20,895 | INFO | watchfiles.main | 1 change detected
2026-07-08 10:09:21,304 | INFO | watchfiles.main | 1 change detected
2026-07-08 10:09:21,669 | INFO | watchfiles.main | 1 change detected
2026-07-08 10:09:22,092 | INFO | watchfiles.main | 1 change detected
2026-07-08 10:09:22,459 | INFO | watchfiles.main | 1 change detected
2026-07-08 10:09:22,872 | INFO | watchfiles.main | 1 change detected
2026-07-08 10:09:23,289 | INFO | watchfiles.main | 1 change detected
2026-07-08 10:09:23,692 | INFO | watchfiles.main | 1 change detected
2026-07-08 10:09:24,105 | INFO | watchfiles.main | 1 change detected
2026-07-08 10:09:24,512 | INFO | watchfiles.main | 1 change detected
2026-07-08 10:09:24,916 | INFO | watchfiles.main | 1 change detected
2026-07-08 10:09:25,272 | INFO | watchfiles.main | 1 change detected
2026-07-08 10:09:25,683 | INFO | watchfiles.main | 1 change detected
2026-07-08 10:09:26,091 | INFO | watchfiles.main | 1 change detected
2026-07-08 10:09:26,497 | INFO | watchfiles.main | 1 change detected
2026-07-08 10:09:26,912 | INFO | watchfiles.main | 1 change detected
2026-07-08 10:09:27,318 | INFO | watchfiles.main | 1 change detected
2026-07-08 10:09:27,730 | INFO | watchfiles.main | 1 change detected
2026-07-08 10:09:28,132 | INFO | watchfiles.main | 1 change detected
2026-07-08 10:09:28,537 | INFO | watchfiles.main | 1 change detected
2026-07-08 10:09:28,942 | INFO | watchfiles.main | 1 change detected
2026-07-08 10:09:29,345 | INFO | watchfiles.main | 1 change detected
2026-07-08 10:09:29,751 | INFO | watchfiles.main | 1 change detected
2026-07-08 10:09:30,156 | INFO | watchfiles.main | 1 change detected
2026-07-08 10:09:30,612 | INFO | watchfiles.main | 1 change detected
2026-07-08 10:09:31,022 | INFO | watchfiles.main | 1 change detected
2026-07-08 10:09:31,440 | INFO | watchfiles.main | 1 change detected
2026-07-08 10:09:31,804 | INFO | watchfiles.main | 1 change detected
2026-07-08 10:09:32,215 | INFO | watchfiles.main | 1 change detected
2026-07-08 10:09:32,630 | INFO | watchfiles.main | 1 change detected
2026-07-08 10:09:33,033 | INFO | watchfiles.main | 1 change detected
2026-07-08 10:09:33,440 | INFO | watchfiles.main | 1 change detected
2026-07-08 10:09:33,858 | INFO | watchfiles.main | 1 change detected
2026-07-08 10:09:34,222 | INFO | watchfiles.main | 1 change detected
2026-07-08 10:09:34,637 | INFO | watchfiles.main | 1 change detected
2026-07-08 10:09:35,045 | INFO | watchfiles.main | 1 change detected
2026-07-08 10:09:35,454 | INFO | watchfiles.main | 1 change detected
2026-07-08 10:09:35,859 | INFO | watchfiles.main | 1 change detected
2026-07-08 10:09:36,278 | INFO | watchfiles.main | 1 change detected
2026-07-08 10:09:36,697 | INFO | watchfiles.main | 1 change detected
2026-07-08 10:09:37,109 | INFO | watchfiles.main | 1 change detected
2026-07-08 10:09:37,513 | INFO | watchfiles.main | 1 change detected
2026-07-08 10:09:37,926 | INFO | watchfiles.main | 1 change detected
2026-07-08 10:09:38,285 | INFO | watchfiles.main | 1 change detected
2026-07-08 10:09:38,690 | INFO | watchfiles.main | 1 change detected
2026-07-08 10:09:39,106 | INFO | watchfiles.main | 1 change detected
2026-07-08 10:09:39,521 | INFO | watchfiles.main | 1 change detected
2026-07-08 10:09:39,930 | INFO | watchfiles.main | 1 change detected
2026-07-08 10:09:40,290 | INFO | watchfiles.main | 1 change detected
2026-07-08 10:09:40,700 | INFO | watchfiles.main | 1 change detected
2026-07-08 10:09:41,118 | INFO | watchfiles.main | 1 change detected
2026-07-08 10:09:41,527 | INFO | watchfiles.main | 1 change detected
2026-07-08 10:09:41,931 | INFO | watchfiles.main | 1 change detected
2026-07-08 10:09:42,336 | INFO | watchfiles.main | 1 change detected
2026-07-08 10:09:42,761 | INFO | watchfiles.main | 1 change detected
2026-07-08 10:09:43,175 | INFO | watchfiles.main | 1 change detected
2026-07-08 10:09:43,540 | INFO | watchfiles.main | 1 change detected
2026-07-08 10:09:43,944 | INFO | watchfiles.main | 1 change detected
2026-07-08 10:09:44,369 | INFO | watchfiles.main | 1 change detected
2026-07-08 10:09:44,778 | INFO | watchfiles.main | 1 change detected
2026-07-08 10:09:45,180 | INFO | watchfiles.main | 1 change detected
2026-07-08 10:09:45,585 | INFO | watchfiles.main | 1 change detected
2026-07-08 10:09:46,010 | INFO | watchfiles.main | 1 change detected
2026-07-08 10:09:46,416 | INFO | watchfiles.main | 1 change detected
2026-07-08 10:09:46,827 | INFO | watchfiles.main | 1 change detected
2026-07-08 10:09:47,234 | INFO | watchfiles.main | 1 change detected
2026-07-08 10:09:47,595 | INFO | watchfiles.main | 1 change detected
2026-07-08 10:09:48,013 | INFO | watchfiles.main | 1 change detected
2026-07-08 10:09:48,419 | INFO | watchfiles.main | 1 change detected
2026-07-08 10:09:48,824 | INFO | watchfiles.main | 1 change detected
2026-07-08 10:09:49,029 | INFO | lmsguard.requests | GET /platform/notifications -> 401 2.73ms
2026-07-08 10:09:49,178 | INFO | watchfiles.main | 1 change detected
2026-07-08 10:09:49,545 | INFO | watchfiles.main | 1 change detected
2026-07-08 10:09:49,919 | INFO | watchfiles.main | 1 change detected
2026-07-08 10:09:50,275 | INFO | watchfiles.main | 1 change detected
2026-07-08 10:09:50,686 | INFO | watchfiles.main | 1 change detected
2026-07-08 10:09:51,089 | INFO | watchfiles.main | 1 change detected
2026-07-08 10:09:51,493 | INFO | watchfiles.main | 1 change detected
2026-07-08 10:09:51,901 | INFO | watchfiles.main | 1 change detected
2026-07-08 10:09:52,316 | INFO | watchfiles.main | 1 change detected
2026-07-08 10:09:52,679 | INFO | watchfiles.main | 1 change detected
2026-07-08 10:09:53,144 | INFO | watchfiles.main | 1 change detected
2026-07-08 10:09:53,503 | INFO | watchfiles.main | 1 change detected
2026-07-08 10:09:53,912 | INFO | watchfiles.main | 1 change detected
2026-07-08 10:09:54,319 | INFO | watchfiles.main | 1 change detected
2026-07-08 10:09:54,729 | INFO | watchfiles.main | 1 change detected
2026-07-08 10:09:55,132 | INFO | watchfiles.main | 1 change detected
2026-07-08 10:09:55,547 | INFO | watchfiles.main | 1 change detected
2026-07-08 10:09:55,961 | INFO | watchfiles.main | 1 change detected
2026-07-08 10:09:56,373 | INFO | watchfiles.main | 1 change detected
2026-07-08 10:09:56,795 | INFO | watchfiles.main | 1 change detected
2026-07-08 10:09:57,199 | INFO | watchfiles.main | 1 change detected
2026-07-08 10:09:57,609 | INFO | watchfiles.main | 1 change detected
2026-07-08 10:09:58,016 | INFO | watchfiles.main | 1 change detected
2026-07-08 10:09:58,426 | INFO | watchfiles.main | 1 change detected
2026-07-08 10:09:58,834 | INFO | watchfiles.main | 1 change detected
2026-07-08 10:09:59,195 | INFO | watchfiles.main | 1 change detected
2026-07-08 10:09:59,602 | INFO | watchfiles.main | 1 change detected
2026-07-08 10:10:00,006 | INFO | watchfiles.main | 1 change detected
2026-07-08 10:10:00,413 | INFO | watchfiles.main | 1 change detected
2026-07-08 10:10:00,820 | INFO | watchfiles.main | 1 change detected
2026-07-08 10:10:01,241 | INFO | watchfiles.main | 1 change detected
2026-07-08 10:10:01,654 | INFO | watchfiles.main | 1 change detected
2026-07-08 10:10:02,017 | INFO | watchfiles.main | 1 change detected
2026-07-08 10:10:02,429 | INFO | watchfiles.main | 1 change detected
2026-07-08 10:10:02,835 | INFO | watchfiles.main | 1 change detected
2026-07-08 10:10:03,248 | INFO | watchfiles.main | 1 change detected
2026-07-08 10:10:03,651 | INFO | watchfiles.main | 1 change detected
2026-07-08 10:10:04,054 | INFO | watchfiles.main | 1 change detected
2026-07-08 10:10:04,463 | INFO | watchfiles.main | 1 change detected
2026-07-08 10:10:04,871 | INFO | watchfiles.main | 1 change detected
2026-07-08 10:10:05,299 | INFO | watchfiles.main | 1 change detected
2026-07-08 10:10:05,707 | INFO | watchfiles.main | 1 change detected
2026-07-08 10:10:06,117 | INFO | watchfiles.main | 1 change detected
2026-07-08 10:10:06,479 | INFO | watchfiles.main | 1 change detected
2026-07-08 10:10:06,888 | INFO | watchfiles.main | 1 change detected
2026-07-08 10:10:07,291 | INFO | watchfiles.main | 1 change detected
2026-07-08 10:10:07,702 | INFO | watchfiles.main | 1 change detected
2026-07-08 10:10:08,110 | INFO | watchfiles.main | 1 change detected
2026-07-08 10:10:08,521 | INFO | watchfiles.main | 1 change detected
2026-07-08 10:10:08,878 | INFO | watchfiles.main | 1 change detected
2026-07-08 10:10:09,291 | INFO | watchfiles.main | 1 change detected
2026-07-08 10:10:09,698 | INFO | watchfiles.main | 1 change detected
2026-07-08 10:10:10,104 | INFO | watchfiles.main | 1 change detected
2026-07-08 10:10:10,514 | INFO | watchfiles.main | 1 change detected
2026-07-08 10:10:10,921 | INFO | watchfiles.main | 1 change detected
2026-07-08 10:10:11,323 | INFO | watchfiles.main | 1 change detected
2026-07-08 10:10:11,730 | INFO | watchfiles.main | 1 change detected
2026-07-08 10:10:12,138 | INFO | watchfiles.main | 1 change detected
2026-07-08 10:10:12,552 | INFO | watchfiles.main | 1 change detected
2026-07-08 10:10:12,963 | INFO | watchfiles.main | 1 change detected
2026-07-08 10:10:13,374 | INFO | watchfiles.main | 1 change detected
2026-07-08 10:10:13,778 | INFO | watchfiles.main | 1 change detected
2026-07-08 10:10:14,186 | INFO | watchfiles.main | 1 change detected
2026-07-08 10:10:14,598 | INFO | watchfiles.main | 1 change detected
2026-07-08 10:10:15,002 | INFO | watchfiles.main | 1 change detected
2026-07-08 10:10:15,368 | INFO | watchfiles.main | 1 change detected
2026-07-08 10:10:15,824 | INFO | watchfiles.main | 1 change detected
2026-07-08 10:10:16,228 | INFO | watchfiles.main | 1 change detected
2026-07-08 10:10:16,638 | INFO | watchfiles.main | 1 change detected
2026-07-08 10:10:17,042 | INFO | watchfiles.main | 1 change detected
2026-07-08 10:10:17,448 | INFO | watchfiles.main | 1 change detected
2026-07-08 10:10:17,906 | INFO | watchfiles.main | 1 change detected
2026-07-08 10:10:18,273 | INFO | watchfiles.main | 1 change detected
2026-07-08 10:10:18,676 | INFO | watchfiles.main | 1 change detected
2026-07-08 10:10:19,093 | INFO | watchfiles.main | 1 change detected
2026-07-08 10:10:19,502 | INFO | watchfiles.main | 1 change detected
2026-07-08 10:10:19,909 | INFO | watchfiles.main | 1 change detected
2026-07-08 10:10:20,316 | INFO | watchfiles.main | 1 change detected
2026-07-08 10:10:20,721 | INFO | watchfiles.main | 1 change detected
2026-07-08 10:10:21,177 | INFO | watchfiles.main | 1 change detected
2026-07-08 10:10:21,538 | INFO | watchfiles.main | 1 change detected
2026-07-08 10:10:21,947 | INFO | watchfiles.main | 1 change detected
2026-07-08 10:10:22,408 | INFO | watchfiles.main | 1 change detected
2026-07-08 10:10:22,773 | INFO | watchfiles.main | 1 change detected
2026-07-08 10:10:23,177 | INFO | watchfiles.main | 1 change detected
2026-07-08 10:10:23,584 | INFO | watchfiles.main | 1 change detected
2026-07-08 10:10:23,989 | INFO | watchfiles.main | 1 change detected
2026-07-08 10:10:24,394 | INFO | watchfiles.main | 1 change detected
2026-07-08 10:10:24,799 | INFO | watchfiles.main | 1 change detected
2026-07-08 10:10:25,209 | INFO | watchfiles.main | 1 change detected
2026-07-08 10:10:25,620 | INFO | watchfiles.main | 1 change detected
2026-07-08 10:10:26,029 | INFO | watchfiles.main | 1 change detected
2026-07-08 10:10:26,399 | INFO | watchfiles.main | 1 change detected
2026-07-08 10:10:26,857 | INFO | watchfiles.main | 1 change detected
2026-07-08 10:10:27,222 | INFO | watchfiles.main | 1 change detected
2026-07-08 10:10:27,628 | INFO | watchfiles.main | 1 change detected
2026-07-08 10:10:28,035 | INFO | watchfiles.main | 1 change detected
2026-07-08 10:10:28,441 | INFO | watchfiles.main | 1 change detected
2026-07-08 10:10:28,845 | INFO | watchfiles.main | 1 change detected
2026-07-08 10:10:29,253 | INFO | watchfiles.main | 1 change detected
2026-07-08 10:10:29,661 | INFO | watchfiles.main | 1 change detected
2026-07-08 10:10:30,089 | INFO | watchfiles.main | 1 change detected
2026-07-08 10:10:30,454 | INFO | watchfiles.main | 1 change detected
2026-07-08 10:10:30,910 | INFO | watchfiles.main | 1 change detected
2026-07-08 10:10:31,274 | INFO | watchfiles.main | 1 change detected
2026-07-08 10:10:31,690 | INFO | watchfiles.main | 1 change detected
2026-07-08 10:10:32,093 | INFO | watchfiles.main | 1 change detected
2026-07-08 10:10:32,467 | INFO | watchfiles.main | 1 change detected
2026-07-08 10:10:32,885 | INFO | watchfiles.main | 1 change detected
2026-07-08 10:10:33,293 | INFO | watchfiles.main | 1 change detected
2026-07-08 10:10:33,704 | INFO | watchfiles.main | 1 change detected
2026-07-08 10:10:34,111 | INFO | watchfiles.main | 1 change detected
2026-07-08 10:10:34,524 | INFO | watchfiles.main | 1 change detected
2026-07-08 10:10:34,934 | INFO | watchfiles.main | 1 change detected
2026-07-08 10:10:35,298 | INFO | watchfiles.main | 1 change detected
2026-07-08 10:10:35,703 | INFO | watchfiles.main | 1 change detected
2026-07-08 10:10:36,108 | INFO | watchfiles.main | 1 change detected
2026-07-08 10:10:36,513 | INFO | watchfiles.main | 1 change detected
2026-07-08 10:10:36,929 | INFO | watchfiles.main | 1 change detected
2026-07-08 10:10:37,358 | INFO | watchfiles.main | 1 change detected
2026-07-08 10:10:37,765 | INFO | watchfiles.main | 1 change detected
2026-07-08 10:10:38,174 | INFO | watchfiles.main | 1 change detected
2026-07-08 10:10:38,587 | INFO | watchfiles.main | 1 change detected
2026-07-08 10:10:38,994 | INFO | watchfiles.main | 1 change detected
2026-07-08 10:10:39,400 | INFO | watchfiles.main | 1 change detected
2026-07-08 10:10:39,758 | INFO | watchfiles.main | 1 change detected
2026-07-08 10:10:40,168 | INFO | watchfiles.main | 1 change detected
2026-07-08 10:10:40,574 | INFO | watchfiles.main | 1 change detected
2026-07-08 10:10:40,993 | INFO | watchfiles.main | 1 change detected
2026-07-08 10:10:41,350 | INFO | watchfiles.main | 1 change detected
2026-07-08 10:10:41,763 | INFO | watchfiles.main | 1 change detected
2026-07-08 10:10:42,180 | INFO | watchfiles.main | 1 change detected
2026-07-08 10:10:42,537 | INFO | watchfiles.main | 1 change detected
2026-07-08 10:10:42,948 | INFO | watchfiles.main | 1 change detected
2026-07-08 10:10:43,358 | INFO | watchfiles.main | 1 change detected
2026-07-08 10:10:43,763 | INFO | watchfiles.main | 1 change detected
2026-07-08 10:10:44,173 | INFO | watchfiles.main | 1 change detected
2026-07-08 10:10:44,584 | INFO | watchfiles.main | 1 change detected
2026-07-08 10:10:44,991 | INFO | watchfiles.main | 1 change detected
2026-07-08 10:10:45,398 | INFO | watchfiles.main | 1 change detected
2026-07-08 10:10:45,808 | INFO | watchfiles.main | 1 change detected
2026-07-08 10:10:46,227 | INFO | watchfiles.main | 1 change detected
2026-07-08 10:10:46,588 | INFO | watchfiles.main | 1 change detected
2026-07-08 10:10:46,994 | INFO | watchfiles.main | 1 change detected
2026-07-08 10:10:47,401 | INFO | watchfiles.main | 1 change detected
2026-07-08 10:10:47,815 | INFO | watchfiles.main | 1 change detected
2026-07-08 10:10:48,223 | INFO | watchfiles.main | 1 change detected
2026-07-08 10:10:48,636 | INFO | watchfiles.main | 1 change detected
2026-07-08 10:10:48,711 | INFO | lmsguard.requests | GET /platform/notifications -> 401 2.06ms
2026-07-08 10:10:48,992 | INFO | watchfiles.main | 1 change detected
2026-07-08 10:10:49,354 | INFO | watchfiles.main | 1 change detected
2026-07-08 10:10:49,725 | INFO | watchfiles.main | 1 change detected
2026-07-08 10:10:50,091 | INFO | watchfiles.main | 1 change detected
2026-07-08 10:10:50,458 | INFO | watchfiles.main | 1 change detected
2026-07-08 10:10:50,818 | INFO | watchfiles.main | 1 change detected
2026-07-08 10:10:51,232 | INFO | watchfiles.main | 1 change detected
2026-07-08 10:10:51,585 | INFO | watchfiles.main | 1 change detected
2026-07-08 10:10:52,002 | INFO | watchfiles.main | 1 change detected
2026-07-08 10:10:52,420 | INFO | watchfiles.main | 1 change detected
2026-07-08 10:10:52,839 | INFO | watchfiles.main | 1 change detected
2026-07-08 10:10:53,251 | INFO | watchfiles.main | 1 change detected
2026-07-08 10:10:53,657 | INFO | watchfiles.main | 1 change detected
2026-07-08 10:10:54,075 | INFO | watchfiles.main | 1 change detected
2026-07-08 10:10:54,478 | INFO | watchfiles.main | 1 change detected
2026-07-08 10:10:54,890 | INFO | watchfiles.main | 1 change detected
2026-07-08 10:10:55,303 | INFO | watchfiles.main | 1 change detected
2026-07-08 10:10:55,660 | INFO | watchfiles.main | 1 change detected
2026-07-08 10:10:56,072 | INFO | watchfiles.main | 1 change detected
2026-07-08 10:10:56,488 | INFO | watchfiles.main | 1 change detected
2026-07-08 10:10:56,900 | INFO | watchfiles.main | 1 change detected
2026-07-08 10:10:57,310 | INFO | watchfiles.main | 1 change detected
2026-07-08 10:10:57,668 | INFO | watchfiles.main | 1 change detected
2026-07-08 10:10:58,125 | INFO | watchfiles.main | 1 change detected
2026-07-08 10:10:58,489 | INFO | watchfiles.main | 1 change detected
2026-07-08 10:10:58,900 | INFO | watchfiles.main | 1 change detected
2026-07-08 10:10:59,308 | INFO | watchfiles.main | 1 change detected
2026-07-08 10:10:59,718 | INFO | watchfiles.main | 1 change detected
2026-07-08 10:11:00,127 | INFO | watchfiles.main | 1 change detected
2026-07-08 10:11:00,543 | INFO | watchfiles.main | 1 change detected
2026-07-08 10:11:00,959 | INFO | watchfiles.main | 1 change detected
2026-07-08 10:11:01,370 | INFO | watchfiles.main | 1 change detected
2026-07-08 10:11:01,775 | INFO | watchfiles.main | 1 change detected
2026-07-08 10:11:02,179 | INFO | watchfiles.main | 1 change detected
2026-07-08 10:11:02,591 | INFO | watchfiles.main | 1 change detected
2026-07-08 10:11:03,009 | INFO | watchfiles.main | 1 change detected
2026-07-08 10:11:03,415 | INFO | watchfiles.main | 1 change detected
2026-07-08 10:11:03,837 | INFO | watchfiles.main | 1 change detected
2026-07-08 10:11:04,243 | INFO | watchfiles.main | 1 change detected
2026-07-08 10:11:04,647 | INFO | watchfiles.main | 1 change detected
2026-07-08 10:11:05,004 | INFO | watchfiles.main | 1 change detected
2026-07-08 10:11:05,421 | INFO | watchfiles.main | 1 change detected
2026-07-08 10:11:05,839 | INFO | watchfiles.main | 1 change detected
2026-07-08 10:11:06,258 | INFO | watchfiles.main | 1 change detected
2026-07-08 10:11:06,663 | INFO | watchfiles.main | 1 change detected
2026-07-08 10:11:07,041 | INFO | watchfiles.main | 1 change detected
2026-07-08 10:11:07,498 | INFO | watchfiles.main | 1 change detected
2026-07-08 10:11:07,908 | INFO | watchfiles.main | 1 change detected
2026-07-08 10:11:08,313 | INFO | watchfiles.main | 1 change detected
2026-07-08 10:11:08,729 | INFO | watchfiles.main | 1 change detected
2026-07-08 10:11:09,140 | INFO | watchfiles.main | 1 change detected
2026-07-08 10:11:09,560 | INFO | watchfiles.main | 1 change detected
2026-07-08 10:11:09,925 | INFO | watchfiles.main | 1 change detected
2026-07-08 10:11:10,335 | INFO | watchfiles.main | 1 change detected
2026-07-08 10:11:10,744 | INFO | watchfiles.main | 1 change detected
2026-07-08 10:11:11,153 | INFO | watchfiles.main | 1 change detected
2026-07-08 10:11:11,572 | INFO | watchfiles.main | 1 change detected
2026-07-08 10:11:11,935 | INFO | watchfiles.main | 1 change detected
2026-07-08 10:11:12,342 | INFO | watchfiles.main | 1 change detected
2026-07-08 10:11:12,748 | INFO | watchfiles.main | 1 change detected
2026-07-08 10:11:13,164 | INFO | watchfiles.main | 1 change detected
2026-07-08 10:11:13,576 | INFO | watchfiles.main | 1 change detected
2026-07-08 10:11:13,980 | INFO | watchfiles.main | 1 change detected
2026-07-08 10:11:14,388 | INFO | watchfiles.main | 1 change detected
2026-07-08 10:11:14,796 | INFO | watchfiles.main | 1 change detected
2026-07-08 10:11:15,152 | INFO | watchfiles.main | 1 change detected
2026-07-08 10:11:15,576 | INFO | watchfiles.main | 1 change detected
2026-07-08 10:11:15,980 | INFO | watchfiles.main | 1 change detected
2026-07-08 10:11:16,385 | INFO | watchfiles.main | 1 change detected
2026-07-08 10:11:16,809 | INFO | watchfiles.main | 1 change detected
2026-07-08 10:11:17,220 | INFO | watchfiles.main | 1 change detected
2026-07-08 10:11:17,641 | INFO | watchfiles.main | 1 change detected
2026-07-08 10:11:18,051 | INFO | watchfiles.main | 1 change detected
2026-07-08 10:11:18,403 | INFO | watchfiles.main | 1 change detected
2026-07-08 10:11:18,856 | INFO | watchfiles.main | 1 change detected
2026-07-08 10:11:19,261 | INFO | watchfiles.main | 1 change detected
2026-07-08 10:11:19,626 | INFO | watchfiles.main | 1 change detected
2026-07-08 10:11:20,030 | INFO | watchfiles.main | 1 change detected
2026-07-08 10:11:20,438 | INFO | watchfiles.main | 1 change detected
2026-07-08 10:11:20,854 | INFO | watchfiles.main | 1 change detected
2026-07-08 10:11:21,263 | INFO | watchfiles.main | 1 change detected
2026-07-08 10:11:21,668 | INFO | watchfiles.main | 1 change detected
2026-07-08 10:11:22,087 | INFO | watchfiles.main | 1 change detected
2026-07-08 10:11:22,496 | INFO | watchfiles.main | 1 change detected
2026-07-08 10:11:22,902 | INFO | watchfiles.main | 1 change detected
2026-07-08 10:11:23,314 | INFO | watchfiles.main | 1 change detected
2026-07-08 10:11:23,676 | INFO | watchfiles.main | 1 change detected
2026-07-08 10:11:24,092 | INFO | watchfiles.main | 1 change detected
2026-07-08 10:11:24,496 | INFO | watchfiles.main | 1 change detected
2026-07-08 10:11:24,905 | INFO | watchfiles.main | 1 change detected
2026-07-08 10:11:25,322 | INFO | watchfiles.main | 1 change detected
2026-07-08 10:11:25,728 | INFO | watchfiles.main | 1 change detected
2026-07-08 10:11:26,095 | INFO | watchfiles.main | 1 change detected
2026-07-08 10:11:26,506 | INFO | watchfiles.main | 1 change detected
2026-07-08 10:11:26,882 | INFO | watchfiles.main | 1 change detected
2026-07-08 10:11:27,290 | INFO | watchfiles.main | 1 change detected
2026-07-08 10:11:27,701 | INFO | watchfiles.main | 1 change detected
2026-07-08 10:11:28,116 | INFO | watchfiles.main | 1 change detected
2026-07-08 10:11:28,526 | INFO | watchfiles.main | 1 change detected
2026-07-08 10:11:28,932 | INFO | watchfiles.main | 1 change detected
2026-07-08 10:11:29,338 | INFO | watchfiles.main | 1 change detected
2026-07-08 10:11:29,740 | INFO | watchfiles.main | 1 change detected
2026-07-08 10:11:30,151 | INFO | watchfiles.main | 1 change detected
2026-07-08 10:11:30,560 | INFO | watchfiles.main | 1 change detected
2026-07-08 10:11:30,967 | INFO | watchfiles.main | 1 change detected
2026-07-08 10:11:31,329 | INFO | watchfiles.main | 1 change detected
2026-07-08 10:11:31,744 | INFO | watchfiles.main | 1 change detected
2026-07-08 10:11:32,165 | INFO | watchfiles.main | 1 change detected
2026-07-08 10:11:32,576 | INFO | watchfiles.main | 1 change detected
2026-07-08 10:11:32,986 | INFO | watchfiles.main | 1 change detected
2026-07-08 10:11:33,405 | INFO | watchfiles.main | 1 change detected
2026-07-08 10:11:33,819 | INFO | watchfiles.main | 1 change detected
2026-07-08 10:11:34,229 | INFO | watchfiles.main | 1 change detected
2026-07-08 10:11:34,593 | INFO | watchfiles.main | 1 change detected
2026-07-08 10:11:35,050 | INFO | watchfiles.main | 1 change detected
2026-07-08 10:11:35,414 | INFO | watchfiles.main | 1 change detected
2026-07-08 10:11:35,821 | INFO | watchfiles.main | 1 change detected
2026-07-08 10:11:36,227 | INFO | watchfiles.main | 1 change detected
2026-07-08 10:11:36,637 | INFO | watchfiles.main | 1 change detected
2026-07-08 10:11:37,062 | INFO | watchfiles.main | 1 change detected
2026-07-08 10:11:37,421 | INFO | watchfiles.main | 1 change detected
2026-07-08 10:11:37,833 | INFO | watchfiles.main | 1 change detected
2026-07-08 10:11:38,240 | INFO | watchfiles.main | 1 change detected
2026-07-08 10:11:38,652 | INFO | watchfiles.main | 1 change detected
2026-07-08 10:11:39,060 | INFO | watchfiles.main | 1 change detected
2026-07-08 10:11:39,426 | INFO | watchfiles.main | 1 change detected
2026-07-08 10:11:39,840 | INFO | watchfiles.main | 1 change detected
2026-07-08 10:11:40,246 | INFO | watchfiles.main | 1 change detected
2026-07-08 10:11:40,652 | INFO | watchfiles.main | 1 change detected
2026-07-08 10:11:41,107 | INFO | watchfiles.main | 1 change detected
2026-07-08 10:11:41,465 | INFO | watchfiles.main | 1 change detected
2026-07-08 10:11:41,874 | INFO | watchfiles.main | 1 change detected
2026-07-08 10:11:42,282 | INFO | watchfiles.main | 1 change detected
2026-07-08 10:11:42,697 | INFO | watchfiles.main | 1 change detected
2026-07-08 10:11:43,070 | INFO | watchfiles.main | 1 change detected
2026-07-08 10:11:43,477 | INFO | watchfiles.main | 1 change detected
2026-07-08 10:11:43,885 | INFO | watchfiles.main | 1 change detected
2026-07-08 10:11:44,297 | INFO | watchfiles.main | 1 change detected
2026-07-08 10:11:44,704 | INFO | watchfiles.main | 1 change detected
2026-07-08 10:11:45,110 | INFO | watchfiles.main | 1 change detected
2026-07-08 10:11:45,471 | INFO | watchfiles.main | 1 change detected
2026-07-08 10:11:45,935 | INFO | watchfiles.main | 1 change detected
2026-07-08 10:11:46,345 | INFO | watchfiles.main | 1 change detected
2026-07-08 10:11:46,709 | INFO | watchfiles.main | 1 change detected
2026-07-08 10:11:47,118 | INFO | watchfiles.main | 1 change detected
2026-07-08 10:11:47,526 | INFO | watchfiles.main | 1 change detected
2026-07-08 10:11:47,935 | INFO | watchfiles.main | 1 change detected
2026-07-08 10:11:48,341 | INFO | watchfiles.main | 1 change detected
2026-07-08 10:11:48,750 | INFO | watchfiles.main | 1 change detected
2026-07-08 10:11:49,008 | INFO | lmsguard.requests | GET /platform/notifications -> 401 2.70ms
2026-07-08 10:11:49,107 | INFO | watchfiles.main | 1 change detected
2026-07-08 10:11:49,512 | INFO | watchfiles.main | 1 change detected
2026-07-08 10:11:49,876 | INFO | watchfiles.main | 1 change detected
2026-07-08 10:11:50,330 | INFO | watchfiles.main | 1 change detected
2026-07-08 10:11:50,690 | INFO | watchfiles.main | 1 change detected
2026-07-08 10:11:51,156 | INFO | watchfiles.main | 1 change detected
2026-07-08 10:11:51,559 | INFO | watchfiles.main | 1 change detected
2026-07-08 10:11:51,971 | INFO | watchfiles.main | 1 change detected
2026-07-08 10:11:52,331 | INFO | watchfiles.main | 1 change detected
2026-07-08 10:11:52,744 | INFO | watchfiles.main | 1 change detected
2026-07-08 10:11:53,148 | INFO | watchfiles.main | 1 change detected
2026-07-08 10:11:53,552 | INFO | watchfiles.main | 1 change detected
2026-07-08 10:11:53,963 | INFO | watchfiles.main | 1 change detected
2026-07-08 10:11:54,365 | INFO | watchfiles.main | 1 change detected
2026-07-08 10:11:54,785 | INFO | watchfiles.main | 1 change detected
2026-07-08 10:11:55,187 | INFO | watchfiles.main | 1 change detected
2026-07-08 10:11:55,592 | INFO | watchfiles.main | 1 change detected
2026-07-08 10:11:55,958 | INFO | watchfiles.main | 1 change detected
2026-07-08 10:11:56,370 | INFO | watchfiles.main | 1 change detected
2026-07-08 10:11:56,789 | INFO | watchfiles.main | 1 change detected
2026-07-08 10:11:57,196 | INFO | watchfiles.main | 1 change detected
2026-07-08 10:11:57,600 | INFO | watchfiles.main | 1 change detected
2026-07-08 10:11:58,009 | INFO | watchfiles.main | 1 change detected
2026-07-08 10:11:58,422 | INFO | watchfiles.main | 1 change detected
2026-07-08 10:11:58,842 | INFO | watchfiles.main | 1 change detected
2026-07-08 10:11:59,260 | INFO | watchfiles.main | 1 change detected
2026-07-08 10:11:59,618 | INFO | watchfiles.main | 1 change detected
2026-07-08 10:12:00,032 | INFO | watchfiles.main | 1 change detected
2026-07-08 10:12:00,435 | INFO | watchfiles.main | 1 change detected
2026-07-08 10:12:00,891 | INFO | watchfiles.main | 1 change detected
2026-07-08 10:12:01,301 | INFO | watchfiles.main | 1 change detected
2026-07-08 10:12:01,658 | INFO | watchfiles.main | 1 change detected
2026-07-08 10:12:02,075 | INFO | watchfiles.main | 1 change detected
2026-07-08 10:12:02,490 | INFO | watchfiles.main | 1 change detected
2026-07-08 10:12:02,906 | INFO | watchfiles.main | 1 change detected
2026-07-08 10:12:03,325 | INFO | watchfiles.main | 1 change detected
2026-07-08 10:12:03,744 | INFO | watchfiles.main | 1 change detected
2026-07-08 10:12:04,110 | INFO | watchfiles.main | 1 change detected
2026-07-08 10:12:04,525 | INFO | watchfiles.main | 1 change detected
2026-07-08 10:12:04,939 | INFO | watchfiles.main | 1 change detected
2026-07-08 10:12:05,358 | INFO | watchfiles.main | 1 change detected
2026-07-08 10:12:05,764 | INFO | watchfiles.main | 1 change detected
2026-07-08 10:12:06,175 | INFO | watchfiles.main | 1 change detected
2026-07-08 10:12:06,586 | INFO | watchfiles.main | 1 change detected
2026-07-08 10:12:06,992 | INFO | watchfiles.main | 1 change detected
2026-07-08 10:12:07,401 | INFO | watchfiles.main | 1 change detected
2026-07-08 10:12:07,770 | INFO | watchfiles.main | 1 change detected
2026-07-08 10:12:08,229 | INFO | watchfiles.main | 1 change detected
2026-07-08 10:12:08,634 | INFO | watchfiles.main | 1 change detected
2026-07-08 10:12:08,992 | INFO | watchfiles.main | 1 change detected
2026-07-08 10:12:09,449 | INFO | watchfiles.main | 1 change detected
2026-07-08 10:12:09,816 | INFO | watchfiles.main | 1 change detected
2026-07-08 10:12:10,230 | INFO | watchfiles.main | 1 change detected
2026-07-08 10:12:10,639 | INFO | watchfiles.main | 1 change detected
2026-07-08 10:12:11,045 | INFO | watchfiles.main | 1 change detected
2026-07-08 10:12:11,452 | INFO | watchfiles.main | 1 change detected
2026-07-08 10:12:11,857 | INFO | watchfiles.main | 1 change detected
2026-07-08 10:12:12,259 | INFO | watchfiles.main | 1 change detected
2026-07-08 10:12:12,671 | INFO | watchfiles.main | 1 change detected
2026-07-08 10:12:13,081 | INFO | watchfiles.main | 1 change detected
2026-07-08 10:12:13,499 | INFO | watchfiles.main | 1 change detected
2026-07-08 10:12:13,914 | INFO | watchfiles.main | 1 change detected
2026-07-08 10:12:14,317 | INFO | watchfiles.main | 1 change detected
2026-07-08 10:12:14,731 | INFO | watchfiles.main | 1 change detected
2026-07-08 10:12:15,136 | INFO | watchfiles.main | 1 change detected
2026-07-08 10:12:15,539 | INFO | watchfiles.main | 1 change detected
2026-07-08 10:12:15,948 | INFO | watchfiles.main | 1 change detected
2026-07-08 10:12:16,368 | INFO | watchfiles.main | 1 change detected
2026-07-08 10:12:16,773 | INFO | watchfiles.main | 1 change detected
2026-07-08 10:12:17,186 | INFO | watchfiles.main | 1 change detected
2026-07-08 10:12:17,599 | INFO | watchfiles.main | 1 change detected
2026-07-08 10:12:17,959 | INFO | watchfiles.main | 1 change detected
2026-07-08 10:12:18,384 | INFO | watchfiles.main | 1 change detected
2026-07-08 10:12:18,806 | INFO | watchfiles.main | 1 change detected
2026-07-08 10:12:19,215 | INFO | watchfiles.main | 1 change detected
2026-07-08 10:12:19,627 | INFO | watchfiles.main | 1 change detected
2026-07-08 10:12:20,043 | INFO | watchfiles.main | 1 change detected
2026-07-08 10:12:20,410 | INFO | watchfiles.main | 1 change detected
2026-07-08 10:12:20,822 | INFO | watchfiles.main | 1 change detected
2026-07-08 10:12:21,233 | INFO | watchfiles.main | 1 change detected
2026-07-08 10:12:21,648 | INFO | watchfiles.main | 1 change detected
2026-07-08 10:12:22,011 | INFO | watchfiles.main | 1 change detected
2026-07-08 10:12:22,421 | INFO | watchfiles.main | 1 change detected
2026-07-08 10:12:22,835 | INFO | watchfiles.main | 1 change detected
2026-07-08 10:12:23,238 | INFO | watchfiles.main | 1 change detected
2026-07-08 10:12:23,649 | INFO | watchfiles.main | 1 change detected
2026-07-08 10:12:24,058 | INFO | watchfiles.main | 1 change detected
2026-07-08 10:12:24,475 | INFO | watchfiles.main | 1 change detected
2026-07-08 10:12:24,880 | INFO | watchfiles.main | 1 change detected
2026-07-08 10:12:25,293 | INFO | watchfiles.main | 1 change detected
2026-07-08 10:12:25,700 | INFO | watchfiles.main | 1 change detected
2026-07-08 10:12:26,105 | INFO | watchfiles.main | 1 change detected
2026-07-08 10:12:26,474 | INFO | watchfiles.main | 1 change detected
2026-07-08 10:12:26,885 | INFO | watchfiles.main | 1 change detected
2026-07-08 10:12:27,295 | INFO | watchfiles.main | 1 change detected
2026-07-08 10:12:27,708 | INFO | watchfiles.main | 1 change detected
2026-07-08 10:12:28,074 | INFO | watchfiles.main | 1 change detected
2026-07-08 10:12:28,488 | INFO | watchfiles.main | 1 change detected
2026-07-08 10:12:28,895 | INFO | watchfiles.main | 1 change detected
2026-07-08 10:12:29,299 | INFO | watchfiles.main | 1 change detected
2026-07-08 10:12:29,713 | INFO | watchfiles.main | 1 change detected
2026-07-08 10:12:30,119 | INFO | watchfiles.main | 1 change detected
2026-07-08 10:12:30,577 | INFO | watchfiles.main | 1 change detected
2026-07-08 10:12:30,942 | INFO | watchfiles.main | 1 change detected
2026-07-08 10:12:31,348 | INFO | watchfiles.main | 1 change detected
2026-07-08 10:12:31,760 | INFO | watchfiles.main | 1 change detected
2026-07-08 10:12:32,166 | INFO | watchfiles.main | 1 change detected
2026-07-08 10:12:32,575 | INFO | watchfiles.main | 1 change detected
2026-07-08 10:12:32,983 | INFO | watchfiles.main | 1 change detected
2026-07-08 10:12:33,397 | INFO | watchfiles.main | 1 change detected
2026-07-08 10:12:33,811 | INFO | watchfiles.main | 1 change detected
2026-07-08 10:12:34,228 | INFO | watchfiles.main | 1 change detected
2026-07-08 10:12:34,638 | INFO | watchfiles.main | 1 change detected
2026-07-08 10:12:35,043 | INFO | watchfiles.main | 1 change detected
2026-07-08 10:12:35,447 | INFO | watchfiles.main | 1 change detected
2026-07-08 10:12:35,856 | INFO | watchfiles.main | 1 change detected
2026-07-08 10:12:36,259 | INFO | watchfiles.main | 1 change detected
2026-07-08 10:12:36,719 | INFO | watchfiles.main | 1 change detected
2026-07-08 10:12:37,133 | INFO | watchfiles.main | 1 change detected
2026-07-08 10:12:37,546 | INFO | watchfiles.main | 1 change detected
2026-07-08 10:12:37,955 | INFO | watchfiles.main | 1 change detected
2026-07-08 10:12:38,361 | INFO | watchfiles.main | 1 change detected
2026-07-08 10:12:38,770 | INFO | watchfiles.main | 1 change detected
2026-07-08 10:12:39,183 | INFO | watchfiles.main | 1 change detected
2026-07-08 10:12:39,591 | INFO | watchfiles.main | 1 change detected
2026-07-08 10:12:40,009 | INFO | watchfiles.main | 1 change detected
2026-07-08 10:12:40,412 | INFO | watchfiles.main | 1 change detected
2026-07-08 10:12:40,829 | INFO | watchfiles.main | 1 change detected
2026-07-08 10:12:41,245 | INFO | watchfiles.main | 1 change detected
2026-07-08 10:12:41,612 | INFO | watchfiles.main | 1 change detected
2026-07-08 10:12:42,020 | INFO | watchfiles.main | 1 change detected
2026-07-08 10:12:42,426 | INFO | watchfiles.main | 1 change detected
2026-07-08 10:12:42,839 | INFO | watchfiles.main | 1 change detected
2026-07-08 10:12:43,242 | INFO | watchfiles.main | 1 change detected
2026-07-08 10:12:43,646 | INFO | watchfiles.main | 1 change detected
2026-07-08 10:12:44,051 | INFO | watchfiles.main | 1 change detected
2026-07-08 10:12:44,460 | INFO | watchfiles.main | 1 change detected
2026-07-08 10:12:44,866 | INFO | watchfiles.main | 1 change detected
2026-07-08 10:12:45,272 | INFO | watchfiles.main | 1 change detected
2026-07-08 10:12:45,679 | INFO | watchfiles.main | 1 change detected
2026-07-08 10:12:46,097 | INFO | watchfiles.main | 1 change detected
2026-07-08 10:12:46,506 | INFO | watchfiles.main | 1 change detected
2026-07-08 10:12:46,919 | INFO | watchfiles.main | 1 change detected
2026-07-08 10:12:47,288 | INFO | watchfiles.main | 1 change detected
2026-07-08 10:12:47,745 | INFO | watchfiles.main | 1 change detected
2026-07-08 10:12:48,166 | INFO | watchfiles.main | 1 change detected
2026-07-08 10:12:48,576 | INFO | watchfiles.main | 1 change detected
2026-07-08 10:12:48,722 | INFO | lmsguard.requests | OPTIONS /platform/notifications -> 200 0.68ms
2026-07-08 10:12:48,729 | INFO | lmsguard.requests | GET /platform/notifications -> 401 2.70ms
2026-07-08 10:12:48,930 | INFO | watchfiles.main | 1 change detected
2026-07-08 10:12:49,340 | INFO | watchfiles.main | 1 change detected
2026-07-08 10:12:49,757 | INFO | watchfiles.main | 1 change detected
2026-07-08 10:12:50,167 | INFO | watchfiles.main | 1 change detected
2026-07-08 10:12:50,579 | INFO | watchfiles.main | 1 change detected
2026-07-08 10:12:50,993 | INFO | watchfiles.main | 1 change detected
2026-07-08 10:12:51,400 | INFO | watchfiles.main | 1 change detected
2026-07-08 10:12:51,762 | INFO | watchfiles.main | 1 change detected
2026-07-08 10:12:52,167 | INFO | watchfiles.main | 1 change detected
2026-07-08 10:12:52,577 | INFO | watchfiles.main | 1 change detected
2026-07-08 10:12:52,991 | INFO | watchfiles.main | 1 change detected
2026-07-08 10:12:53,408 | INFO | watchfiles.main | 1 change detected
2026-07-08 10:12:53,849 | INFO | watchfiles.main | 1 change detected
2026-07-08 10:12:54,203 | INFO | watchfiles.main | 1 change detected
2026-07-08 10:12:54,570 | INFO | watchfiles.main | 1 change detected
2026-07-08 10:12:54,982 | INFO | watchfiles.main | 1 change detected
2026-07-08 10:12:55,392 | INFO | watchfiles.main | 1 change detected
2026-07-08 10:12:55,810 | INFO | watchfiles.main | 1 change detected
2026-07-08 10:12:56,177 | INFO | watchfiles.main | 1 change detected
2026-07-08 10:12:56,589 | INFO | watchfiles.main | 1 change detected
2026-07-08 10:12:56,993 | INFO | watchfiles.main | 1 change detected
2026-07-08 10:12:57,345 | INFO | watchfiles.main | 1 change detected
2026-07-08 10:12:57,760 | INFO | watchfiles.main | 1 change detected
2026-07-08 10:12:58,172 | INFO | watchfiles.main | 1 change detected
2026-07-08 10:12:58,539 | INFO | watchfiles.main | 1 change detected
2026-07-08 10:12:58,952 | INFO | watchfiles.main | 1 change detected
2026-07-08 10:12:59,356 | INFO | watchfiles.main | 1 change detected
2026-07-08 10:12:59,768 | INFO | watchfiles.main | 1 change detected
2026-07-08 10:13:00,135 | INFO | watchfiles.main | 1 change detected
2026-07-08 10:13:00,552 | INFO | watchfiles.main | 1 change detected
2026-07-08 10:13:00,961 | INFO | watchfiles.main | 1 change detected
2026-07-08 10:13:01,364 | INFO | watchfiles.main | 1 change detected
2026-07-08 10:13:01,771 | INFO | watchfiles.main | 1 change detected
2026-07-08 10:13:02,176 | INFO | watchfiles.main | 1 change detected
2026-07-08 10:13:02,536 | INFO | watchfiles.main | 1 change detected
2026-07-08 10:13:02,944 | INFO | watchfiles.main | 1 change detected
2026-07-08 10:13:03,373 | INFO | watchfiles.main | 1 change detected
2026-07-08 10:13:03,728 | INFO | watchfiles.main | 1 change detected
2026-07-08 10:13:04,137 | INFO | watchfiles.main | 1 change detected
2026-07-08 10:13:04,548 | INFO | watchfiles.main | 1 change detected
2026-07-08 10:13:04,951 | INFO | watchfiles.main | 1 change detected
2026-07-08 10:13:05,359 | INFO | watchfiles.main | 1 change detected
2026-07-08 10:13:05,719 | INFO | watchfiles.main | 1 change detected
2026-07-08 10:13:06,124 | INFO | watchfiles.main | 1 change detected
2026-07-08 10:13:06,530 | INFO | watchfiles.main | 1 change detected
2026-07-08 10:13:06,940 | INFO | watchfiles.main | 1 change detected
2026-07-08 10:13:07,292 | INFO | watchfiles.main | 1 change detected
2026-07-08 10:13:07,705 | INFO | watchfiles.main | 1 change detected
2026-07-08 10:13:08,121 | INFO | watchfiles.main | 1 change detected
2026-07-08 10:13:08,530 | INFO | watchfiles.main | 1 change detected
2026-07-08 10:13:08,935 | INFO | watchfiles.main | 1 change detected
2026-07-08 10:13:09,300 | INFO | watchfiles.main | 1 change detected
2026-07-08 10:13:09,716 | INFO | watchfiles.main | 1 change detected
2026-07-08 10:13:10,125 | INFO | watchfiles.main | 1 change detected
2026-07-08 10:13:10,491 | INFO | watchfiles.main | 1 change detected
2026-07-08 10:13:10,904 | INFO | watchfiles.main | 1 change detected
2026-07-08 10:13:11,321 | INFO | watchfiles.main | 1 change detected
2026-07-08 10:13:11,726 | INFO | watchfiles.main | 1 change detected
2026-07-08 10:13:12,084 | INFO | watchfiles.main | 1 change detected
2026-07-08 10:13:12,496 | INFO | watchfiles.main | 1 change detected
2026-07-08 10:13:12,904 | INFO | watchfiles.main | 1 change detected
2026-07-08 10:13:13,310 | INFO | watchfiles.main | 1 change detected
2026-07-08 10:13:13,721 | INFO | watchfiles.main | 1 change detected
2026-07-08 10:13:14,083 | INFO | watchfiles.main | 1 change detected
2026-07-08 10:13:14,485 | INFO | watchfiles.main | 1 change detected
2026-07-08 10:13:14,849 | INFO | watchfiles.main | 1 change detected
2026-07-08 10:13:15,255 | INFO | watchfiles.main | 1 change detected
2026-07-08 10:13:15,662 | INFO | watchfiles.main | 1 change detected
2026-07-08 10:13:16,072 | INFO | watchfiles.main | 1 change detected
2026-07-08 10:13:16,476 | INFO | watchfiles.main | 1 change detected
2026-07-08 10:13:16,885 | INFO | watchfiles.main | 1 change detected
2026-07-08 10:13:17,299 | INFO | watchfiles.main | 1 change detected
2026-07-08 10:13:17,659 | INFO | watchfiles.main | 1 change detected
2026-07-08 10:13:18,064 | INFO | watchfiles.main | 1 change detected
2026-07-08 10:13:18,476 | INFO | watchfiles.main | 1 change detected
2026-07-08 10:13:18,880 | INFO | watchfiles.main | 1 change detected
2026-07-08 10:13:19,323 | INFO | watchfiles.main | 1 change detected
2026-07-08 10:13:19,689 | INFO | watchfiles.main | 1 change detected
2026-07-08 10:13:20,045 | INFO | watchfiles.main | 1 change detected
2026-07-08 10:13:20,454 | INFO | watchfiles.main | 1 change detected
2026-07-08 10:13:20,860 | INFO | watchfiles.main | 1 change detected
2026-07-08 10:13:21,267 | INFO | watchfiles.main | 1 change detected
2026-07-08 10:13:21,673 | INFO | watchfiles.main | 1 change detected
2026-07-08 10:13:22,080 | INFO | watchfiles.main | 1 change detected
2026-07-08 10:13:22,484 | INFO | watchfiles.main | 1 change detected
2026-07-08 10:13:22,849 | INFO | watchfiles.main | 1 change detected
2026-07-08 10:13:23,261 | INFO | watchfiles.main | 1 change detected
2026-07-08 10:13:23,671 | INFO | watchfiles.main | 1 change detected
2026-07-08 10:13:24,088 | INFO | watchfiles.main | 1 change detected
2026-07-08 10:13:24,450 | INFO | watchfiles.main | 1 change detected
2026-07-08 10:13:24,861 | INFO | watchfiles.main | 1 change detected
2026-07-08 10:13:25,273 | INFO | watchfiles.main | 1 change detected
2026-07-08 10:13:25,678 | INFO | watchfiles.main | 1 change detected
2026-07-08 10:13:26,081 | INFO | watchfiles.main | 1 change detected
2026-07-08 10:13:26,498 | INFO | watchfiles.main | 1 change detected
2026-07-08 10:13:26,909 | INFO | watchfiles.main | 1 change detected
2026-07-08 10:13:27,312 | INFO | watchfiles.main | 1 change detected
2026-07-08 10:13:27,719 | INFO | watchfiles.main | 1 change detected
2026-07-08 10:13:28,073 | INFO | watchfiles.main | 1 change detected
2026-07-08 10:13:28,527 | INFO | watchfiles.main | 1 change detected
2026-07-08 10:13:28,934 | INFO | watchfiles.main | 1 change detected
2026-07-08 10:13:29,348 | INFO | watchfiles.main | 1 change detected
2026-07-08 10:13:29,720 | INFO | watchfiles.main | 1 change detected
2026-07-08 10:13:30,177 | INFO | watchfiles.main | 1 change detected
2026-07-08 10:13:30,592 | INFO | watchfiles.main | 1 change detected
2026-07-08 10:13:30,995 | INFO | watchfiles.main | 1 change detected
2026-07-08 10:13:31,399 | INFO | watchfiles.main | 1 change detected
2026-07-08 10:13:31,806 | INFO | watchfiles.main | 1 change detected
2026-07-08 10:13:32,214 | INFO | watchfiles.main | 1 change detected
2026-07-08 10:13:32,627 | INFO | watchfiles.main | 1 change detected
2026-07-08 10:13:33,033 | INFO | watchfiles.main | 1 change detected
2026-07-08 10:13:33,400 | INFO | watchfiles.main | 1 change detected
2026-07-08 10:13:33,853 | INFO | watchfiles.main | 1 change detected
2026-07-08 10:13:34,219 | INFO | watchfiles.main | 1 change detected
2026-07-08 10:13:34,626 | INFO | watchfiles.main | 1 change detected
2026-07-08 10:13:35,041 | INFO | watchfiles.main | 1 change detected
2026-07-08 10:13:35,449 | INFO | watchfiles.main | 1 change detected
2026-07-08 10:13:35,856 | INFO | watchfiles.main | 1 change detected
2026-07-08 10:13:36,221 | INFO | watchfiles.main | 1 change detected
2026-07-08 10:13:36,633 | INFO | watchfiles.main | 1 change detected
2026-07-08 10:13:37,042 | INFO | watchfiles.main | 1 change detected
2026-07-08 10:13:37,444 | INFO | watchfiles.main | 1 change detected
2026-07-08 10:13:37,851 | INFO | watchfiles.main | 1 change detected
2026-07-08 10:13:38,256 | INFO | watchfiles.main | 1 change detected
2026-07-08 10:13:38,663 | INFO | watchfiles.main | 1 change detected
2026-07-08 10:13:39,074 | INFO | watchfiles.main | 1 change detected
2026-07-08 10:13:39,475 | INFO | watchfiles.main | 1 change detected
2026-07-08 10:13:39,885 | INFO | watchfiles.main | 1 change detected
2026-07-08 10:13:40,290 | INFO | watchfiles.main | 1 change detected
2026-07-08 10:13:40,648 | INFO | watchfiles.main | 1 change detected
2026-07-08 10:13:41,056 | INFO | watchfiles.main | 1 change detected
2026-07-08 10:13:41,466 | INFO | watchfiles.main | 1 change detected
2026-07-08 10:13:41,869 | INFO | watchfiles.main | 1 change detected
2026-07-08 10:13:42,275 | INFO | watchfiles.main | 1 change detected
2026-07-08 10:13:42,681 | INFO | watchfiles.main | 1 change detected
2026-07-08 10:13:43,089 | INFO | watchfiles.main | 1 change detected
2026-07-08 10:13:43,497 | INFO | watchfiles.main | 1 change detected
2026-07-08 10:13:43,899 | INFO | watchfiles.main | 1 change detected
2026-07-08 10:13:44,307 | INFO | watchfiles.main | 1 change detected
2026-07-08 10:13:44,717 | INFO | watchfiles.main | 1 change detected
2026-07-08 10:13:45,120 | INFO | watchfiles.main | 1 change detected
2026-07-08 10:13:45,524 | INFO | watchfiles.main | 1 change detected
2026-07-08 10:13:45,930 | INFO | watchfiles.main | 1 change detected
2026-07-08 10:13:46,331 | INFO | watchfiles.main | 1 change detected
2026-07-08 10:13:46,735 | INFO | watchfiles.main | 1 change detected
2026-07-08 10:13:47,190 | INFO | watchfiles.main | 1 change detected
2026-07-08 10:13:47,607 | INFO | watchfiles.main | 1 change detected
2026-07-08 10:13:48,020 | INFO | watchfiles.main | 1 change detected
2026-07-08 10:13:48,430 | INFO | watchfiles.main | 1 change detected
2026-07-08 10:13:48,839 | INFO | watchfiles.main | 1 change detected
2026-07-08 10:13:49,024 | INFO | lmsguard.requests | GET /platform/notifications -> 401 1.99ms
2026-07-08 10:13:49,206 | INFO | watchfiles.main | 1 change detected
2026-07-08 10:13:49,558 | INFO | watchfiles.main | 1 change detected
2026-07-08 10:13:49,920 | INFO | watchfiles.main | 1 change detected
2026-07-08 10:13:50,324 | INFO | watchfiles.main | 1 change detected
2026-07-08 10:13:50,687 | INFO | watchfiles.main | 1 change detected
2026-07-08 10:13:51,105 | INFO | watchfiles.main | 1 change detected
2026-07-08 10:13:51,524 | INFO | watchfiles.main | 1 change detected
2026-07-08 10:13:51,933 | INFO | watchfiles.main | 1 change detected
2026-07-08 10:13:52,335 | INFO | watchfiles.main | 1 change detected
2026-07-08 10:13:52,748 | INFO | watchfiles.main | 1 change detected
2026-07-08 10:13:53,158 | INFO | watchfiles.main | 1 change detected
2026-07-08 10:13:53,576 | INFO | watchfiles.main | 1 change detected
2026-07-08 10:13:53,942 | INFO | watchfiles.main | 1 change detected
2026-07-08 10:13:54,349 | INFO | watchfiles.main | 1 change detected
2026-07-08 10:13:54,764 | INFO | watchfiles.main | 1 change detected
2026-07-08 10:13:55,175 | INFO | watchfiles.main | 1 change detected
2026-07-08 10:13:55,589 | INFO | watchfiles.main | 1 change detected
2026-07-08 10:13:55,995 | INFO | watchfiles.main | 1 change detected
2026-07-08 10:13:56,400 | INFO | watchfiles.main | 1 change detected
2026-07-08 10:13:56,805 | INFO | watchfiles.main | 1 change detected
2026-07-08 10:13:57,214 | INFO | watchfiles.main | 1 change detected
2026-07-08 10:13:57,619 | INFO | watchfiles.main | 1 change detected
2026-07-08 10:13:58,025 | INFO | watchfiles.main | 1 change detected
2026-07-08 10:13:58,431 | INFO | watchfiles.main | 1 change detected
2026-07-08 10:13:58,791 | INFO | watchfiles.main | 1 change detected
2026-07-08 10:13:59,204 | INFO | watchfiles.main | 1 change detected
2026-07-08 10:13:59,612 | INFO | watchfiles.main | 1 change detected
2026-07-08 10:14:00,018 | INFO | watchfiles.main | 1 change detected
2026-07-08 10:14:00,420 | INFO | watchfiles.main | 1 change detected
2026-07-08 10:14:00,825 | INFO | watchfiles.main | 1 change detected
2026-07-08 10:14:01,233 | INFO | watchfiles.main | 1 change detected
2026-07-08 10:14:01,637 | INFO | watchfiles.main | 1 change detected
2026-07-08 10:14:01,995 | INFO | watchfiles.main | 1 change detected
2026-07-08 10:14:02,404 | INFO | watchfiles.main | 1 change detected
2026-07-08 10:14:02,809 | INFO | watchfiles.main | 1 change detected
2026-07-08 10:14:03,226 | INFO | watchfiles.main | 1 change detected
2026-07-08 10:14:03,634 | INFO | watchfiles.main | 1 change detected
2026-07-08 10:14:03,990 | INFO | watchfiles.main | 1 change detected
2026-07-08 10:14:04,394 | INFO | watchfiles.main | 1 change detected
2026-07-08 10:14:04,800 | INFO | watchfiles.main | 1 change detected
2026-07-08 10:14:05,208 | INFO | watchfiles.main | 1 change detected
2026-07-08 10:14:05,615 | INFO | watchfiles.main | 1 change detected
2026-07-08 10:14:06,032 | INFO | watchfiles.main | 1 change detected
2026-07-08 10:14:06,450 | INFO | watchfiles.main | 1 change detected
2026-07-08 10:14:06,860 | INFO | watchfiles.main | 1 change detected
2026-07-08 10:14:07,227 | INFO | watchfiles.main | 1 change detected
2026-07-08 10:14:07,641 | INFO | watchfiles.main | 1 change detected
2026-07-08 10:14:08,051 | INFO | watchfiles.main | 1 change detected
2026-07-08 10:14:08,454 | INFO | watchfiles.main | 1 change detected
2026-07-08 10:14:08,858 | INFO | watchfiles.main | 1 change detected
2026-07-08 10:14:09,266 | INFO | watchfiles.main | 1 change detected
2026-07-08 10:14:09,685 | INFO | watchfiles.main | 1 change detected
2026-07-08 10:14:10,094 | INFO | watchfiles.main | 1 change detected
2026-07-08 10:14:10,497 | INFO | watchfiles.main | 1 change detected
2026-07-08 10:14:10,914 | INFO | watchfiles.main | 1 change detected
2026-07-08 10:14:11,330 | INFO | watchfiles.main | 1 change detected
2026-07-08 10:14:11,733 | INFO | watchfiles.main | 1 change detected
2026-07-08 10:14:12,136 | INFO | watchfiles.main | 1 change detected
2026-07-08 10:14:12,549 | INFO | watchfiles.main | 1 change detected
2026-07-08 10:14:12,917 | INFO | watchfiles.main | 1 change detected
2026-07-08 10:14:13,325 | INFO | watchfiles.main | 1 change detected
2026-07-08 10:14:13,741 | INFO | watchfiles.main | 1 change detected
2026-07-08 10:14:14,151 | INFO | watchfiles.main | 1 change detected
2026-07-08 10:14:14,559 | INFO | watchfiles.main | 1 change detected
2026-07-08 10:14:14,968 | INFO | watchfiles.main | 1 change detected
2026-07-08 10:14:15,374 | INFO | watchfiles.main | 1 change detected
2026-07-08 10:14:15,784 | INFO | watchfiles.main | 1 change detected
2026-07-08 10:14:16,147 | INFO | watchfiles.main | 1 change detected
2026-07-08 10:14:16,558 | INFO | watchfiles.main | 1 change detected
2026-07-08 10:14:16,970 | INFO | watchfiles.main | 1 change detected
2026-07-08 10:14:17,377 | INFO | watchfiles.main | 1 change detected
2026-07-08 10:14:17,782 | INFO | watchfiles.main | 1 change detected
2026-07-08 10:14:18,201 | INFO | watchfiles.main | 1 change detected
2026-07-08 10:14:18,616 | INFO | watchfiles.main | 1 change detected
2026-07-08 10:14:19,034 | INFO | watchfiles.main | 1 change detected
2026-07-08 10:14:19,401 | INFO | watchfiles.main | 1 change detected
2026-07-08 10:14:19,806 | INFO | watchfiles.main | 1 change detected
2026-07-08 10:14:20,218 | INFO | watchfiles.main | 1 change detected
2026-07-08 10:14:20,625 | INFO | watchfiles.main | 1 change detected
2026-07-08 10:14:21,043 | INFO | watchfiles.main | 1 change detected
2026-07-08 10:14:21,460 | INFO | watchfiles.main | 1 change detected
2026-07-08 10:14:21,877 | INFO | watchfiles.main | 1 change detected
2026-07-08 10:14:22,244 | INFO | watchfiles.main | 1 change detected
2026-07-08 10:14:22,708 | INFO | watchfiles.main | 1 change detected
2026-07-08 10:14:23,073 | INFO | watchfiles.main | 1 change detected
2026-07-08 10:14:23,478 | INFO | watchfiles.main | 1 change detected
2026-07-08 10:14:23,896 | INFO | watchfiles.main | 1 change detected
2026-07-08 10:14:24,306 | INFO | watchfiles.main | 1 change detected
2026-07-08 10:14:24,708 | INFO | watchfiles.main | 1 change detected
2026-07-08 10:14:25,118 | INFO | watchfiles.main | 1 change detected
2026-07-08 10:14:25,528 | INFO | watchfiles.main | 1 change detected
2026-07-08 10:14:25,889 | INFO | watchfiles.main | 1 change detected
2026-07-08 10:14:26,294 | INFO | watchfiles.main | 1 change detected
2026-07-08 10:14:26,711 | INFO | watchfiles.main | 1 change detected
2026-07-08 10:14:27,122 | INFO | watchfiles.main | 1 change detected
2026-07-08 10:14:27,540 | INFO | watchfiles.main | 1 change detected
2026-07-08 10:14:27,910 | INFO | watchfiles.main | 1 change detected
2026-07-08 10:14:28,318 | INFO | watchfiles.main | 1 change detected
2026-07-08 10:14:28,727 | INFO | watchfiles.main | 1 change detected
2026-07-08 10:14:29,129 | INFO | watchfiles.main | 1 change detected
2026-07-08 10:14:29,593 | INFO | watchfiles.main | 1 change detected
2026-07-08 10:14:29,947 | INFO | watchfiles.main | 1 change detected
2026-07-08 10:14:30,354 | INFO | watchfiles.main | 1 change detected
2026-07-08 10:14:30,769 | INFO | watchfiles.main | 1 change detected
2026-07-08 10:14:31,181 | INFO | watchfiles.main | 1 change detected
2026-07-08 10:14:31,590 | INFO | watchfiles.main | 1 change detected
2026-07-08 10:14:32,007 | INFO | watchfiles.main | 1 change detected
2026-07-08 10:14:32,378 | INFO | watchfiles.main | 1 change detected
2026-07-08 10:14:32,786 | INFO | watchfiles.main | 1 change detected
2026-07-08 10:14:33,204 | INFO | watchfiles.main | 1 change detected
2026-07-08 10:14:33,615 | INFO | watchfiles.main | 1 change detected
2026-07-08 10:14:34,032 | INFO | watchfiles.main | 1 change detected
2026-07-08 10:14:34,398 | INFO | watchfiles.main | 1 change detected
2026-07-08 10:14:34,803 | INFO | watchfiles.main | 1 change detected
2026-07-08 10:14:35,222 | INFO | watchfiles.main | 1 change detected
2026-07-08 10:14:35,629 | INFO | watchfiles.main | 1 change detected
2026-07-08 10:14:36,040 | INFO | watchfiles.main | 1 change detected
2026-07-08 10:14:36,450 | INFO | watchfiles.main | 1 change detected
2026-07-08 10:14:36,860 | INFO | watchfiles.main | 1 change detected
2026-07-08 10:14:37,272 | INFO | watchfiles.main | 1 change detected
2026-07-08 10:14:37,640 | INFO | watchfiles.main | 1 change detected
2026-07-08 10:14:38,059 | INFO | watchfiles.main | 1 change detected
2026-07-08 10:14:38,467 | INFO | watchfiles.main | 1 change detected
2026-07-08 10:14:38,879 | INFO | watchfiles.main | 1 change detected
2026-07-08 10:14:39,244 | INFO | watchfiles.main | 1 change detected
2026-07-08 10:14:39,647 | INFO | watchfiles.main | 1 change detected
2026-07-08 10:14:40,055 | INFO | watchfiles.main | 1 change detected
2026-07-08 10:14:40,466 | INFO | watchfiles.main | 1 change detected
2026-07-08 10:14:40,878 | INFO | watchfiles.main | 1 change detected
2026-07-08 10:14:41,295 | INFO | watchfiles.main | 1 change detected
2026-07-08 10:14:41,703 | INFO | watchfiles.main | 1 change detected
2026-07-08 10:14:42,105 | INFO | watchfiles.main | 1 change detected
2026-07-08 10:14:42,515 | INFO | watchfiles.main | 1 change detected
2026-07-08 10:14:42,882 | INFO | watchfiles.main | 1 change detected
2026-07-08 10:14:43,295 | INFO | watchfiles.main | 1 change detected
2026-07-08 10:14:43,713 | INFO | watchfiles.main | 1 change detected
2026-07-08 10:14:44,132 | INFO | watchfiles.main | 1 change detected
2026-07-08 10:14:44,490 | INFO | watchfiles.main | 1 change detected
2026-07-08 10:14:44,895 | INFO | watchfiles.main | 1 change detected
2026-07-08 10:14:45,297 | INFO | watchfiles.main | 1 change detected
2026-07-08 10:14:45,700 | INFO | watchfiles.main | 1 change detected
2026-07-08 10:14:46,111 | INFO | watchfiles.main | 1 change detected
2026-07-08 10:14:46,529 | INFO | watchfiles.main | 1 change detected
2026-07-08 10:14:46,939 | INFO | watchfiles.main | 1 change detected
2026-07-08 10:14:47,306 | INFO | watchfiles.main | 1 change detected
2026-07-08 10:14:47,710 | INFO | watchfiles.main | 1 change detected
2026-07-08 10:14:48,120 | INFO | watchfiles.main | 1 change detected
2026-07-08 10:14:48,536 | INFO | watchfiles.main | 1 change detected
2026-07-08 10:14:48,712 | INFO | lmsguard.requests | GET /platform/notifications -> 401 3.85ms
2026-07-08 10:14:48,893 | INFO | watchfiles.main | 1 change detected
2026-07-08 10:14:49,259 | INFO | watchfiles.main | 1 change detected
2026-07-08 10:14:49,612 | INFO | watchfiles.main | 1 change detected
2026-07-08 10:14:49,977 | INFO | watchfiles.main | 1 change detected
2026-07-08 10:14:50,385 | INFO | watchfiles.main | 1 change detected
2026-07-08 10:14:50,795 | INFO | watchfiles.main | 1 change detected
2026-07-08 10:14:51,198 | INFO | watchfiles.main | 1 change detected
2026-07-08 10:14:51,611 | INFO | watchfiles.main | 1 change detected
2026-07-08 10:14:52,023 | INFO | watchfiles.main | 1 change detected
2026-07-08 10:14:52,434 | INFO | watchfiles.main | 1 change detected
2026-07-08 10:14:52,846 | INFO | watchfiles.main | 1 change detected
2026-07-08 10:14:53,200 | INFO | watchfiles.main | 1 change detected
2026-07-08 10:14:53,615 | INFO | watchfiles.main | 1 change detected
2026-07-08 10:14:54,021 | INFO | watchfiles.main | 1 change detected
2026-07-08 10:14:54,424 | INFO | watchfiles.main | 1 change detected
2026-07-08 10:14:54,831 | INFO | watchfiles.main | 1 change detected
2026-07-08 10:14:55,247 | INFO | watchfiles.main | 1 change detected
2026-07-08 10:14:55,656 | INFO | watchfiles.main | 1 change detected
2026-07-08 10:14:56,019 | INFO | watchfiles.main | 1 change detected
2026-07-08 10:14:56,429 | INFO | watchfiles.main | 1 change detected
2026-07-08 10:14:56,835 | INFO | watchfiles.main | 1 change detected
2026-07-08 10:14:57,244 | INFO | watchfiles.main | 1 change detected
2026-07-08 10:14:57,655 | INFO | watchfiles.main | 1 change detected
2026-07-08 10:14:58,060 | INFO | watchfiles.main | 1 change detected
2026-07-08 10:14:58,465 | INFO | watchfiles.main | 1 change detected
2026-07-08 10:14:58,870 | INFO | watchfiles.main | 1 change detected
2026-07-08 10:14:59,286 | INFO | watchfiles.main | 1 change detected
2026-07-08 10:14:59,701 | INFO | watchfiles.main | 1 change detected
2026-07-08 10:15:00,069 | INFO | watchfiles.main | 1 change detected
2026-07-08 10:15:00,478 | INFO | watchfiles.main | 1 change detected
2026-07-08 10:15:00,892 | INFO | watchfiles.main | 1 change detected
2026-07-08 10:15:01,310 | INFO | watchfiles.main | 1 change detected
2026-07-08 10:15:01,726 | INFO | watchfiles.main | 1 change detected
2026-07-08 10:15:02,134 | INFO | watchfiles.main | 1 change detected
2026-07-08 10:15:02,544 | INFO | watchfiles.main | 1 change detected
2026-07-08 10:15:02,919 | INFO | watchfiles.main | 1 change detected
2026-07-08 10:15:03,333 | INFO | watchfiles.main | 1 change detected
2026-07-08 10:15:03,701 | INFO | watchfiles.main | 1 change detected
2026-07-08 10:15:04,118 | INFO | watchfiles.main | 1 change detected
2026-07-08 10:15:04,529 | INFO | watchfiles.main | 1 change detected
2026-07-08 10:15:04,950 | INFO | watchfiles.main | 1 change detected
2026-07-08 10:15:05,310 | INFO | watchfiles.main | 1 change detected
2026-07-08 10:15:05,719 | INFO | watchfiles.main | 1 change detected
2026-07-08 10:15:06,128 | INFO | watchfiles.main | 1 change detected
2026-07-08 10:15:06,537 | INFO | watchfiles.main | 1 change detected
2026-07-08 10:15:06,946 | INFO | watchfiles.main | 1 change detected
2026-07-08 10:15:07,317 | INFO | watchfiles.main | 1 change detected
2026-07-08 10:15:07,726 | INFO | watchfiles.main | 1 change detected
2026-07-08 10:15:08,143 | INFO | watchfiles.main | 1 change detected
2026-07-08 10:15:08,558 | INFO | watchfiles.main | 1 change detected
2026-07-08 10:15:08,967 | INFO | watchfiles.main | 1 change detected
2026-07-08 10:15:09,383 | INFO | watchfiles.main | 1 change detected
2026-07-08 10:15:09,741 | INFO | watchfiles.main | 1 change detected
2026-07-08 10:15:10,152 | INFO | watchfiles.main | 1 change detected
2026-07-08 10:15:10,562 | INFO | watchfiles.main | 1 change detected
2026-07-08 10:15:10,971 | INFO | watchfiles.main | 1 change detected
2026-07-08 10:15:11,377 | INFO | watchfiles.main | 1 change detected
2026-07-08 10:15:11,788 | INFO | watchfiles.main | 1 change detected
2026-07-08 10:15:12,194 | INFO | watchfiles.main | 1 change detected
2026-07-08 10:15:12,606 | INFO | watchfiles.main | 1 change detected
2026-07-08 10:15:13,017 | INFO | watchfiles.main | 1 change detected
2026-07-08 10:15:13,389 | INFO | watchfiles.main | 1 change detected
2026-07-08 10:15:13,846 | INFO | watchfiles.main | 1 change detected
2026-07-08 10:15:14,250 | INFO | watchfiles.main | 1 change detected
2026-07-08 10:15:14,658 | INFO | watchfiles.main | 1 change detected
2026-07-08 10:15:15,017 | INFO | watchfiles.main | 1 change detected
2026-07-08 10:15:15,427 | INFO | watchfiles.main | 1 change detected
2026-07-08 10:15:15,843 | INFO | watchfiles.main | 1 change detected
2026-07-08 10:15:16,260 | INFO | watchfiles.main | 1 change detected
2026-07-08 10:15:16,632 | INFO | watchfiles.main | 1 change detected
2026-07-08 10:15:17,036 | INFO | watchfiles.main | 1 change detected
2026-07-08 10:15:17,453 | INFO | watchfiles.main | 1 change detected
2026-07-08 10:15:17,860 | INFO | watchfiles.main | 1 change detected
2026-07-08 10:15:18,315 | INFO | watchfiles.main | 1 change detected
2026-07-08 10:15:18,722 | INFO | watchfiles.main | 1 change detected
2026-07-08 10:15:19,134 | INFO | watchfiles.main | 1 change detected
2026-07-08 10:15:19,502 | INFO | watchfiles.main | 1 change detected
2026-07-08 10:15:19,908 | INFO | watchfiles.main | 1 change detected
2026-07-08 10:15:20,318 | INFO | watchfiles.main | 1 change detected
2026-07-08 10:15:20,728 | INFO | watchfiles.main | 1 change detected
2026-07-08 10:15:21,136 | INFO | watchfiles.main | 1 change detected
2026-07-08 10:15:21,542 | INFO | watchfiles.main | 1 change detected
2026-07-08 10:15:21,950 | INFO | watchfiles.main | 1 change detected
2026-07-08 10:15:22,363 | INFO | watchfiles.main | 1 change detected
2026-07-08 10:15:22,774 | INFO | watchfiles.main | 1 change detected
2026-07-08 10:15:23,189 | INFO | watchfiles.main | 1 change detected
2026-07-08 10:15:23,599 | INFO | watchfiles.main | 1 change detected
2026-07-08 10:15:24,017 | INFO | watchfiles.main | 1 change detected
2026-07-08 10:15:24,420 | INFO | watchfiles.main | 1 change detected
2026-07-08 10:15:24,824 | INFO | watchfiles.main | 1 change detected
2026-07-08 10:15:25,194 | INFO | watchfiles.main | 1 change detected
2026-07-08 10:15:25,603 | INFO | watchfiles.main | 1 change detected
2026-07-08 10:15:26,022 | INFO | watchfiles.main | 1 change detected
2026-07-08 10:15:26,436 | INFO | watchfiles.main | 1 change detected
2026-07-08 10:15:26,844 | INFO | watchfiles.main | 1 change detected
2026-07-08 10:15:27,210 | INFO | watchfiles.main | 1 change detected
2026-07-08 10:15:27,623 | INFO | watchfiles.main | 1 change detected
2026-07-08 10:15:28,025 | INFO | watchfiles.main | 1 change detected
2026-07-08 10:15:28,432 | INFO | watchfiles.main | 1 change detected
2026-07-08 10:15:28,849 | INFO | watchfiles.main | 1 change detected
2026-07-08 10:15:29,267 | INFO | watchfiles.main | 1 change detected
2026-07-08 10:15:29,676 | INFO | watchfiles.main | 1 change detected
2026-07-08 10:15:30,085 | INFO | watchfiles.main | 1 change detected
2026-07-08 10:15:30,502 | INFO | watchfiles.main | 1 change detected
2026-07-08 10:15:30,905 | INFO | watchfiles.main | 1 change detected
2026-07-08 10:15:31,322 | INFO | watchfiles.main | 1 change detected
2026-07-08 10:15:31,733 | INFO | watchfiles.main | 1 change detected
2026-07-08 10:15:32,143 | INFO | watchfiles.main | 1 change detected
2026-07-08 10:15:32,545 | INFO | watchfiles.main | 1 change detected
2026-07-08 10:15:32,951 | INFO | watchfiles.main | 1 change detected
2026-07-08 10:15:33,358 | INFO | watchfiles.main | 1 change detected
2026-07-08 10:15:33,763 | INFO | watchfiles.main | 1 change detected
2026-07-08 10:15:34,167 | INFO | watchfiles.main | 1 change detected
2026-07-08 10:15:34,570 | INFO | watchfiles.main | 1 change detected
2026-07-08 10:15:34,927 | INFO | watchfiles.main | 1 change detected
2026-07-08 10:15:35,380 | INFO | watchfiles.main | 1 change detected
2026-07-08 10:15:35,737 | INFO | watchfiles.main | 1 change detected
2026-07-08 10:15:36,141 | INFO | watchfiles.main | 1 change detected
2026-07-08 10:15:36,551 | INFO | watchfiles.main | 1 change detected
2026-07-08 10:15:36,957 | INFO | watchfiles.main | 1 change detected
2026-07-08 10:15:37,383 | INFO | watchfiles.main | 1 change detected
2026-07-08 10:15:37,801 | INFO | watchfiles.main | 1 change detected
2026-07-08 10:15:38,161 | INFO | watchfiles.main | 1 change detected
2026-07-08 10:15:38,575 | INFO | watchfiles.main | 1 change detected
2026-07-08 10:15:38,984 | INFO | watchfiles.main | 1 change detected
2026-07-08 10:15:39,399 | INFO | watchfiles.main | 1 change detected
2026-07-08 10:15:39,815 | INFO | watchfiles.main | 1 change detected
2026-07-08 10:15:40,183 | INFO | watchfiles.main | 1 change detected
2026-07-08 10:15:40,639 | INFO | watchfiles.main | 1 change detected
2026-07-08 10:15:41,004 | INFO | watchfiles.main | 1 change detected
2026-07-08 10:15:41,407 | INFO | watchfiles.main | 1 change detected
2026-07-08 10:15:41,818 | INFO | watchfiles.main | 1 change detected
2026-07-08 10:15:42,233 | INFO | watchfiles.main | 1 change detected
2026-07-08 10:15:42,650 | INFO | watchfiles.main | 1 change detected
2026-07-08 10:15:43,062 | INFO | watchfiles.main | 1 change detected
2026-07-08 10:15:43,473 | INFO | watchfiles.main | 1 change detected
2026-07-08 10:15:43,831 | INFO | watchfiles.main | 1 change detected
2026-07-08 10:15:44,241 | INFO | watchfiles.main | 1 change detected
2026-07-08 10:15:44,656 | INFO | watchfiles.main | 1 change detected
2026-07-08 10:15:45,075 | INFO | watchfiles.main | 1 change detected
2026-07-08 10:15:45,484 | INFO | watchfiles.main | 1 change detected
2026-07-08 10:15:45,850 | INFO | watchfiles.main | 1 change detected
2026-07-08 10:15:46,253 | INFO | watchfiles.main | 1 change detected
2026-07-08 10:15:46,655 | INFO | watchfiles.main | 1 change detected
2026-07-08 10:15:47,072 | INFO | watchfiles.main | 1 change detected
2026-07-08 10:15:47,491 | INFO | watchfiles.main | 1 change detected
2026-07-08 10:15:47,897 | INFO | watchfiles.main | 1 change detected
2026-07-08 10:15:48,264 | INFO | watchfiles.main | 1 change detected
2026-07-08 10:15:48,668 | INFO | watchfiles.main | 1 change detected
2026-07-08 10:15:49,024 | INFO | lmsguard.requests | GET /platform/notifications -> 401 2.79ms
2026-07-08 10:15:49,074 | INFO | watchfiles.main | 1 change detected
2026-07-08 10:15:49,436 | INFO | watchfiles.main | 1 change detected
2026-07-08 10:15:49,788 | INFO | watchfiles.main | 1 change detected
2026-07-08 10:15:50,140 | INFO | watchfiles.main | 1 change detected
2026-07-08 10:15:50,496 | INFO | watchfiles.main | 1 change detected
2026-07-08 10:15:50,863 | INFO | watchfiles.main | 1 change detected
2026-07-08 10:15:51,227 | INFO | watchfiles.main | 1 change detected
2026-07-08 10:15:51,587 | INFO | watchfiles.main | 1 change detected
2026-07-08 10:15:51,949 | INFO | watchfiles.main | 1 change detected
2026-07-08 10:15:52,404 | INFO | watchfiles.main | 1 change detected
2026-07-08 10:15:52,770 | INFO | watchfiles.main | 1 change detected
2026-07-08 10:15:53,224 | INFO | watchfiles.main | 1 change detected
2026-07-08 10:15:53,590 | INFO | watchfiles.main | 1 change detected
2026-07-08 10:15:54,057 | INFO | watchfiles.main | 1 change detected
2026-07-08 10:15:54,417 | INFO | watchfiles.main | 1 change detected
2026-07-08 10:15:54,822 | INFO | watchfiles.main | 1 change detected
2026-07-08 10:15:55,238 | INFO | watchfiles.main | 1 change detected
2026-07-08 10:15:55,653 | INFO | watchfiles.main | 1 change detected
2026-07-08 10:15:56,066 | INFO | watchfiles.main | 1 change detected
2026-07-08 10:15:56,472 | INFO | watchfiles.main | 1 change detected
2026-07-08 10:15:56,833 | INFO | watchfiles.main | 1 change detected
2026-07-08 10:15:57,285 | INFO | watchfiles.main | 1 change detected
2026-07-08 10:15:57,693 | INFO | watchfiles.main | 1 change detected
2026-07-08 10:15:58,061 | INFO | watchfiles.main | 1 change detected
2026-07-08 10:15:58,475 | INFO | watchfiles.main | 1 change detected
2026-07-08 10:15:58,891 | INFO | watchfiles.main | 1 change detected
2026-07-08 10:15:59,307 | INFO | watchfiles.main | 1 change detected
2026-07-08 10:15:59,725 | INFO | watchfiles.main | 1 change detected
2026-07-08 10:16:00,126 | INFO | watchfiles.main | 1 change detected
2026-07-08 10:16:00,536 | INFO | watchfiles.main | 1 change detected
2026-07-08 10:16:00,905 | INFO | watchfiles.main | 1 change detected
2026-07-08 10:16:01,323 | INFO | watchfiles.main | 1 change detected
2026-07-08 10:16:01,740 | INFO | watchfiles.main | 1 change detected
2026-07-08 10:16:02,151 | INFO | watchfiles.main | 1 change detected
2026-07-08 10:16:02,556 | INFO | watchfiles.main | 1 change detected
2026-07-08 10:16:02,965 | INFO | watchfiles.main | 1 change detected
2026-07-08 10:16:03,383 | INFO | watchfiles.main | 1 change detected
2026-07-08 10:16:03,786 | INFO | watchfiles.main | 1 change detected
2026-07-08 10:16:04,152 | INFO | watchfiles.main | 1 change detected
2026-07-08 10:16:04,555 | INFO | watchfiles.main | 1 change detected
2026-07-08 10:16:04,965 | INFO | watchfiles.main | 1 change detected
2026-07-08 10:16:05,377 | INFO | watchfiles.main | 1 change detected
2026-07-08 10:16:05,780 | INFO | watchfiles.main | 1 change detected
2026-07-08 10:16:06,188 | INFO | watchfiles.main | 1 change detected
2026-07-08 10:16:06,648 | INFO | watchfiles.main | 1 change detected
2026-07-08 10:16:07,056 | INFO | watchfiles.main | 1 change detected
2026-07-08 10:16:07,469 | INFO | watchfiles.main | 1 change detected
2026-07-08 10:16:07,827 | INFO | watchfiles.main | 1 change detected
2026-07-08 10:16:08,234 | INFO | watchfiles.main | 1 change detected
2026-07-08 10:16:08,642 | INFO | watchfiles.main | 1 change detected
2026-07-08 10:16:09,048 | INFO | watchfiles.main | 1 change detected
2026-07-08 10:16:09,454 | INFO | watchfiles.main | 1 change detected
2026-07-08 10:16:09,810 | INFO | watchfiles.main | 1 change detected
2026-07-08 10:16:10,222 | INFO | watchfiles.main | 1 change detected
2026-07-08 10:16:10,628 | INFO | watchfiles.main | 1 change detected
2026-07-08 10:16:11,032 | INFO | watchfiles.main | 1 change detected
2026-07-08 10:16:11,434 | INFO | watchfiles.main | 1 change detected
2026-07-08 10:16:11,790 | INFO | watchfiles.main | 1 change detected
2026-07-08 10:16:12,202 | INFO | watchfiles.main | 1 change detected
2026-07-08 10:16:12,611 | INFO | watchfiles.main | 1 change detected
2026-07-08 10:16:13,016 | INFO | watchfiles.main | 1 change detected
2026-07-08 10:16:13,423 | INFO | watchfiles.main | 1 change detected
2026-07-08 10:16:13,827 | INFO | watchfiles.main | 1 change detected
2026-07-08 10:16:14,237 | INFO | watchfiles.main | 1 change detected
2026-07-08 10:16:14,645 | INFO | watchfiles.main | 1 change detected
2026-07-08 10:16:15,051 | INFO | watchfiles.main | 1 change detected
2026-07-08 10:16:15,455 | INFO | watchfiles.main | 1 change detected
2026-07-08 10:16:15,862 | INFO | watchfiles.main | 1 change detected
2026-07-08 10:16:16,270 | INFO | watchfiles.main | 1 change detected
2026-07-08 10:16:16,680 | INFO | watchfiles.main | 1 change detected
2026-07-08 10:16:17,083 | INFO | watchfiles.main | 1 change detected
2026-07-08 10:16:17,492 | INFO | watchfiles.main | 1 change detected
2026-07-08 10:16:17,848 | INFO | watchfiles.main | 1 change detected
2026-07-08 10:16:18,260 | INFO | watchfiles.main | 1 change detected
2026-07-08 10:16:18,668 | INFO | watchfiles.main | 1 change detected
2026-07-08 10:16:19,077 | INFO | watchfiles.main | 1 change detected
2026-07-08 10:16:19,483 | INFO | watchfiles.main | 1 change detected
2026-07-08 10:16:19,888 | INFO | watchfiles.main | 1 change detected
2026-07-08 10:16:20,292 | INFO | watchfiles.main | 1 change detected
2026-07-08 10:16:20,694 | INFO | watchfiles.main | 1 change detected
2026-07-08 10:16:21,105 | INFO | watchfiles.main | 1 change detected
2026-07-08 10:16:21,561 | INFO | watchfiles.main | 1 change detected
2026-07-08 10:16:21,963 | INFO | watchfiles.main | 1 change detected
2026-07-08 10:16:22,367 | INFO | watchfiles.main | 1 change detected
2026-07-08 10:16:22,775 | INFO | watchfiles.main | 1 change detected
2026-07-08 10:16:23,183 | INFO | watchfiles.main | 1 change detected
2026-07-08 10:16:23,588 | INFO | watchfiles.main | 1 change detected
2026-07-08 10:16:23,995 | INFO | watchfiles.main | 1 change detected
2026-07-08 10:16:24,402 | INFO | watchfiles.main | 1 change detected
2026-07-08 10:16:24,808 | INFO | watchfiles.main | 1 change detected
2026-07-08 10:16:25,217 | INFO | watchfiles.main | 1 change detected
2026-07-08 10:16:25,623 | INFO | watchfiles.main | 1 change detected
2026-07-08 10:16:25,981 | INFO | watchfiles.main | 1 change detected
2026-07-08 10:16:26,392 | INFO | watchfiles.main | 1 change detected
2026-07-08 10:16:26,799 | INFO | watchfiles.main | 1 change detected
2026-07-08 10:16:27,209 | INFO | watchfiles.main | 1 change detected
2026-07-08 10:16:27,618 | INFO | watchfiles.main | 1 change detected
2026-07-08 10:16:28,021 | INFO | watchfiles.main | 1 change detected
2026-07-08 10:16:28,425 | INFO | watchfiles.main | 1 change detected
2026-07-08 10:16:28,830 | INFO | watchfiles.main | 1 change detected
2026-07-08 10:16:29,236 | INFO | watchfiles.main | 1 change detected
2026-07-08 10:16:29,644 | INFO | watchfiles.main | 1 change detected
2026-07-08 10:16:30,049 | INFO | watchfiles.main | 1 change detected
2026-07-08 10:16:30,453 | INFO | watchfiles.main | 1 change detected
2026-07-08 10:16:30,858 | INFO | watchfiles.main | 1 change detected
2026-07-08 10:16:31,267 | INFO | watchfiles.main | 1 change detected
2026-07-08 10:16:31,670 | INFO | watchfiles.main | 1 change detected
2026-07-08 10:16:32,074 | INFO | watchfiles.main | 1 change detected
2026-07-08 10:16:32,485 | INFO | watchfiles.main | 1 change detected
2026-07-08 10:16:32,888 | INFO | watchfiles.main | 1 change detected
2026-07-08 10:16:33,305 | INFO | watchfiles.main | 1 change detected
2026-07-08 10:16:33,661 | INFO | watchfiles.main | 1 change detected
2026-07-08 10:16:34,073 | INFO | watchfiles.main | 1 change detected
2026-07-08 10:16:34,481 | INFO | watchfiles.main | 1 change detected
2026-07-08 10:16:34,885 | INFO | watchfiles.main | 1 change detected
2026-07-08 10:16:35,289 | INFO | watchfiles.main | 1 change detected
2026-07-08 10:16:35,697 | INFO | watchfiles.main | 1 change detected
2026-07-08 10:16:36,104 | INFO | watchfiles.main | 1 change detected
2026-07-08 10:16:36,509 | INFO | watchfiles.main | 1 change detected
2026-07-08 10:16:36,917 | INFO | watchfiles.main | 1 change detected
2026-07-08 10:16:37,323 | INFO | watchfiles.main | 1 change detected
2026-07-08 10:16:37,728 | INFO | watchfiles.main | 1 change detected
2026-07-08 10:16:38,134 | INFO | watchfiles.main | 1 change detected
2026-07-08 10:16:38,545 | INFO | watchfiles.main | 1 change detected
2026-07-08 10:16:38,948 | INFO | watchfiles.main | 1 change detected
2026-07-08 10:16:39,314 | INFO | watchfiles.main | 1 change detected
2026-07-08 10:16:39,723 | INFO | watchfiles.main | 1 change detected
2026-07-08 10:16:40,131 | INFO | watchfiles.main | 1 change detected
2026-07-08 10:16:40,534 | INFO | watchfiles.main | 1 change detected
2026-07-08 10:16:40,943 | INFO | watchfiles.main | 1 change detected
2026-07-08 10:16:41,349 | INFO | watchfiles.main | 1 change detected
2026-07-08 10:16:41,754 | INFO | watchfiles.main | 1 change detected
2026-07-08 10:16:42,158 | INFO | watchfiles.main | 1 change detected
2026-07-08 10:16:42,562 | INFO | watchfiles.main | 1 change detected
2026-07-08 10:16:42,970 | INFO | watchfiles.main | 1 change detected
2026-07-08 10:16:43,377 | INFO | watchfiles.main | 1 change detected
2026-07-08 10:16:43,781 | INFO | watchfiles.main | 1 change detected
2026-07-08 10:16:44,184 | INFO | watchfiles.main | 1 change detected
2026-07-08 10:16:44,591 | INFO | watchfiles.main | 1 change detected
2026-07-08 10:16:44,995 | INFO | watchfiles.main | 1 change detected
2026-07-08 10:16:45,400 | INFO | watchfiles.main | 1 change detected
2026-07-08 10:16:45,807 | INFO | watchfiles.main | 1 change detected
2026-07-08 10:16:46,214 | INFO | watchfiles.main | 1 change detected
2026-07-08 10:16:46,619 | INFO | watchfiles.main | 1 change detected
2026-07-08 10:16:47,027 | INFO | watchfiles.main | 1 change detected
2026-07-08 10:16:47,430 | INFO | watchfiles.main | 1 change detected
2026-07-08 10:16:47,833 | INFO | watchfiles.main | 1 change detected
2026-07-08 10:16:48,238 | INFO | watchfiles.main | 1 change detected
2026-07-08 10:16:48,644 | INFO | watchfiles.main | 1 change detected
2026-07-08 10:16:48,703 | INFO | lmsguard.requests | GET /platform/notifications -> 401 2.55ms
2026-07-08 10:16:49,001 | INFO | watchfiles.main | 1 change detected
2026-07-08 10:16:49,358 | INFO | watchfiles.main | 1 change detected
2026-07-08 10:16:49,718 | INFO | watchfiles.main | 1 change detected
2026-07-08 10:16:50,078 | INFO | watchfiles.main | 1 change detected
2026-07-08 10:16:50,439 | INFO | watchfiles.main | 1 change detected
2026-07-08 10:16:50,794 | INFO | watchfiles.main | 1 change detected
2026-07-08 10:16:51,208 | INFO | watchfiles.main | 1 change detected
2026-07-08 10:16:51,618 | INFO | watchfiles.main | 1 change detected
2026-07-08 10:16:52,033 | INFO | watchfiles.main | 1 change detected
2026-07-08 10:16:52,441 | INFO | watchfiles.main | 1 change detected
2026-07-08 10:16:52,851 | INFO | watchfiles.main | 1 change detected
2026-07-08 10:16:53,208 | INFO | watchfiles.main | 1 change detected
2026-07-08 10:16:53,622 | INFO | watchfiles.main | 1 change detected
2026-07-08 10:16:54,025 | INFO | watchfiles.main | 1 change detected
2026-07-08 10:16:54,432 | INFO | watchfiles.main | 1 change detected
2026-07-08 10:16:54,836 | INFO | watchfiles.main | 1 change detected
2026-07-08 10:16:55,241 | INFO | watchfiles.main | 1 change detected
2026-07-08 10:16:55,645 | INFO | watchfiles.main | 1 change detected
2026-07-08 10:16:56,051 | INFO | watchfiles.main | 1 change detected
2026-07-08 10:16:56,455 | INFO | watchfiles.main | 1 change detected
2026-07-08 10:16:56,867 | INFO | watchfiles.main | 1 change detected
2026-07-08 10:16:57,274 | INFO | watchfiles.main | 1 change detected
2026-07-08 10:16:57,684 | INFO | watchfiles.main | 1 change detected
2026-07-08 10:16:58,051 | INFO | watchfiles.main | 1 change detected
2026-07-08 10:16:58,461 | INFO | watchfiles.main | 1 change detected
2026-07-08 10:16:58,864 | INFO | watchfiles.main | 1 change detected
2026-07-08 10:16:59,268 | INFO | watchfiles.main | 1 change detected
2026-07-08 10:16:59,688 | INFO | watchfiles.main | 1 change detected
2026-07-08 10:17:00,095 | INFO | watchfiles.main | 1 change detected
2026-07-08 10:17:00,452 | INFO | watchfiles.main | 1 change detected
2026-07-08 10:17:00,865 | INFO | watchfiles.main | 1 change detected
2026-07-08 10:17:01,269 | INFO | watchfiles.main | 1 change detected
2026-07-08 10:17:01,680 | INFO | watchfiles.main | 1 change detected
2026-07-08 10:17:02,086 | INFO | watchfiles.main | 1 change detected
2026-07-08 10:17:02,493 | INFO | watchfiles.main | 1 change detected
2026-07-08 10:17:02,860 | INFO | watchfiles.main | 1 change detected
2026-07-08 10:17:03,270 | INFO | watchfiles.main | 1 change detected
2026-07-08 10:17:03,682 | INFO | watchfiles.main | 1 change detected
2026-07-08 10:17:04,093 | INFO | watchfiles.main | 1 change detected
2026-07-08 10:17:04,495 | INFO | watchfiles.main | 1 change detected
2026-07-08 10:17:04,900 | INFO | watchfiles.main | 1 change detected
2026-07-08 10:17:05,310 | INFO | watchfiles.main | 1 change detected
2026-07-08 10:17:05,715 | INFO | watchfiles.main | 1 change detected
2026-07-08 10:17:06,121 | INFO | watchfiles.main | 1 change detected
2026-07-08 10:17:06,479 | INFO | watchfiles.main | 1 change detected
2026-07-08 10:17:06,891 | INFO | watchfiles.main | 1 change detected
2026-07-08 10:17:07,299 | INFO | watchfiles.main | 1 change detected
2026-07-08 10:17:07,705 | INFO | watchfiles.main | 1 change detected
2026-07-08 10:17:08,112 | INFO | watchfiles.main | 1 change detected
2026-07-08 10:17:08,519 | INFO | watchfiles.main | 1 change detected
2026-07-08 10:17:08,924 | INFO | watchfiles.main | 1 change detected
2026-07-08 10:17:09,334 | INFO | watchfiles.main | 1 change detected
2026-07-08 10:17:09,746 | INFO | watchfiles.main | 1 change detected
2026-07-08 10:17:10,155 | INFO | watchfiles.main | 1 change detected
2026-07-08 10:17:10,572 | INFO | watchfiles.main | 1 change detected
2026-07-08 10:17:10,982 | INFO | watchfiles.main | 1 change detected
2026-07-08 10:17:11,388 | INFO | watchfiles.main | 1 change detected
2026-07-08 10:17:11,797 | INFO | watchfiles.main | 1 change detected
2026-07-08 10:17:12,203 | INFO | watchfiles.main | 1 change detected
2026-07-08 10:17:12,609 | INFO | watchfiles.main | 1 change detected
2026-07-08 10:17:13,018 | INFO | watchfiles.main | 1 change detected
2026-07-08 10:17:13,421 | INFO | watchfiles.main | 1 change detected
2026-07-08 10:17:13,830 | INFO | watchfiles.main | 1 change detected
2026-07-08 10:17:14,235 | INFO | watchfiles.main | 1 change detected
2026-07-08 10:17:14,642 | INFO | watchfiles.main | 1 change detected
2026-07-08 10:17:15,046 | INFO | watchfiles.main | 1 change detected
2026-07-08 10:17:15,451 | INFO | watchfiles.main | 1 change detected
2026-07-08 10:17:15,857 | INFO | watchfiles.main | 1 change detected
2026-07-08 10:17:16,268 | INFO | watchfiles.main | 1 change detected
2026-07-08 10:17:16,673 | INFO | watchfiles.main | 1 change detected
2026-07-08 10:17:17,082 | INFO | watchfiles.main | 1 change detected
2026-07-08 10:17:17,486 | INFO | watchfiles.main | 1 change detected
2026-07-08 10:17:17,891 | INFO | watchfiles.main | 1 change detected
2026-07-08 10:17:18,295 | INFO | watchfiles.main | 1 change detected
2026-07-08 10:17:18,704 | INFO | watchfiles.main | 1 change detected
2026-07-08 10:17:19,108 | INFO | watchfiles.main | 1 change detected
2026-07-08 10:17:19,515 | INFO | watchfiles.main | 1 change detected
2026-07-08 10:17:19,920 | INFO | watchfiles.main | 1 change detected
2026-07-08 10:17:20,323 | INFO | watchfiles.main | 1 change detected
2026-07-08 10:17:20,729 | INFO | watchfiles.main | 1 change detected
2026-07-08 10:17:21,137 | INFO | watchfiles.main | 1 change detected
2026-07-08 10:17:21,547 | INFO | watchfiles.main | 1 change detected
2026-07-08 10:17:21,957 | INFO | watchfiles.main | 1 change detected
2026-07-08 10:17:22,361 | INFO | watchfiles.main | 1 change detected
2026-07-08 10:17:22,769 | INFO | watchfiles.main | 1 change detected
2026-07-08 10:17:23,174 | INFO | watchfiles.main | 1 change detected
2026-07-08 10:17:23,582 | INFO | watchfiles.main | 1 change detected
2026-07-08 10:17:23,987 | INFO | watchfiles.main | 1 change detected
2026-07-08 10:17:24,394 | INFO | watchfiles.main | 1 change detected
2026-07-08 10:17:24,799 | INFO | watchfiles.main | 1 change detected
2026-07-08 10:17:25,203 | INFO | watchfiles.main | 1 change detected
2026-07-08 10:17:25,613 | INFO | watchfiles.main | 1 change detected
2026-07-08 10:17:26,018 | INFO | watchfiles.main | 1 change detected
2026-07-08 10:17:26,424 | INFO | watchfiles.main | 1 change detected
2026-07-08 10:17:26,835 | INFO | watchfiles.main | 1 change detected
2026-07-08 10:17:27,252 | INFO | watchfiles.main | 1 change detected
2026-07-08 10:17:27,655 | INFO | watchfiles.main | 1 change detected
2026-07-08 10:17:28,058 | INFO | watchfiles.main | 1 change detected
2026-07-08 10:17:28,467 | INFO | watchfiles.main | 1 change detected
2026-07-08 10:17:28,874 | INFO | watchfiles.main | 1 change detected
2026-07-08 10:17:29,279 | INFO | watchfiles.main | 1 change detected
2026-07-08 10:17:29,696 | INFO | watchfiles.main | 1 change detected
2026-07-08 10:17:30,056 | INFO | watchfiles.main | 1 change detected
2026-07-08 10:17:30,466 | INFO | watchfiles.main | 1 change detected
2026-07-08 10:17:30,870 | INFO | watchfiles.main | 1 change detected
2026-07-08 10:17:31,273 | INFO | watchfiles.main | 1 change detected
2026-07-08 10:17:31,678 | INFO | watchfiles.main | 1 change detected
2026-07-08 10:17:32,085 | INFO | watchfiles.main | 1 change detected
2026-07-08 10:17:32,490 | INFO | watchfiles.main | 1 change detected
2026-07-08 10:17:32,906 | INFO | watchfiles.main | 1 change detected
2026-07-08 10:17:33,311 | INFO | watchfiles.main | 1 change detected
2026-07-08 10:17:33,719 | INFO | watchfiles.main | 1 change detected
2026-07-08 10:17:34,077 | INFO | watchfiles.main | 1 change detected
2026-07-08 10:17:34,487 | INFO | watchfiles.main | 1 change detected
2026-07-08 10:17:34,890 | INFO | watchfiles.main | 1 change detected
2026-07-08 10:17:35,298 | INFO | watchfiles.main | 1 change detected
2026-07-08 10:17:35,701 | INFO | watchfiles.main | 1 change detected
2026-07-08 10:17:36,110 | INFO | watchfiles.main | 1 change detected
2026-07-08 10:17:36,515 | INFO | watchfiles.main | 1 change detected
2026-07-08 10:17:36,919 | INFO | watchfiles.main | 1 change detected
2026-07-08 10:17:37,325 | INFO | watchfiles.main | 1 change detected
2026-07-08 10:17:37,730 | INFO | watchfiles.main | 1 change detected
2026-07-08 10:17:38,137 | INFO | watchfiles.main | 1 change detected
2026-07-08 10:17:38,544 | INFO | watchfiles.main | 1 change detected
2026-07-08 10:17:38,947 | INFO | watchfiles.main | 1 change detected
2026-07-08 10:17:39,352 | INFO | watchfiles.main | 1 change detected
2026-07-08 10:17:39,770 | INFO | watchfiles.main | 1 change detected
2026-07-08 10:17:40,178 | INFO | watchfiles.main | 1 change detected
2026-07-08 10:17:40,534 | INFO | watchfiles.main | 1 change detected
2026-07-08 10:17:40,946 | INFO | watchfiles.main | 1 change detected
2026-07-08 10:17:41,352 | INFO | watchfiles.main | 1 change detected
2026-07-08 10:17:41,767 | INFO | watchfiles.main | 1 change detected
2026-07-08 10:17:42,173 | INFO | watchfiles.main | 1 change detected
2026-07-08 10:17:42,578 | INFO | watchfiles.main | 1 change detected
2026-07-08 10:17:42,983 | INFO | watchfiles.main | 1 change detected
2026-07-08 10:17:43,341 | INFO | watchfiles.main | 1 change detected
2026-07-08 10:17:43,754 | INFO | watchfiles.main | 1 change detected
2026-07-08 10:17:44,160 | INFO | watchfiles.main | 1 change detected
2026-07-08 10:17:44,566 | INFO | watchfiles.main | 1 change detected
2026-07-08 10:17:44,972 | INFO | watchfiles.main | 1 change detected
2026-07-08 10:17:45,378 | INFO | watchfiles.main | 1 change detected
2026-07-08 10:17:45,782 | INFO | watchfiles.main | 1 change detected
2026-07-08 10:17:46,186 | INFO | watchfiles.main | 1 change detected
2026-07-08 10:17:46,590 | INFO | watchfiles.main | 1 change detected
2026-07-08 10:17:46,997 | INFO | watchfiles.main | 1 change detected
2026-07-08 10:17:47,399 | INFO | watchfiles.main | 1 change detected
2026-07-08 10:17:47,806 | INFO | watchfiles.main | 1 change detected
2026-07-08 10:17:48,167 | INFO | watchfiles.main | 1 change detected
2026-07-08 10:17:48,578 | INFO | watchfiles.main | 1 change detected
2026-07-08 10:17:48,984 | INFO | watchfiles.main | 1 change detected
2026-07-08 10:17:49,025 | INFO | lmsguard.requests | GET /platform/notifications -> 401 3.54ms
2026-07-08 10:17:49,339 | INFO | watchfiles.main | 1 change detected
2026-07-08 10:17:49,701 | INFO | watchfiles.main | 1 change detected
2026-07-08 10:17:50,057 | INFO | watchfiles.main | 1 change detected
2026-07-08 10:17:50,416 | INFO | watchfiles.main | 1 change detected
2026-07-08 10:17:50,774 | INFO | watchfiles.main | 1 change detected
2026-07-08 10:17:51,136 | INFO | watchfiles.main | 1 change detected
2026-07-08 10:17:51,545 | INFO | watchfiles.main | 1 change detected
2026-07-08 10:17:51,950 | INFO | watchfiles.main | 1 change detected
2026-07-08 10:17:52,355 | INFO | watchfiles.main | 1 change detected
2026-07-08 10:17:52,758 | INFO | watchfiles.main | 1 change detected
2026-07-08 10:17:53,164 | INFO | watchfiles.main | 1 change detected
2026-07-08 10:17:53,522 | INFO | watchfiles.main | 1 change detected
2026-07-08 10:17:53,930 | INFO | watchfiles.main | 1 change detected
2026-07-08 10:17:54,389 | INFO | watchfiles.main | 1 change detected
2026-07-08 10:17:54,754 | INFO | watchfiles.main | 1 change detected
2026-07-08 10:17:55,162 | INFO | watchfiles.main | 1 change detected
2026-07-08 10:17:55,568 | INFO | watchfiles.main | 1 change detected
2026-07-08 10:17:55,973 | INFO | watchfiles.main | 1 change detected
2026-07-08 10:17:56,379 | INFO | watchfiles.main | 1 change detected
2026-07-08 10:17:56,781 | INFO | watchfiles.main | 1 change detected
2026-07-08 10:17:57,187 | INFO | watchfiles.main | 1 change detected
2026-07-08 10:17:57,592 | INFO | watchfiles.main | 1 change detected
2026-07-08 10:17:58,000 | INFO | watchfiles.main | 1 change detected
2026-07-08 10:17:58,406 | INFO | watchfiles.main | 1 change detected
2026-07-08 10:17:58,811 | INFO | watchfiles.main | 1 change detected
2026-07-08 10:17:59,219 | INFO | watchfiles.main | 1 change detected
2026-07-08 10:17:59,623 | INFO | watchfiles.main | 1 change detected
2026-07-08 10:18:00,027 | INFO | watchfiles.main | 1 change detected
2026-07-08 10:18:00,435 | INFO | watchfiles.main | 1 change detected
2026-07-08 10:18:00,841 | INFO | watchfiles.main | 1 change detected
2026-07-08 10:18:01,244 | INFO | watchfiles.main | 1 change detected
2026-07-08 10:18:01,653 | INFO | watchfiles.main | 1 change detected
2026-07-08 10:18:02,058 | INFO | watchfiles.main | 1 change detected
2026-07-08 10:18:02,463 | INFO | watchfiles.main | 1 change detected
2026-07-08 10:18:02,868 | INFO | watchfiles.main | 1 change detected
2026-07-08 10:18:03,275 | INFO | watchfiles.main | 1 change detected
2026-07-08 10:18:03,685 | INFO | watchfiles.main | 1 change detected
2026-07-08 10:18:04,088 | INFO | watchfiles.main | 1 change detected
2026-07-08 10:18:04,494 | INFO | watchfiles.main | 1 change detected
2026-07-08 10:18:04,899 | INFO | watchfiles.main | 1 change detected
2026-07-08 10:18:05,306 | INFO | watchfiles.main | 1 change detected
2026-07-08 10:18:05,711 | INFO | watchfiles.main | 1 change detected
2026-07-08 10:18:06,116 | INFO | watchfiles.main | 1 change detected
2026-07-08 10:18:06,521 | INFO | watchfiles.main | 1 change detected
2026-07-08 10:18:06,925 | INFO | watchfiles.main | 1 change detected
2026-07-08 10:18:07,329 | INFO | watchfiles.main | 1 change detected
2026-07-08 10:18:07,734 | INFO | watchfiles.main | 1 change detected
2026-07-08 10:18:08,142 | INFO | watchfiles.main | 1 change detected
2026-07-08 10:18:08,548 | INFO | watchfiles.main | 1 change detected
2026-07-08 10:18:08,951 | INFO | watchfiles.main | 1 change detected
2026-07-08 10:18:09,358 | INFO | watchfiles.main | 1 change detected
2026-07-08 10:18:09,764 | INFO | watchfiles.main | 1 change detected
2026-07-08 10:18:10,169 | INFO | watchfiles.main | 1 change detected
2026-07-08 10:18:10,578 | INFO | watchfiles.main | 1 change detected
2026-07-08 10:18:10,983 | INFO | watchfiles.main | 1 change detected
2026-07-08 10:18:11,389 | INFO | watchfiles.main | 1 change detected
2026-07-08 10:18:11,794 | INFO | watchfiles.main | 1 change detected
2026-07-08 10:18:12,199 | INFO | watchfiles.main | 1 change detected
2026-07-08 10:18:12,607 | INFO | watchfiles.main | 1 change detected
2026-07-08 10:18:13,015 | INFO | watchfiles.main | 1 change detected
2026-07-08 10:18:13,422 | INFO | watchfiles.main | 1 change detected
2026-07-08 10:18:13,824 | INFO | watchfiles.main | 1 change detected
2026-07-08 10:18:14,230 | INFO | watchfiles.main | 1 change detected
2026-07-08 10:18:14,635 | INFO | watchfiles.main | 1 change detected
2026-07-08 10:18:15,053 | INFO | watchfiles.main | 1 change detected
2026-07-08 10:18:15,462 | INFO | watchfiles.main | 1 change detected
2026-07-08 10:18:15,821 | INFO | watchfiles.main | 1 change detected
2026-07-08 10:18:16,230 | INFO | watchfiles.main | 1 change detected
2026-07-08 10:18:16,640 | INFO | watchfiles.main | 1 change detected
2026-07-08 10:18:17,046 | INFO | watchfiles.main | 1 change detected
2026-07-08 10:18:17,454 | INFO | watchfiles.main | 1 change detected
2026-07-08 10:18:17,860 | INFO | watchfiles.main | 1 change detected
2026-07-08 10:18:18,265 | INFO | watchfiles.main | 1 change detected
2026-07-08 10:18:18,669 | INFO | watchfiles.main | 1 change detected
2026-07-08 10:18:19,075 | INFO | watchfiles.main | 1 change detected
2026-07-08 10:18:19,478 | INFO | watchfiles.main | 1 change detected
2026-07-08 10:18:19,885 | INFO | watchfiles.main | 1 change detected
2026-07-08 10:18:20,291 | INFO | watchfiles.main | 1 change detected
2026-07-08 10:18:20,698 | INFO | watchfiles.main | 1 change detected
2026-07-08 10:18:21,104 | INFO | watchfiles.main | 1 change detected
2026-07-08 10:18:21,507 | INFO | watchfiles.main | 1 change detected
2026-07-08 10:18:21,910 | INFO | watchfiles.main | 1 change detected
2026-07-08 10:18:22,266 | INFO | watchfiles.main | 1 change detected
2026-07-08 10:18:22,680 | INFO | watchfiles.main | 1 change detected
2026-07-08 10:18:23,087 | INFO | watchfiles.main | 1 change detected
2026-07-08 10:18:23,493 | INFO | watchfiles.main | 1 change detected
2026-07-08 10:18:23,898 | INFO | watchfiles.main | 1 change detected
2026-07-08 10:18:24,305 | INFO | watchfiles.main | 1 change detected
2026-07-08 10:18:24,708 | INFO | watchfiles.main | 1 change detected
2026-07-08 10:18:25,116 | INFO | watchfiles.main | 1 change detected
2026-07-08 10:18:25,520 | INFO | watchfiles.main | 1 change detected
2026-07-08 10:18:25,926 | INFO | watchfiles.main | 1 change detected
2026-07-08 10:18:26,330 | INFO | watchfiles.main | 1 change detected
2026-07-08 10:18:26,733 | INFO | watchfiles.main | 1 change detected
2026-07-08 10:18:27,141 | INFO | watchfiles.main | 1 change detected
2026-07-08 10:18:27,546 | INFO | watchfiles.main | 1 change detected
2026-07-08 10:18:27,952 | INFO | watchfiles.main | 1 change detected
2026-07-08 10:18:28,357 | INFO | watchfiles.main | 1 change detected
2026-07-08 10:18:28,713 | INFO | watchfiles.main | 1 change detected
2026-07-08 10:18:29,125 | INFO | watchfiles.main | 1 change detected
2026-07-08 10:18:29,530 | INFO | watchfiles.main | 1 change detected
2026-07-08 10:18:29,939 | INFO | watchfiles.main | 1 change detected
2026-07-08 10:18:30,356 | INFO | watchfiles.main | 1 change detected
2026-07-08 10:18:30,761 | INFO | watchfiles.main | 1 change detected
2026-07-08 10:18:31,166 | INFO | watchfiles.main | 1 change detected
2026-07-08 10:18:31,567 | INFO | watchfiles.main | 1 change detected
2026-07-08 10:18:31,973 | INFO | watchfiles.main | 1 change detected
2026-07-08 10:18:32,378 | INFO | watchfiles.main | 1 change detected
2026-07-08 10:18:32,786 | INFO | watchfiles.main | 1 change detected
2026-07-08 10:18:33,191 | INFO | watchfiles.main | 1 change detected
2026-07-08 10:18:33,596 | INFO | watchfiles.main | 1 change detected
2026-07-08 10:18:34,052 | INFO | watchfiles.main | 1 change detected
2026-07-08 10:18:34,418 | INFO | watchfiles.main | 1 change detected
2026-07-08 10:18:34,826 | INFO | watchfiles.main | 1 change detected
2026-07-08 10:18:35,230 | INFO | watchfiles.main | 1 change detected
2026-07-08 10:18:35,634 | INFO | watchfiles.main | 1 change detected
2026-07-08 10:18:36,040 | INFO | watchfiles.main | 1 change detected
2026-07-08 10:18:36,447 | INFO | watchfiles.main | 1 change detected
2026-07-08 10:18:36,851 | INFO | watchfiles.main | 1 change detected
2026-07-08 10:18:37,259 | INFO | watchfiles.main | 1 change detected
2026-07-08 10:18:37,663 | INFO | watchfiles.main | 1 change detected
2026-07-08 10:18:38,068 | INFO | watchfiles.main | 1 change detected
2026-07-08 10:18:38,472 | INFO | watchfiles.main | 1 change detected
2026-07-08 10:18:38,881 | INFO | watchfiles.main | 1 change detected
2026-07-08 10:18:39,286 | INFO | watchfiles.main | 1 change detected
2026-07-08 10:18:39,688 | INFO | watchfiles.main | 1 change detected
2026-07-08 10:18:40,090 | INFO | watchfiles.main | 1 change detected
2026-07-08 10:18:40,494 | INFO | watchfiles.main | 1 change detected
2026-07-08 10:18:40,900 | INFO | watchfiles.main | 1 change detected
2026-07-08 10:18:41,308 | INFO | watchfiles.main | 1 change detected
2026-07-08 10:18:41,714 | INFO | watchfiles.main | 1 change detected
2026-07-08 10:18:42,122 | INFO | watchfiles.main | 1 change detected
2026-07-08 10:18:42,532 | INFO | watchfiles.main | 1 change detected
2026-07-08 10:18:42,938 | INFO | watchfiles.main | 1 change detected
2026-07-08 10:18:43,349 | INFO | watchfiles.main | 1 change detected
2026-07-08 10:18:43,756 | INFO | watchfiles.main | 1 change detected
2026-07-08 10:18:44,173 | INFO | watchfiles.main | 1 change detected
2026-07-08 10:18:44,581 | INFO | watchfiles.main | 1 change detected
2026-07-08 10:18:44,991 | INFO | watchfiles.main | 1 change detected
2026-07-08 10:18:45,394 | INFO | watchfiles.main | 1 change detected
2026-07-08 10:18:45,800 | INFO | watchfiles.main | 1 change detected
2026-07-08 10:18:46,158 | INFO | watchfiles.main | 1 change detected
2026-07-08 10:18:46,571 | INFO | watchfiles.main | 1 change detected
2026-07-08 10:18:46,981 | INFO | watchfiles.main | 1 change detected
2026-07-08 10:18:47,386 | INFO | watchfiles.main | 1 change detected
2026-07-08 10:18:47,790 | INFO | watchfiles.main | 1 change detected
2026-07-08 10:18:48,208 | INFO | watchfiles.main | 1 change detected
2026-07-08 10:18:48,611 | INFO | watchfiles.main | 1 change detected
2026-07-08 10:18:48,714 | INFO | lmsguard.requests | GET /platform/notifications -> 401 2.49ms
2026-07-08 10:18:48,969 | INFO | watchfiles.main | 1 change detected
2026-07-08 10:18:49,328 | INFO | watchfiles.main | 1 change detected
2026-07-08 10:18:49,686 | INFO | watchfiles.main | 1 change detected
2026-07-08 10:18:50,045 | INFO | watchfiles.main | 1 change detected
2026-07-08 10:18:50,399 | INFO | watchfiles.main | 1 change detected
2026-07-08 10:18:50,810 | INFO | watchfiles.main | 1 change detected
2026-07-08 10:18:51,218 | INFO | watchfiles.main | 1 change detected
2026-07-08 10:18:51,625 | INFO | watchfiles.main | 1 change detected
2026-07-08 10:18:52,028 | INFO | watchfiles.main | 1 change detected
2026-07-08 10:18:52,433 | INFO | watchfiles.main | 1 change detected
2026-07-08 10:18:52,840 | INFO | watchfiles.main | 1 change detected
2026-07-08 10:18:53,250 | INFO | watchfiles.main | 1 change detected
2026-07-08 10:18:53,654 | INFO | watchfiles.main | 1 change detected
2026-07-08 10:18:54,058 | INFO | watchfiles.main | 1 change detected
2026-07-08 10:18:54,417 | INFO | watchfiles.main | 1 change detected
2026-07-08 10:18:54,826 | INFO | watchfiles.main | 1 change detected
2026-07-08 10:18:55,231 | INFO | watchfiles.main | 1 change detected
2026-07-08 10:18:55,636 | INFO | watchfiles.main | 1 change detected
2026-07-08 10:18:56,042 | INFO | watchfiles.main | 1 change detected
2026-07-08 10:18:56,449 | INFO | watchfiles.main | 1 change detected
2026-07-08 10:18:56,865 | INFO | watchfiles.main | 1 change detected
2026-07-08 10:18:57,269 | INFO | watchfiles.main | 1 change detected
2026-07-08 10:18:57,673 | INFO | watchfiles.main | 1 change detected
2026-07-08 10:18:58,078 | INFO | watchfiles.main | 1 change detected
2026-07-08 10:18:58,485 | INFO | watchfiles.main | 1 change detected
2026-07-08 10:18:58,889 | INFO | watchfiles.main | 1 change detected
2026-07-08 10:18:59,297 | INFO | watchfiles.main | 1 change detected
2026-07-08 10:18:59,703 | INFO | watchfiles.main | 1 change detected
2026-07-08 10:19:00,113 | INFO | watchfiles.main | 1 change detected
2026-07-08 10:19:00,520 | INFO | watchfiles.main | 1 change detected
2026-07-08 10:19:00,922 | INFO | watchfiles.main | 1 change detected
2026-07-08 10:19:01,329 | INFO | watchfiles.main | 1 change detected
2026-07-08 10:19:01,734 | INFO | watchfiles.main | 1 change detected
2026-07-08 10:19:02,145 | INFO | watchfiles.main | 1 change detected
2026-07-08 10:19:02,553 | INFO | watchfiles.main | 1 change detected
2026-07-08 10:19:02,955 | INFO | watchfiles.main | 1 change detected
2026-07-08 10:19:03,358 | INFO | watchfiles.main | 1 change detected
2026-07-08 10:19:03,762 | INFO | watchfiles.main | 1 change detected
2026-07-08 10:19:04,166 | INFO | watchfiles.main | 1 change detected
2026-07-08 10:19:04,573 | INFO | watchfiles.main | 1 change detected
2026-07-08 10:19:04,978 | INFO | watchfiles.main | 1 change detected
2026-07-08 10:19:05,386 | INFO | watchfiles.main | 1 change detected
2026-07-08 10:19:05,795 | INFO | watchfiles.main | 1 change detected
2026-07-08 10:19:06,199 | INFO | watchfiles.main | 1 change detected
2026-07-08 10:19:06,602 | INFO | watchfiles.main | 1 change detected
2026-07-08 10:19:07,010 | INFO | watchfiles.main | 1 change detected
2026-07-08 10:19:07,415 | INFO | watchfiles.main | 1 change detected
2026-07-08 10:19:07,820 | INFO | watchfiles.main | 1 change detected
2026-07-08 10:19:08,225 | INFO | watchfiles.main | 1 change detected
2026-07-08 10:19:08,631 | INFO | watchfiles.main | 1 change detected
2026-07-08 10:19:09,037 | INFO | watchfiles.main | 1 change detected
2026-07-08 10:19:09,443 | INFO | watchfiles.main | 1 change detected
2026-07-08 10:19:09,847 | INFO | watchfiles.main | 1 change detected
2026-07-08 10:19:10,256 | INFO | watchfiles.main | 1 change detected
2026-07-08 10:19:10,661 | INFO | watchfiles.main | 1 change detected
2026-07-08 10:19:11,067 | INFO | watchfiles.main | 1 change detected
2026-07-08 10:19:11,475 | INFO | watchfiles.main | 1 change detected
2026-07-08 10:19:11,880 | INFO | watchfiles.main | 1 change detected
2026-07-08 10:19:12,288 | INFO | watchfiles.main | 1 change detected
2026-07-08 10:19:12,655 | INFO | watchfiles.main | 1 change detected
2026-07-08 10:19:13,111 | INFO | watchfiles.main | 1 change detected
2026-07-08 10:19:13,514 | INFO | watchfiles.main | 1 change detected
2026-07-08 10:19:13,917 | INFO | watchfiles.main | 1 change detected
2026-07-08 10:19:14,325 | INFO | watchfiles.main | 1 change detected
2026-07-08 10:19:14,680 | INFO | watchfiles.main | 1 change detected
2026-07-08 10:19:15,091 | INFO | watchfiles.main | 1 change detected
2026-07-08 10:19:15,497 | INFO | watchfiles.main | 1 change detected
2026-07-08 10:19:15,902 | INFO | watchfiles.main | 1 change detected
2026-07-08 10:19:16,306 | INFO | watchfiles.main | 1 change detected
2026-07-08 10:19:16,711 | INFO | watchfiles.main | 1 change detected
2026-07-08 10:19:17,120 | INFO | watchfiles.main | 1 change detected
2026-07-08 10:19:17,526 | INFO | watchfiles.main | 1 change detected
2026-07-08 10:19:17,983 | INFO | watchfiles.main | 1 change detected
2026-07-08 10:19:18,347 | INFO | watchfiles.main | 1 change detected
2026-07-08 10:19:18,756 | INFO | watchfiles.main | 1 change detected
2026-07-08 10:19:19,163 | INFO | watchfiles.main | 1 change detected
2026-07-08 10:19:19,567 | INFO | watchfiles.main | 1 change detected
2026-07-08 10:19:19,972 | INFO | watchfiles.main | 1 change detected
2026-07-08 10:19:20,375 | INFO | watchfiles.main | 1 change detected
2026-07-08 10:19:20,785 | INFO | watchfiles.main | 1 change detected
2026-07-08 10:19:21,189 | INFO | watchfiles.main | 1 change detected
2026-07-08 10:19:21,596 | INFO | watchfiles.main | 1 change detected
2026-07-08 10:19:22,003 | INFO | watchfiles.main | 1 change detected
2026-07-08 10:19:22,412 | INFO | watchfiles.main | 1 change detected
2026-07-08 10:19:22,820 | INFO | watchfiles.main | 1 change detected
2026-07-08 10:19:23,227 | INFO | watchfiles.main | 1 change detected
2026-07-08 10:19:23,632 | INFO | watchfiles.main | 1 change detected
2026-07-08 10:19:23,999 | INFO | watchfiles.main | 1 change detected
2026-07-08 10:19:24,409 | INFO | watchfiles.main | 1 change detected
2026-07-08 10:19:24,816 | INFO | watchfiles.main | 1 change detected
2026-07-08 10:19:25,218 | INFO | watchfiles.main | 1 change detected
2026-07-08 10:19:25,635 | INFO | watchfiles.main | 1 change detected
2026-07-08 10:19:26,041 | INFO | watchfiles.main | 1 change detected
2026-07-08 10:19:26,443 | INFO | watchfiles.main | 1 change detected
2026-07-08 10:19:26,846 | INFO | watchfiles.main | 1 change detected
2026-07-08 10:19:27,255 | INFO | watchfiles.main | 1 change detected
2026-07-08 10:19:27,667 | INFO | watchfiles.main | 1 change detected
2026-07-08 10:19:28,073 | INFO | watchfiles.main | 1 change detected
2026-07-08 10:19:28,479 | INFO | watchfiles.main | 1 change detected
2026-07-08 10:19:28,883 | INFO | watchfiles.main | 1 change detected
2026-07-08 10:19:29,290 | INFO | watchfiles.main | 1 change detected
2026-07-08 10:19:29,647 | INFO | watchfiles.main | 1 change detected
2026-07-08 10:19:30,059 | INFO | watchfiles.main | 1 change detected
2026-07-08 10:19:30,461 | INFO | watchfiles.main | 1 change detected
2026-07-08 10:19:30,871 | INFO | watchfiles.main | 1 change detected
2026-07-08 10:19:31,277 | INFO | watchfiles.main | 1 change detected
2026-07-08 10:19:31,683 | INFO | watchfiles.main | 1 change detected
2026-07-08 10:19:32,090 | INFO | watchfiles.main | 1 change detected
2026-07-08 10:19:32,495 | INFO | watchfiles.main | 1 change detected
2026-07-08 10:19:32,898 | INFO | watchfiles.main | 1 change detected
2026-07-08 10:19:33,304 | INFO | watchfiles.main | 1 change detected
2026-07-08 10:19:33,708 | INFO | watchfiles.main | 1 change detected
2026-07-08 10:19:34,074 | INFO | watchfiles.main | 1 change detected
2026-07-08 10:19:34,486 | INFO | watchfiles.main | 1 change detected
2026-07-08 10:19:34,903 | INFO | watchfiles.main | 1 change detected
2026-07-08 10:19:35,270 | INFO | watchfiles.main | 1 change detected
2026-07-08 10:19:35,679 | INFO | watchfiles.main | 1 change detected
2026-07-08 10:19:36,087 | INFO | watchfiles.main | 1 change detected
2026-07-08 10:19:36,491 | INFO | watchfiles.main | 1 change detected
2026-07-08 10:19:36,907 | INFO | watchfiles.main | 1 change detected
2026-07-08 10:19:37,314 | INFO | watchfiles.main | 1 change detected
2026-07-08 10:19:37,720 | INFO | watchfiles.main | 1 change detected
2026-07-08 10:19:38,125 | INFO | watchfiles.main | 1 change detected
2026-07-08 10:19:38,531 | INFO | watchfiles.main | 1 change detected
2026-07-08 10:19:38,935 | INFO | watchfiles.main | 1 change detected
2026-07-08 10:19:39,342 | INFO | watchfiles.main | 1 change detected
2026-07-08 10:19:39,748 | INFO | watchfiles.main | 1 change detected
2026-07-08 10:19:40,155 | INFO | watchfiles.main | 1 change detected
2026-07-08 10:19:40,573 | INFO | watchfiles.main | 1 change detected
2026-07-08 10:19:40,925 | INFO | watchfiles.main | 1 change detected
2026-07-08 10:19:41,334 | INFO | watchfiles.main | 1 change detected
2026-07-08 10:19:41,740 | INFO | watchfiles.main | 1 change detected
2026-07-08 10:19:42,149 | INFO | watchfiles.main | 1 change detected
2026-07-08 10:19:42,565 | INFO | watchfiles.main | 1 change detected
2026-07-08 10:19:42,972 | INFO | watchfiles.main | 1 change detected
2026-07-08 10:19:43,389 | INFO | watchfiles.main | 1 change detected
2026-07-08 10:19:43,795 | INFO | watchfiles.main | 1 change detected
2026-07-08 10:19:44,200 | INFO | watchfiles.main | 1 change detected
2026-07-08 10:19:44,603 | INFO | watchfiles.main | 1 change detected
2026-07-08 10:19:45,011 | INFO | watchfiles.main | 1 change detected
2026-07-08 10:19:45,414 | INFO | watchfiles.main | 1 change detected
2026-07-08 10:19:45,817 | INFO | watchfiles.main | 1 change detected
2026-07-08 10:19:46,221 | INFO | watchfiles.main | 1 change detected
2026-07-08 10:19:46,579 | INFO | watchfiles.main | 1 change detected
2026-07-08 10:19:46,986 | INFO | watchfiles.main | 1 change detected
2026-07-08 10:19:47,404 | INFO | watchfiles.main | 1 change detected
2026-07-08 10:19:47,808 | INFO | watchfiles.main | 1 change detected
2026-07-08 10:19:48,217 | INFO | watchfiles.main | 1 change detected
2026-07-08 10:19:48,634 | INFO | watchfiles.main | 1 change detected
2026-07-08 10:19:49,020 | INFO | lmsguard.requests | GET /platform/notifications -> 401 2.43ms
2026-07-08 10:19:49,041 | INFO | watchfiles.main | 1 change detected
2026-07-08 10:19:49,394 | INFO | watchfiles.main | 1 change detected
2026-07-08 10:20:48,706 | INFO | lmsguard.requests | GET /platform/notifications -> 401 2.68ms
2026-07-08 10:20:48,772 | INFO | watchfiles.main | 1 change detected
2026-07-08 10:20:49,128 | INFO | watchfiles.main | 1 change detected
2026-07-08 10:20:49,533 | INFO | watchfiles.main | 1 change detected
2026-07-08 10:20:49,898 | INFO | watchfiles.main | 1 change detected
2026-07-08 10:20:50,304 | INFO | watchfiles.main | 1 change detected
2026-07-08 10:20:50,707 | INFO | watchfiles.main | 1 change detected
2026-07-08 10:20:51,116 | INFO | watchfiles.main | 1 change detected
2026-07-08 10:20:51,533 | INFO | watchfiles.main | 1 change detected
2026-07-08 10:20:51,935 | INFO | watchfiles.main | 1 change detected
2026-07-08 10:20:52,347 | INFO | watchfiles.main | 1 change detected
2026-07-08 10:20:52,754 | INFO | watchfiles.main | 1 change detected
2026-07-08 10:20:53,163 | INFO | watchfiles.main | 1 change detected
2026-07-08 10:20:53,573 | INFO | watchfiles.main | 1 change detected
2026-07-08 10:20:53,983 | INFO | watchfiles.main | 1 change detected
2026-07-08 10:20:54,391 | INFO | watchfiles.main | 1 change detected
2026-07-08 10:20:54,799 | INFO | watchfiles.main | 1 change detected
2026-07-08 10:20:55,169 | INFO | watchfiles.main | 1 change detected
2026-07-08 10:20:55,579 | INFO | watchfiles.main | 1 change detected
2026-07-08 10:20:55,982 | INFO | watchfiles.main | 1 change detected
2026-07-08 10:20:56,392 | INFO | watchfiles.main | 1 change detected
2026-07-08 10:20:56,803 | INFO | watchfiles.main | 1 change detected
2026-07-08 10:20:57,217 | INFO | watchfiles.main | 1 change detected
2026-07-08 10:20:57,623 | INFO | watchfiles.main | 1 change detected
2026-07-08 10:20:58,044 | INFO | watchfiles.main | 1 change detected
2026-07-08 10:20:58,460 | INFO | watchfiles.main | 1 change detected
2026-07-08 10:20:58,863 | INFO | watchfiles.main | 1 change detected
2026-07-08 10:20:59,275 | INFO | watchfiles.main | 1 change detected
2026-07-08 10:20:59,681 | INFO | watchfiles.main | 1 change detected
2026-07-08 10:21:00,087 | INFO | watchfiles.main | 1 change detected
2026-07-08 10:21:00,494 | INFO | watchfiles.main | 1 change detected
2026-07-08 10:21:00,899 | INFO | watchfiles.main | 1 change detected
2026-07-08 10:21:01,317 | INFO | watchfiles.main | 1 change detected
2026-07-08 10:21:01,728 | INFO | watchfiles.main | 1 change detected
2026-07-08 10:21:02,138 | INFO | watchfiles.main | 1 change detected
2026-07-08 10:21:02,548 | INFO | watchfiles.main | 1 change detected
2026-07-08 10:21:02,955 | INFO | watchfiles.main | 1 change detected
2026-07-08 10:21:03,369 | INFO | watchfiles.main | 1 change detected
2026-07-08 10:21:03,734 | INFO | watchfiles.main | 1 change detected
2026-07-08 10:21:04,138 | INFO | watchfiles.main | 1 change detected
2026-07-08 10:21:04,548 | INFO | watchfiles.main | 1 change detected
2026-07-08 10:21:04,955 | INFO | watchfiles.main | 1 change detected
2026-07-08 10:21:05,360 | INFO | watchfiles.main | 1 change detected
2026-07-08 10:21:05,767 | INFO | watchfiles.main | 1 change detected
2026-07-08 10:21:06,184 | INFO | watchfiles.main | 1 change detected
2026-07-08 10:21:06,541 | INFO | watchfiles.main | 1 change detected
2026-07-08 10:21:06,945 | INFO | watchfiles.main | 1 change detected
2026-07-08 10:21:07,363 | INFO | watchfiles.main | 1 change detected
2026-07-08 10:21:07,773 | INFO | watchfiles.main | 1 change detected
2026-07-08 10:21:08,178 | INFO | watchfiles.main | 1 change detected
2026-07-08 10:21:08,596 | INFO | watchfiles.main | 1 change detected
2026-07-08 10:21:09,016 | INFO | watchfiles.main | 1 change detected
2026-07-08 10:21:09,429 | INFO | watchfiles.main | 1 change detected
2026-07-08 10:21:09,789 | INFO | watchfiles.main | 1 change detected
2026-07-08 10:21:10,243 | INFO | watchfiles.main | 1 change detected
2026-07-08 10:21:10,609 | INFO | watchfiles.main | 1 change detected
2026-07-08 10:21:11,015 | INFO | watchfiles.main | 1 change detected
2026-07-08 10:21:11,431 | INFO | watchfiles.main | 1 change detected
2026-07-08 10:21:11,833 | INFO | watchfiles.main | 1 change detected
2026-07-08 10:21:12,243 | INFO | watchfiles.main | 1 change detected
2026-07-08 10:21:12,656 | INFO | watchfiles.main | 1 change detected
2026-07-08 10:21:13,017 | INFO | watchfiles.main | 1 change detected
2026-07-08 10:21:13,435 | INFO | watchfiles.main | 1 change detected
2026-07-08 10:21:13,842 | INFO | watchfiles.main | 1 change detected
2026-07-08 10:21:14,253 | INFO | watchfiles.main | 1 change detected
2026-07-08 10:21:14,614 | INFO | watchfiles.main | 1 change detected
2026-07-08 10:21:15,020 | INFO | watchfiles.main | 1 change detected
2026-07-08 10:21:15,437 | INFO | watchfiles.main | 1 change detected
2026-07-08 10:21:15,839 | INFO | watchfiles.main | 1 change detected
2026-07-08 10:21:16,250 | INFO | watchfiles.main | 1 change detected
2026-07-08 10:21:16,703 | INFO | watchfiles.main | 1 change detected
2026-07-08 10:21:17,108 | INFO | watchfiles.main | 1 change detected
2026-07-08 10:21:17,513 | INFO | watchfiles.main | 1 change detected
2026-07-08 10:21:17,878 | INFO | watchfiles.main | 1 change detected
2026-07-08 10:21:18,282 | INFO | watchfiles.main | 1 change detected
2026-07-08 10:21:18,685 | INFO | watchfiles.main | 1 change detected
2026-07-08 10:21:19,093 | INFO | watchfiles.main | 1 change detected
2026-07-08 10:21:19,506 | INFO | watchfiles.main | 1 change detected
2026-07-08 10:21:19,916 | INFO | watchfiles.main | 1 change detected
2026-07-08 10:21:20,273 | INFO | watchfiles.main | 1 change detected
2026-07-08 10:21:20,687 | INFO | watchfiles.main | 1 change detected
2026-07-08 10:21:21,099 | INFO | watchfiles.main | 1 change detected
2026-07-08 10:21:21,510 | INFO | watchfiles.main | 1 change detected
2026-07-08 10:21:21,914 | INFO | watchfiles.main | 1 change detected
2026-07-08 10:21:22,330 | INFO | watchfiles.main | 1 change detected
2026-07-08 10:21:22,738 | INFO | watchfiles.main | 1 change detected
2026-07-08 10:21:23,143 | INFO | watchfiles.main | 1 change detected
2026-07-08 10:21:23,559 | INFO | watchfiles.main | 1 change detected
2026-07-08 10:21:23,963 | INFO | watchfiles.main | 1 change detected
2026-07-08 10:21:24,373 | INFO | watchfiles.main | 1 change detected
2026-07-08 10:21:24,775 | INFO | watchfiles.main | 1 change detected
2026-07-08 10:21:25,186 | INFO | watchfiles.main | 1 change detected
2026-07-08 10:21:25,552 | INFO | watchfiles.main | 1 change detected
2026-07-08 10:21:25,955 | INFO | watchfiles.main | 1 change detected
2026-07-08 10:21:26,360 | INFO | watchfiles.main | 1 change detected
2026-07-08 10:21:26,764 | INFO | watchfiles.main | 1 change detected
2026-07-08 10:21:27,171 | INFO | watchfiles.main | 1 change detected
2026-07-08 10:21:27,588 | INFO | watchfiles.main | 1 change detected
2026-07-08 10:21:27,947 | INFO | watchfiles.main | 1 change detected
2026-07-08 10:21:28,358 | INFO | watchfiles.main | 1 change detected
2026-07-08 10:21:28,816 | INFO | watchfiles.main | 1 change detected
2026-07-08 10:21:29,222 | INFO | watchfiles.main | 1 change detected
2026-07-08 10:21:29,637 | INFO | watchfiles.main | 1 change detected
2026-07-08 10:21:29,994 | INFO | watchfiles.main | 1 change detected
2026-07-08 10:21:30,408 | INFO | watchfiles.main | 1 change detected
2026-07-08 10:21:30,817 | INFO | watchfiles.main | 1 change detected
2026-07-08 10:21:31,229 | INFO | watchfiles.main | 1 change detected
2026-07-08 10:21:31,646 | INFO | watchfiles.main | 1 change detected
2026-07-08 10:21:32,055 | INFO | watchfiles.main | 1 change detected
2026-07-08 10:21:32,413 | INFO | watchfiles.main | 1 change detected
2026-07-08 10:21:32,831 | INFO | watchfiles.main | 1 change detected
2026-07-08 10:21:33,233 | INFO | watchfiles.main | 1 change detected
2026-07-08 10:21:33,645 | INFO | watchfiles.main | 1 change detected
2026-07-08 10:21:34,060 | INFO | watchfiles.main | 1 change detected
2026-07-08 10:21:34,425 | INFO | watchfiles.main | 1 change detected
2026-07-08 10:21:34,839 | INFO | watchfiles.main | 1 change detected
2026-07-08 10:21:35,245 | INFO | watchfiles.main | 1 change detected
2026-07-08 10:21:35,662 | INFO | watchfiles.main | 1 change detected
2026-07-08 10:21:36,072 | INFO | watchfiles.main | 1 change detected
2026-07-08 10:21:36,482 | INFO | watchfiles.main | 1 change detected
2026-07-08 10:21:36,840 | INFO | watchfiles.main | 1 change detected
2026-07-08 10:21:37,245 | INFO | watchfiles.main | 1 change detected
2026-07-08 10:21:37,662 | INFO | watchfiles.main | 1 change detected
2026-07-08 10:21:38,064 | INFO | watchfiles.main | 1 change detected
2026-07-08 10:21:38,467 | INFO | watchfiles.main | 1 change detected
2026-07-08 10:21:38,883 | INFO | watchfiles.main | 1 change detected
2026-07-08 10:21:39,291 | INFO | watchfiles.main | 1 change detected
2026-07-08 10:21:39,708 | INFO | watchfiles.main | 1 change detected
2026-07-08 10:21:40,075 | INFO | watchfiles.main | 1 change detected
2026-07-08 10:21:40,489 | INFO | watchfiles.main | 1 change detected
2026-07-08 10:21:40,907 | INFO | watchfiles.main | 1 change detected
2026-07-08 10:21:41,317 | INFO | watchfiles.main | 1 change detected
2026-07-08 10:21:41,741 | INFO | watchfiles.main | 1 change detected
2026-07-08 10:21:42,105 | INFO | watchfiles.main | 1 change detected
2026-07-08 10:21:42,518 | INFO | watchfiles.main | 1 change detected
2026-07-08 10:21:42,975 | INFO | watchfiles.main | 1 change detected
2026-07-08 10:21:43,330 | INFO | watchfiles.main | 1 change detected
2026-07-08 10:21:43,787 | INFO | watchfiles.main | 1 change detected
2026-07-08 10:21:44,193 | INFO | watchfiles.main | 1 change detected
2026-07-08 10:21:44,552 | INFO | watchfiles.main | 1 change detected
2026-07-08 10:21:44,956 | INFO | watchfiles.main | 1 change detected
2026-07-08 10:21:45,367 | INFO | watchfiles.main | 1 change detected
2026-07-08 10:21:45,784 | INFO | watchfiles.main | 1 change detected
2026-07-08 10:21:46,187 | INFO | watchfiles.main | 1 change detected
2026-07-08 10:21:46,590 | INFO | watchfiles.main | 1 change detected
2026-07-08 10:21:47,008 | INFO | watchfiles.main | 1 change detected
2026-07-08 10:21:47,418 | INFO | watchfiles.main | 1 change detected
2026-07-08 10:21:47,823 | INFO | watchfiles.main | 1 change detected
2026-07-08 10:21:48,233 | INFO | watchfiles.main | 1 change detected
2026-07-08 10:21:48,644 | INFO | watchfiles.main | 1 change detected
2026-07-08 10:21:49,027 | INFO | lmsguard.requests | GET /platform/notifications -> 401 2.70ms
2026-07-08 10:21:49,059 | INFO | watchfiles.main | 1 change detected
2026-07-08 10:21:49,426 | INFO | watchfiles.main | 1 change detected
2026-07-08 10:21:49,787 | INFO | watchfiles.main | 1 change detected
2026-07-08 10:21:50,139 | INFO | watchfiles.main | 1 change detected
2026-07-08 10:21:50,503 | INFO | watchfiles.main | 1 change detected
2026-07-08 10:21:50,870 | INFO | watchfiles.main | 1 change detected
2026-07-08 10:21:51,224 | INFO | watchfiles.main | 1 change detected
2026-07-08 10:21:51,576 | INFO | watchfiles.main | 1 change detected
2026-07-08 10:21:51,986 | INFO | watchfiles.main | 1 change detected
2026-07-08 10:21:52,353 | INFO | watchfiles.main | 1 change detected
2026-07-08 10:21:52,764 | INFO | watchfiles.main | 1 change detected
2026-07-08 10:21:53,167 | INFO | watchfiles.main | 1 change detected
2026-07-08 10:21:53,571 | INFO | watchfiles.main | 1 change detected
2026-07-08 10:21:53,989 | INFO | watchfiles.main | 1 change detected
2026-07-08 10:21:54,392 | INFO | watchfiles.main | 1 change detected
2026-07-08 10:21:54,804 | INFO | watchfiles.main | 1 change detected
2026-07-08 10:21:55,217 | INFO | watchfiles.main | 1 change detected
2026-07-08 10:21:55,624 | INFO | watchfiles.main | 1 change detected
2026-07-08 10:21:56,035 | INFO | watchfiles.main | 1 change detected
2026-07-08 10:21:56,452 | INFO | watchfiles.main | 1 change detected
2026-07-08 10:21:56,858 | INFO | watchfiles.main | 1 change detected
2026-07-08 10:21:57,275 | INFO | watchfiles.main | 1 change detected
2026-07-08 10:21:57,642 | INFO | watchfiles.main | 1 change detected
2026-07-08 10:21:58,050 | INFO | watchfiles.main | 1 change detected
2026-07-08 10:21:58,477 | INFO | watchfiles.main | 1 change detected
2026-07-08 10:21:58,884 | INFO | watchfiles.main | 1 change detected
2026-07-08 10:21:59,298 | INFO | watchfiles.main | 1 change detected
2026-07-08 10:21:59,715 | INFO | watchfiles.main | 1 change detected
2026-07-08 10:22:00,082 | INFO | watchfiles.main | 1 change detected
2026-07-08 10:22:00,539 | INFO | watchfiles.main | 1 change detected
2026-07-08 10:22:00,944 | INFO | watchfiles.main | 1 change detected
2026-07-08 10:22:01,349 | INFO | watchfiles.main | 1 change detected
2026-07-08 10:22:01,766 | INFO | watchfiles.main | 1 change detected
2026-07-08 10:22:02,124 | INFO | watchfiles.main | 1 change detected
2026-07-08 10:22:02,527 | INFO | watchfiles.main | 1 change detected
2026-07-08 10:22:02,943 | INFO | watchfiles.main | 1 change detected
2026-07-08 10:22:03,400 | INFO | watchfiles.main | 1 change detected
2026-07-08 10:22:03,763 | INFO | watchfiles.main | 1 change detected
2026-07-08 10:22:04,165 | INFO | watchfiles.main | 1 change detected
2026-07-08 10:22:04,567 | INFO | watchfiles.main | 1 change detected
2026-07-08 10:22:04,976 | INFO | watchfiles.main | 1 change detected
2026-07-08 10:22:05,379 | INFO | watchfiles.main | 1 change detected
2026-07-08 10:22:05,788 | INFO | watchfiles.main | 1 change detected
2026-07-08 10:22:06,209 | INFO | watchfiles.main | 1 change detected
2026-07-08 10:22:06,617 | INFO | watchfiles.main | 1 change detected
2026-07-08 10:22:07,025 | INFO | watchfiles.main | 1 change detected
2026-07-08 10:22:07,433 | INFO | watchfiles.main | 1 change detected
2026-07-08 10:22:07,847 | INFO | watchfiles.main | 1 change detected
2026-07-08 10:22:08,265 | INFO | watchfiles.main | 1 change detected
2026-07-08 10:22:08,675 | INFO | watchfiles.main | 1 change detected
2026-07-08 10:22:09,086 | INFO | watchfiles.main | 1 change detected
2026-07-08 10:22:09,495 | INFO | watchfiles.main | 1 change detected
2026-07-08 10:22:09,904 | INFO | watchfiles.main | 1 change detected
2026-07-08 10:22:10,315 | INFO | watchfiles.main | 1 change detected
2026-07-08 10:22:10,675 | INFO | watchfiles.main | 1 change detected
2026-07-08 10:22:11,088 | INFO | watchfiles.main | 1 change detected
2026-07-08 10:22:11,505 | INFO | watchfiles.main | 1 change detected
2026-07-08 10:22:11,914 | INFO | watchfiles.main | 1 change detected
2026-07-08 10:22:12,281 | INFO | watchfiles.main | 1 change detected
2026-07-08 10:22:12,687 | INFO | watchfiles.main | 1 change detected
2026-07-08 10:22:13,093 | INFO | watchfiles.main | 1 change detected
2026-07-08 10:22:13,501 | INFO | watchfiles.main | 1 change detected
2026-07-08 10:22:13,953 | INFO | watchfiles.main | 1 change detected
2026-07-08 10:22:14,316 | INFO | watchfiles.main | 1 change detected
2026-07-08 10:22:14,720 | INFO | watchfiles.main | 1 change detected
2026-07-08 10:22:15,137 | INFO | watchfiles.main | 1 change detected
2026-07-08 10:22:15,512 | INFO | watchfiles.main | 1 change detected
2026-07-08 10:22:15,929 | INFO | watchfiles.main | 1 change detected
2026-07-08 10:22:16,347 | INFO | watchfiles.main | 1 change detected
2026-07-08 10:22:16,766 | INFO | watchfiles.main | 1 change detected
2026-07-08 10:22:17,175 | INFO | watchfiles.main | 1 change detected
2026-07-08 10:22:17,543 | INFO | watchfiles.main | 1 change detected
2026-07-08 10:22:17,947 | INFO | watchfiles.main | 1 change detected
2026-07-08 10:22:18,357 | INFO | watchfiles.main | 1 change detected
2026-07-08 10:22:18,764 | INFO | watchfiles.main | 1 change detected
2026-07-08 10:22:19,172 | INFO | watchfiles.main | 1 change detected
2026-07-08 10:22:19,581 | INFO | watchfiles.main | 1 change detected
2026-07-08 10:22:19,991 | INFO | watchfiles.main | 1 change detected
2026-07-08 10:22:20,402 | INFO | watchfiles.main | 1 change detected
2026-07-08 10:22:20,813 | INFO | watchfiles.main | 1 change detected
2026-07-08 10:22:21,219 | INFO | watchfiles.main | 1 change detected
2026-07-08 10:22:21,585 | INFO | watchfiles.main | 1 change detected
2026-07-08 10:22:21,996 | INFO | watchfiles.main | 1 change detected
2026-07-08 10:22:22,454 | INFO | watchfiles.main | 1 change detected
2026-07-08 10:22:22,859 | INFO | watchfiles.main | 1 change detected
2026-07-08 10:22:23,217 | INFO | watchfiles.main | 1 change detected
2026-07-08 10:22:23,673 | INFO | watchfiles.main | 1 change detected
2026-07-08 10:22:24,038 | INFO | watchfiles.main | 1 change detected
2026-07-08 10:22:24,440 | INFO | watchfiles.main | 1 change detected
2026-07-08 10:22:24,858 | INFO | watchfiles.main | 1 change detected
2026-07-08 10:22:25,314 | INFO | watchfiles.main | 1 change detected
2026-07-08 10:22:25,668 | INFO | watchfiles.main | 1 change detected
2026-07-08 10:22:26,077 | INFO | watchfiles.main | 1 change detected
2026-07-08 10:22:26,492 | INFO | watchfiles.main | 1 change detected
2026-07-08 10:22:26,895 | INFO | watchfiles.main | 1 change detected
2026-07-08 10:22:27,313 | INFO | watchfiles.main | 1 change detected
2026-07-08 10:22:27,724 | INFO | watchfiles.main | 1 change detected
2026-07-08 10:22:28,091 | INFO | watchfiles.main | 1 change detected
2026-07-08 10:22:28,501 | INFO | watchfiles.main | 1 change detected
2026-07-08 10:22:28,919 | INFO | watchfiles.main | 1 change detected
2026-07-08 10:22:29,327 | INFO | watchfiles.main | 1 change detected
2026-07-08 10:22:29,730 | INFO | watchfiles.main | 1 change detected
2026-07-08 10:22:30,148 | INFO | watchfiles.main | 1 change detected
2026-07-08 10:22:30,556 | INFO | watchfiles.main | 1 change detected
2026-07-08 10:22:30,966 | INFO | watchfiles.main | 1 change detected
2026-07-08 10:22:31,333 | INFO | watchfiles.main | 1 change detected
2026-07-08 10:22:31,755 | INFO | watchfiles.main | 1 change detected
2026-07-08 10:22:32,171 | INFO | watchfiles.main | 1 change detected
2026-07-08 10:22:32,579 | INFO | watchfiles.main | 1 change detected
2026-07-08 10:22:32,989 | INFO | watchfiles.main | 1 change detected
2026-07-08 10:22:33,392 | INFO | watchfiles.main | 1 change detected
2026-07-08 10:22:33,795 | INFO | watchfiles.main | 1 change detected
2026-07-08 10:22:34,203 | INFO | watchfiles.main | 1 change detected
2026-07-08 10:22:34,614 | INFO | watchfiles.main | 1 change detected
2026-07-08 10:22:34,974 | INFO | watchfiles.main | 1 change detected
2026-07-08 10:22:35,427 | INFO | watchfiles.main | 1 change detected
2026-07-08 10:22:35,830 | INFO | watchfiles.main | 1 change detected
2026-07-08 10:22:36,241 | INFO | watchfiles.main | 1 change detected
2026-07-08 10:22:36,649 | INFO | watchfiles.main | 1 change detected
2026-07-08 10:22:37,016 | INFO | watchfiles.main | 1 change detected
2026-07-08 10:22:37,433 | INFO | watchfiles.main | 1 change detected
2026-07-08 10:22:37,850 | INFO | watchfiles.main | 1 change detected
2026-07-08 10:22:38,253 | INFO | watchfiles.main | 1 change detected
2026-07-08 10:22:38,670 | INFO | watchfiles.main | 1 change detected
2026-07-08 10:22:39,087 | INFO | watchfiles.main | 1 change detected
2026-07-08 10:22:39,497 | INFO | watchfiles.main | 1 change detected
2026-07-08 10:22:39,915 | INFO | watchfiles.main | 1 change detected
2026-07-08 10:22:40,279 | INFO | watchfiles.main | 1 change detected
2026-07-08 10:22:40,696 | INFO | watchfiles.main | 1 change detected
2026-07-08 10:22:41,112 | INFO | watchfiles.main | 1 change detected
2026-07-08 10:22:41,523 | INFO | watchfiles.main | 1 change detected
2026-07-08 10:22:41,892 | INFO | watchfiles.main | 1 change detected
2026-07-08 10:22:42,299 | INFO | watchfiles.main | 1 change detected
2026-07-08 10:22:42,703 | INFO | watchfiles.main | 1 change detected
2026-07-08 10:22:43,121 | INFO | watchfiles.main | 1 change detected
2026-07-08 10:22:43,535 | INFO | watchfiles.main | 1 change detected
2026-07-08 10:22:43,944 | INFO | watchfiles.main | 1 change detected
2026-07-08 10:22:44,354 | INFO | watchfiles.main | 1 change detected
2026-07-08 10:22:44,769 | INFO | watchfiles.main | 1 change detected
2026-07-08 10:22:45,185 | INFO | watchfiles.main | 1 change detected
2026-07-08 10:22:45,551 | INFO | watchfiles.main | 1 change detected
2026-07-08 10:22:45,953 | INFO | watchfiles.main | 1 change detected
2026-07-08 10:22:46,356 | INFO | watchfiles.main | 1 change detected
2026-07-08 10:22:46,764 | INFO | watchfiles.main | 1 change detected
2026-07-08 10:22:47,175 | INFO | watchfiles.main | 1 change detected
2026-07-08 10:22:47,591 | INFO | watchfiles.main | 1 change detected
2026-07-08 10:22:48,009 | INFO | watchfiles.main | 1 change detected
2026-07-08 10:22:48,375 | INFO | watchfiles.main | 1 change detected
2026-07-08 10:22:48,712 | INFO | lmsguard.requests | GET /platform/notifications -> 401 2.27ms
2026-07-08 10:22:48,784 | INFO | watchfiles.main | 1 change detected
2026-07-08 10:22:49,191 | INFO | watchfiles.main | 1 change detected
2026-07-08 10:22:49,600 | INFO | watchfiles.main | 1 change detected
2026-07-08 10:22:50,020 | INFO | watchfiles.main | 1 change detected
2026-07-08 10:22:50,376 | INFO | watchfiles.main | 1 change detected
2026-07-08 10:22:50,793 | INFO | watchfiles.main | 1 change detected
2026-07-08 10:22:51,203 | INFO | watchfiles.main | 1 change detected
2026-07-08 10:22:51,608 | INFO | watchfiles.main | 1 change detected
2026-07-08 10:22:52,020 | INFO | watchfiles.main | 1 change detected
2026-07-08 10:22:52,384 | INFO | watchfiles.main | 1 change detected
2026-07-08 10:22:52,838 | INFO | watchfiles.main | 1 change detected
2026-07-08 10:22:53,252 | INFO | watchfiles.main | 1 change detected
2026-07-08 10:22:53,610 | INFO | watchfiles.main | 1 change detected
2026-07-08 10:22:54,071 | INFO | watchfiles.main | 1 change detected
2026-07-08 10:22:54,432 | INFO | watchfiles.main | 1 change detected
2026-07-08 10:22:54,834 | INFO | watchfiles.main | 1 change detected
2026-07-08 10:22:55,244 | INFO | watchfiles.main | 1 change detected
2026-07-08 10:22:55,655 | INFO | watchfiles.main | 1 change detected
2026-07-08 10:22:56,060 | INFO | watchfiles.main | 1 change detected
2026-07-08 10:22:56,465 | INFO | watchfiles.main | 1 change detected
2026-07-08 10:22:56,871 | INFO | watchfiles.main | 1 change detected
2026-07-08 10:22:57,274 | INFO | watchfiles.main | 1 change detected
2026-07-08 10:22:57,690 | INFO | watchfiles.main | 1 change detected
2026-07-08 10:22:58,106 | INFO | watchfiles.main | 1 change detected
2026-07-08 10:22:58,517 | INFO | watchfiles.main | 1 change detected
2026-07-08 10:22:58,927 | INFO | watchfiles.main | 1 change detected
2026-07-08 10:22:59,337 | INFO | watchfiles.main | 1 change detected
2026-07-08 10:22:59,754 | INFO | watchfiles.main | 1 change detected
2026-07-08 10:23:00,163 | INFO | watchfiles.main | 1 change detected
2026-07-08 10:23:00,570 | INFO | watchfiles.main | 1 change detected
2026-07-08 10:23:00,930 | INFO | watchfiles.main | 1 change detected
2026-07-08 10:23:01,336 | INFO | watchfiles.main | 1 change detected
2026-07-08 10:23:01,755 | INFO | watchfiles.main | 1 change detected
2026-07-08 10:23:02,168 | INFO | watchfiles.main | 1 change detected
2026-07-08 10:23:02,582 | INFO | watchfiles.main | 1 change detected
2026-07-08 10:23:02,949 | INFO | watchfiles.main | 1 change detected
2026-07-08 10:23:03,352 | INFO | watchfiles.main | 1 change detected
2026-07-08 10:23:03,776 | INFO | watchfiles.main | 1 change detected
2026-07-08 10:23:04,178 | INFO | watchfiles.main | 1 change detected
2026-07-08 10:23:04,581 | INFO | watchfiles.main | 1 change detected
2026-07-08 10:23:04,998 | INFO | watchfiles.main | 1 change detected
2026-07-08 10:23:05,409 | INFO | watchfiles.main | 1 change detected
2026-07-08 10:23:05,820 | INFO | watchfiles.main | 1 change detected
2026-07-08 10:23:06,183 | INFO | watchfiles.main | 1 change detected
2026-07-08 10:23:06,587 | INFO | watchfiles.main | 1 change detected
2026-07-08 10:23:06,994 | INFO | watchfiles.main | 1 change detected
2026-07-08 10:23:07,447 | INFO | watchfiles.main | 1 change detected
2026-07-08 10:23:07,811 | INFO | watchfiles.main | 1 change detected
2026-07-08 10:23:08,273 | INFO | watchfiles.main | 1 change detected
2026-07-08 10:23:08,629 | INFO | watchfiles.main | 1 change detected
2026-07-08 10:23:09,041 | INFO | watchfiles.main | 1 change detected
2026-07-08 10:23:09,451 | INFO | watchfiles.main | 1 change detected
2026-07-08 10:23:09,867 | INFO | watchfiles.main | 1 change detected
2026-07-08 10:23:10,280 | INFO | watchfiles.main | 1 change detected
2026-07-08 10:23:10,689 | INFO | watchfiles.main | 1 change detected
2026-07-08 10:23:11,100 | INFO | watchfiles.main | 1 change detected
2026-07-08 10:23:11,507 | INFO | watchfiles.main | 1 change detected
2026-07-08 10:23:11,923 | INFO | watchfiles.main | 1 change detected
2026-07-08 10:23:12,341 | INFO | watchfiles.main | 1 change detected
2026-07-08 10:23:12,751 | INFO | watchfiles.main | 1 change detected
2026-07-08 10:23:13,158 | INFO | watchfiles.main | 1 change detected
2026-07-08 10:23:13,562 | INFO | watchfiles.main | 1 change detected
2026-07-08 10:23:13,972 | INFO | watchfiles.main | 1 change detected
2026-07-08 10:23:14,383 | INFO | watchfiles.main | 1 change detected
2026-07-08 10:23:14,792 | INFO | watchfiles.main | 1 change detected
2026-07-08 10:23:15,159 | INFO | watchfiles.main | 1 change detected
2026-07-08 10:23:15,562 | INFO | watchfiles.main | 1 change detected
2026-07-08 10:23:15,979 | INFO | watchfiles.main | 1 change detected
2026-07-08 10:23:16,397 | INFO | watchfiles.main | 1 change detected
2026-07-08 10:23:16,760 | INFO | watchfiles.main | 1 change detected
2026-07-08 10:23:17,166 | INFO | watchfiles.main | 1 change detected
2026-07-08 10:23:17,576 | INFO | watchfiles.main | 1 change detected
2026-07-08 10:23:17,997 | INFO | watchfiles.main | 1 change detected
2026-07-08 10:23:18,351 | INFO | watchfiles.main | 1 change detected
2026-07-08 10:23:18,754 | INFO | watchfiles.main | 1 change detected
2026-07-08 10:23:19,165 | INFO | watchfiles.main | 1 change detected
2026-07-08 10:23:19,571 | INFO | watchfiles.main | 1 change detected
2026-07-08 10:23:19,986 | INFO | watchfiles.main | 1 change detected
2026-07-08 10:23:20,402 | INFO | watchfiles.main | 1 change detected
2026-07-08 10:23:20,821 | INFO | watchfiles.main | 1 change detected
2026-07-08 10:23:21,227 | INFO | watchfiles.main | 1 change detected
2026-07-08 10:23:21,680 | INFO | watchfiles.main | 1 change detected
2026-07-08 10:23:22,050 | INFO | watchfiles.main | 1 change detected
2026-07-08 10:23:22,512 | INFO | watchfiles.main | 1 change detected
2026-07-08 10:23:22,920 | INFO | watchfiles.main | 1 change detected
2026-07-08 10:23:23,332 | INFO | watchfiles.main | 1 change detected
2026-07-08 10:23:23,741 | INFO | watchfiles.main | 1 change detected
2026-07-08 10:23:24,107 | INFO | watchfiles.main | 1 change detected
2026-07-08 10:23:24,519 | INFO | watchfiles.main | 1 change detected
2026-07-08 10:23:24,928 | INFO | watchfiles.main | 1 change detected
2026-07-08 10:23:25,380 | INFO | watchfiles.main | 1 change detected
2026-07-08 10:23:25,745 | INFO | watchfiles.main | 1 change detected
2026-07-08 10:23:26,156 | INFO | watchfiles.main | 1 change detected
2026-07-08 10:23:26,560 | INFO | watchfiles.main | 1 change detected
2026-07-08 10:23:26,975 | INFO | watchfiles.main | 1 change detected
2026-07-08 10:23:27,389 | INFO | watchfiles.main | 1 change detected
2026-07-08 10:23:27,802 | INFO | watchfiles.main | 1 change detected
2026-07-08 10:23:28,216 | INFO | watchfiles.main | 1 change detected
2026-07-08 10:23:28,640 | INFO | watchfiles.main | 1 change detected
2026-07-08 10:23:29,042 | INFO | watchfiles.main | 1 change detected
2026-07-08 10:23:29,446 | INFO | watchfiles.main | 1 change detected
2026-07-08 10:23:29,854 | INFO | watchfiles.main | 1 change detected
2026-07-08 10:23:30,262 | INFO | watchfiles.main | 1 change detected
2026-07-08 10:23:30,678 | INFO | watchfiles.main | 1 change detected
2026-07-08 10:23:31,132 | INFO | watchfiles.main | 1 change detected
2026-07-08 10:23:31,497 | INFO | watchfiles.main | 1 change detected
2026-07-08 10:23:31,903 | INFO | watchfiles.main | 1 change detected
2026-07-08 10:23:32,306 | INFO | watchfiles.main | 1 change detected
2026-07-08 10:23:32,716 | INFO | watchfiles.main | 1 change detected
2026-07-08 10:23:33,121 | INFO | watchfiles.main | 1 change detected
2026-07-08 10:23:33,526 | INFO | watchfiles.main | 1 change detected
2026-07-08 10:23:33,929 | INFO | watchfiles.main | 1 change detected
2026-07-08 10:23:34,332 | INFO | watchfiles.main | 1 change detected
2026-07-08 10:23:34,749 | INFO | watchfiles.main | 1 change detected
2026-07-08 10:23:35,168 | INFO | watchfiles.main | 1 change detected
2026-07-08 10:23:35,570 | INFO | watchfiles.main | 1 change detected
2026-07-08 10:23:35,980 | INFO | watchfiles.main | 1 change detected
2026-07-08 10:23:36,389 | INFO | watchfiles.main | 1 change detected
2026-07-08 10:23:36,800 | INFO | watchfiles.main | 1 change detected
2026-07-08 10:23:37,209 | INFO | watchfiles.main | 1 change detected
2026-07-08 10:23:37,633 | INFO | watchfiles.main | 1 change detected
2026-07-08 10:23:38,049 | INFO | watchfiles.main | 1 change detected
2026-07-08 10:23:38,465 | INFO | watchfiles.main | 1 change detected
2026-07-08 10:23:38,868 | INFO | watchfiles.main | 1 change detected
2026-07-08 10:23:39,280 | INFO | watchfiles.main | 1 change detected
2026-07-08 10:23:39,687 | INFO | watchfiles.main | 1 change detected
2026-07-08 10:23:40,100 | INFO | watchfiles.main | 1 change detected
2026-07-08 10:23:40,502 | INFO | watchfiles.main | 1 change detected
2026-07-08 10:23:40,913 | INFO | watchfiles.main | 1 change detected
2026-07-08 10:23:41,280 | INFO | watchfiles.main | 1 change detected
2026-07-08 10:23:41,700 | INFO | watchfiles.main | 1 change detected
2026-07-08 10:23:42,116 | INFO | watchfiles.main | 1 change detected
2026-07-08 10:23:42,525 | INFO | watchfiles.main | 1 change detected
2026-07-08 10:23:42,894 | INFO | watchfiles.main | 1 change detected
2026-07-08 10:23:43,304 | INFO | watchfiles.main | 1 change detected
2026-07-08 10:23:43,721 | INFO | watchfiles.main | 1 change detected
2026-07-08 10:23:44,137 | INFO | watchfiles.main | 1 change detected
2026-07-08 10:23:44,555 | INFO | watchfiles.main | 1 change detected
2026-07-08 10:23:44,914 | INFO | watchfiles.main | 1 change detected
2026-07-08 10:23:45,317 | INFO | watchfiles.main | 1 change detected
2026-07-08 10:23:45,728 | INFO | watchfiles.main | 1 change detected
2026-07-08 10:23:46,134 | INFO | watchfiles.main | 1 change detected
2026-07-08 10:23:46,544 | INFO | watchfiles.main | 1 change detected
2026-07-08 10:23:46,953 | INFO | watchfiles.main | 1 change detected
2026-07-08 10:23:47,371 | INFO | watchfiles.main | 1 change detected
2026-07-08 10:23:47,736 | INFO | watchfiles.main | 1 change detected
2026-07-08 10:23:48,150 | INFO | watchfiles.main | 1 change detected
2026-07-08 10:23:48,553 | INFO | watchfiles.main | 1 change detected
2026-07-08 10:23:48,970 | INFO | watchfiles.main | 1 change detected
2026-07-08 10:23:49,030 | INFO | lmsguard.requests | OPTIONS /platform/notifications -> 200 0.52ms
2026-07-08 10:23:49,034 | INFO | lmsguard.requests | GET /platform/notifications -> 401 5.02ms
2026-07-08 10:23:49,329 | INFO | watchfiles.main | 1 change detected
2026-07-08 10:23:49,682 | INFO | watchfiles.main | 1 change detected
2026-07-08 10:23:50,045 | INFO | watchfiles.main | 1 change detected
2026-07-08 10:23:50,407 | INFO | watchfiles.main | 1 change detected
2026-07-08 10:23:50,770 | INFO | watchfiles.main | 1 change detected
2026-07-08 10:23:51,122 | INFO | watchfiles.main | 1 change detected
2026-07-08 10:23:51,476 | INFO | watchfiles.main | 1 change detected
2026-07-08 10:23:51,832 | INFO | watchfiles.main | 1 change detected
2026-07-08 10:23:52,241 | INFO | watchfiles.main | 1 change detected
2026-07-08 10:23:52,652 | INFO | watchfiles.main | 1 change detected
2026-07-08 10:23:53,065 | INFO | watchfiles.main | 1 change detected
2026-07-08 10:23:53,483 | INFO | watchfiles.main | 1 change detected
2026-07-08 10:23:53,894 | INFO | watchfiles.main | 1 change detected
2026-07-08 10:23:54,260 | INFO | watchfiles.main | 1 change detected
2026-07-08 10:23:54,721 | INFO | watchfiles.main | 1 change detected
2026-07-08 10:23:55,089 | INFO | watchfiles.main | 1 change detected
2026-07-08 10:23:55,498 | INFO | watchfiles.main | 1 change detected
2026-07-08 10:23:55,908 | INFO | watchfiles.main | 1 change detected
2026-07-08 10:23:56,316 | INFO | watchfiles.main | 1 change detected
2026-07-08 10:23:56,732 | INFO | watchfiles.main | 1 change detected
2026-07-08 10:23:57,152 | INFO | watchfiles.main | 1 change detected
2026-07-08 10:23:57,565 | INFO | watchfiles.main | 1 change detected
2026-07-08 10:23:57,983 | INFO | watchfiles.main | 1 change detected
2026-07-08 10:23:58,342 | INFO | watchfiles.main | 1 change detected
2026-07-08 10:23:58,796 | INFO | watchfiles.main | 1 change detected
2026-07-08 10:23:59,163 | INFO | watchfiles.main | 1 change detected
2026-07-08 10:23:59,573 | INFO | watchfiles.main | 1 change detected
2026-07-08 10:23:59,983 | INFO | watchfiles.main | 1 change detected
2026-07-08 10:24:00,399 | INFO | watchfiles.main | 1 change detected
2026-07-08 10:24:00,808 | INFO | watchfiles.main | 1 change detected
2026-07-08 10:24:01,173 | INFO | watchfiles.main | 1 change detected
2026-07-08 10:24:01,577 | INFO | watchfiles.main | 1 change detected
2026-07-08 10:24:01,987 | INFO | watchfiles.main | 1 change detected
2026-07-08 10:24:02,448 | INFO | watchfiles.main | 1 change detected
2026-07-08 10:24:02,809 | INFO | watchfiles.main | 1 change detected
2026-07-08 10:24:03,213 | INFO | watchfiles.main | 1 change detected
2026-07-08 10:24:03,620 | INFO | watchfiles.main | 1 change detected
2026-07-08 10:24:04,023 | INFO | watchfiles.main | 1 change detected
2026-07-08 10:24:04,426 | INFO | watchfiles.main | 1 change detected
2026-07-08 10:24:04,835 | INFO | watchfiles.main | 1 change detected
2026-07-08 10:24:05,200 | INFO | watchfiles.main | 1 change detected
2026-07-08 10:24:05,613 | INFO | watchfiles.main | 1 change detected
2026-07-08 10:24:06,030 | INFO | watchfiles.main | 1 change detected
2026-07-08 10:24:06,439 | INFO | watchfiles.main | 1 change detected
2026-07-08 10:24:06,847 | INFO | watchfiles.main | 1 change detected
2026-07-08 10:24:07,261 | INFO | watchfiles.main | 1 change detected
2026-07-08 10:24:07,623 | INFO | watchfiles.main | 1 change detected
2026-07-08 10:24:08,041 | INFO | watchfiles.main | 1 change detected
2026-07-08 10:24:08,449 | INFO | watchfiles.main | 1 change detected
2026-07-08 10:24:08,919 | INFO | watchfiles.main | 1 change detected
2026-07-08 10:24:09,273 | INFO | watchfiles.main | 1 change detected
2026-07-08 10:24:09,676 | INFO | watchfiles.main | 1 change detected
2026-07-08 10:24:10,090 | INFO | watchfiles.main | 1 change detected
2026-07-08 10:24:10,493 | INFO | watchfiles.main | 1 change detected
2026-07-08 10:24:10,904 | INFO | watchfiles.main | 1 change detected
2026-07-08 10:24:11,308 | INFO | watchfiles.main | 1 change detected
2026-07-08 10:24:11,726 | INFO | watchfiles.main | 1 change detected
2026-07-08 10:24:12,141 | INFO | watchfiles.main | 1 change detected
2026-07-08 10:24:12,502 | INFO | watchfiles.main | 1 change detected
2026-07-08 10:24:12,911 | INFO | watchfiles.main | 1 change detected
2026-07-08 10:24:13,327 | INFO | watchfiles.main | 1 change detected
2026-07-08 10:24:13,743 | INFO | watchfiles.main | 1 change detected
2026-07-08 10:24:14,152 | INFO | watchfiles.main | 1 change detected
2026-07-08 10:24:14,560 | INFO | watchfiles.main | 1 change detected
2026-07-08 10:24:14,969 | INFO | watchfiles.main | 1 change detected
2026-07-08 10:24:15,379 | INFO | watchfiles.main | 1 change detected
2026-07-08 10:24:15,797 | INFO | watchfiles.main | 1 change detected
2026-07-08 10:24:16,165 | INFO | watchfiles.main | 1 change detected
2026-07-08 10:24:16,578 | INFO | watchfiles.main | 1 change detected
2026-07-08 10:24:16,988 | INFO | watchfiles.main | 1 change detected
2026-07-08 10:24:17,390 | INFO | watchfiles.main | 1 change detected
2026-07-08 10:24:17,804 | INFO | watchfiles.main | 1 change detected
2026-07-08 10:24:18,221 | INFO | watchfiles.main | 1 change detected
2026-07-08 10:24:18,632 | INFO | watchfiles.main | 1 change detected
2026-07-08 10:24:19,051 | INFO | watchfiles.main | 1 change detected
2026-07-08 10:24:19,408 | INFO | watchfiles.main | 1 change detected
2026-07-08 10:24:19,813 | INFO | watchfiles.main | 1 change detected
2026-07-08 10:24:20,220 | INFO | watchfiles.main | 1 change detected
2026-07-08 10:24:20,637 | INFO | watchfiles.main | 1 change detected
2026-07-08 10:24:21,055 | INFO | watchfiles.main | 1 change detected
2026-07-08 10:24:21,458 | INFO | watchfiles.main | 1 change detected
2026-07-08 10:24:21,876 | INFO | watchfiles.main | 1 change detected
2026-07-08 10:24:22,241 | INFO | watchfiles.main | 1 change detected
2026-07-08 10:24:22,653 | INFO | watchfiles.main | 1 change detected
2026-07-08 10:24:23,062 | INFO | watchfiles.main | 1 change detected
2026-07-08 10:24:23,478 | INFO | watchfiles.main | 1 change detected
2026-07-08 10:24:23,888 | INFO | watchfiles.main | 1 change detected
2026-07-08 10:24:24,305 | INFO | watchfiles.main | 1 change detected
2026-07-08 10:24:24,722 | INFO | watchfiles.main | 1 change detected
2026-07-08 10:24:25,090 | INFO | watchfiles.main | 1 change detected
2026-07-08 10:24:25,501 | INFO | watchfiles.main | 1 change detected
2026-07-08 10:24:25,907 | INFO | watchfiles.main | 1 change detected
2026-07-08 10:24:26,324 | INFO | watchfiles.main | 1 change detected
2026-07-08 10:24:26,693 | INFO | watchfiles.main | 1 change detected
2026-07-08 10:24:27,101 | INFO | watchfiles.main | 1 change detected
2026-07-08 10:24:27,510 | INFO | watchfiles.main | 1 change detected
2026-07-08 10:24:27,876 | INFO | watchfiles.main | 1 change detected
2026-07-08 10:24:28,287 | INFO | watchfiles.main | 1 change detected
2026-07-08 10:24:28,702 | INFO | watchfiles.main | 1 change detected
2026-07-08 10:24:29,122 | INFO | watchfiles.main | 1 change detected
2026-07-08 10:24:29,532 | INFO | watchfiles.main | 1 change detected
2026-07-08 10:24:29,944 | INFO | watchfiles.main | 1 change detected
2026-07-08 10:24:30,358 | INFO | watchfiles.main | 1 change detected
2026-07-08 10:24:30,718 | INFO | watchfiles.main | 1 change detected
2026-07-08 10:24:31,171 | INFO | watchfiles.main | 1 change detected
2026-07-08 10:24:31,527 | INFO | watchfiles.main | 1 change detected
2026-07-08 10:24:31,931 | INFO | watchfiles.main | 1 change detected
2026-07-08 10:24:32,344 | INFO | watchfiles.main | 1 change detected
2026-07-08 10:24:32,762 | INFO | watchfiles.main | 1 change detected
2026-07-08 10:24:33,178 | INFO | watchfiles.main | 1 change detected
2026-07-08 10:24:33,591 | INFO | watchfiles.main | 1 change detected
2026-07-08 10:24:34,004 | INFO | watchfiles.main | 1 change detected
2026-07-08 10:24:34,415 | INFO | watchfiles.main | 1 change detected
2026-07-08 10:24:34,822 | INFO | watchfiles.main | 1 change detected
2026-07-08 10:24:35,284 | INFO | watchfiles.main | 1 change detected
2026-07-08 10:24:35,640 | INFO | watchfiles.main | 1 change detected
2026-07-08 10:24:36,042 | INFO | watchfiles.main | 1 change detected
2026-07-08 10:24:36,456 | INFO | watchfiles.main | 1 change detected
2026-07-08 10:24:36,865 | INFO | watchfiles.main | 1 change detected
2026-07-08 10:24:37,276 | INFO | watchfiles.main | 1 change detected
2026-07-08 10:24:37,686 | INFO | watchfiles.main | 1 change detected
2026-07-08 10:24:38,105 | INFO | watchfiles.main | 1 change detected
2026-07-08 10:24:38,519 | INFO | watchfiles.main | 1 change detected
2026-07-08 10:24:38,921 | INFO | watchfiles.main | 1 change detected
2026-07-08 10:24:39,334 | INFO | watchfiles.main | 1 change detected
2026-07-08 10:24:39,739 | INFO | watchfiles.main | 1 change detected
2026-07-08 10:24:40,105 | INFO | watchfiles.main | 1 change detected
2026-07-08 10:24:40,558 | INFO | watchfiles.main | 1 change detected
2026-07-08 10:24:40,963 | INFO | watchfiles.main | 1 change detected
2026-07-08 10:24:41,323 | INFO | watchfiles.main | 1 change detected
2026-07-08 10:24:41,738 | INFO | watchfiles.main | 1 change detected
2026-07-08 10:24:42,148 | INFO | watchfiles.main | 1 change detected
2026-07-08 10:24:42,565 | INFO | watchfiles.main | 1 change detected
2026-07-08 10:24:42,983 | INFO | watchfiles.main | 1 change detected
2026-07-08 10:24:43,340 | INFO | watchfiles.main | 1 change detected
2026-07-08 10:24:43,746 | INFO | watchfiles.main | 1 change detected
2026-07-08 10:24:44,156 | INFO | watchfiles.main | 1 change detected
2026-07-08 10:24:44,572 | INFO | watchfiles.main | 1 change detected
2026-07-08 10:24:44,982 | INFO | watchfiles.main | 1 change detected
2026-07-08 10:24:45,393 | INFO | watchfiles.main | 1 change detected
2026-07-08 10:24:45,760 | INFO | watchfiles.main | 1 change detected
2026-07-08 10:24:46,171 | INFO | watchfiles.main | 1 change detected
2026-07-08 10:24:46,581 | INFO | watchfiles.main | 1 change detected
2026-07-08 10:24:46,993 | INFO | watchfiles.main | 1 change detected
2026-07-08 10:24:47,411 | INFO | watchfiles.main | 1 change detected
2026-07-08 10:24:47,826 | INFO | watchfiles.main | 1 change detected
2026-07-08 10:24:48,237 | INFO | watchfiles.main | 1 change detected
2026-07-08 10:24:48,641 | INFO | watchfiles.main | 1 change detected
2026-07-08 10:24:48,712 | INFO | lmsguard.requests | GET /platform/notifications -> 401 3.34ms
2026-07-08 10:24:48,998 | INFO | watchfiles.main | 1 change detected
2026-07-08 10:24:49,351 | INFO | watchfiles.main | 1 change detected
2026-07-08 10:24:49,709 | INFO | watchfiles.main | 1 change detected
2026-07-08 10:24:50,062 | INFO | watchfiles.main | 1 change detected
2026-07-08 10:24:50,415 | INFO | watchfiles.main | 1 change detected
2026-07-08 10:24:50,824 | INFO | watchfiles.main | 1 change detected
2026-07-08 10:24:51,229 | INFO | watchfiles.main | 1 change detected
2026-07-08 10:24:51,646 | INFO | watchfiles.main | 1 change detected
2026-07-08 10:24:52,051 | INFO | watchfiles.main | 1 change detected
2026-07-08 10:24:52,453 | INFO | watchfiles.main | 1 change detected
2026-07-08 10:24:52,858 | INFO | watchfiles.main | 1 change detected
2026-07-08 10:24:53,210 | INFO | watchfiles.main | 1 change detected
2026-07-08 10:24:53,615 | INFO | watchfiles.main | 1 change detected
2026-07-08 10:24:54,028 | INFO | watchfiles.main | 1 change detected
2026-07-08 10:24:54,431 | INFO | watchfiles.main | 1 change detected
2026-07-08 10:24:54,835 | INFO | watchfiles.main | 1 change detected
2026-07-08 10:24:55,239 | INFO | watchfiles.main | 1 change detected
2026-07-08 10:24:55,643 | INFO | watchfiles.main | 1 change detected
2026-07-08 10:24:56,051 | INFO | watchfiles.main | 1 change detected
2026-07-08 10:24:56,454 | INFO | watchfiles.main | 1 change detected
2026-07-08 10:24:56,859 | INFO | watchfiles.main | 1 change detected
2026-07-08 10:24:57,275 | INFO | watchfiles.main | 1 change detected
2026-07-08 10:24:57,679 | INFO | watchfiles.main | 1 change detected
2026-07-08 10:24:58,083 | INFO | watchfiles.main | 1 change detected
2026-07-08 10:24:58,490 | INFO | watchfiles.main | 1 change detected
2026-07-08 10:24:58,893 | INFO | watchfiles.main | 1 change detected
2026-07-08 10:24:59,301 | INFO | watchfiles.main | 1 change detected
2026-07-08 10:24:59,717 | INFO | watchfiles.main | 1 change detected
2026-07-08 10:25:00,137 | INFO | watchfiles.main | 1 change detected
2026-07-08 10:25:00,491 | INFO | watchfiles.main | 1 change detected
2026-07-08 10:25:00,898 | INFO | watchfiles.main | 1 change detected
2026-07-08 10:25:01,303 | INFO | watchfiles.main | 1 change detected
2026-07-08 10:25:01,708 | INFO | watchfiles.main | 1 change detected
2026-07-08 10:25:02,110 | INFO | watchfiles.main | 1 change detected
2026-07-08 10:25:02,515 | INFO | watchfiles.main | 1 change detected
2026-07-08 10:25:02,918 | INFO | watchfiles.main | 1 change detected
2026-07-08 10:25:03,284 | INFO | watchfiles.main | 1 change detected
2026-07-08 10:25:03,692 | INFO | watchfiles.main | 1 change detected
2026-07-08 10:25:04,099 | INFO | watchfiles.main | 1 change detected
2026-07-08 10:25:04,501 | INFO | watchfiles.main | 1 change detected
2026-07-08 10:25:04,907 | INFO | watchfiles.main | 1 change detected
2026-07-08 10:25:05,316 | INFO | watchfiles.main | 1 change detected
2026-07-08 10:25:05,721 | INFO | watchfiles.main | 1 change detected
2026-07-08 10:25:06,132 | INFO | watchfiles.main | 1 change detected
2026-07-08 10:25:06,537 | INFO | watchfiles.main | 1 change detected
2026-07-08 10:25:06,943 | INFO | watchfiles.main | 1 change detected
2026-07-08 10:25:07,347 | INFO | watchfiles.main | 1 change detected
2026-07-08 10:25:07,705 | INFO | watchfiles.main | 1 change detected
2026-07-08 10:25:08,109 | INFO | watchfiles.main | 1 change detected
2026-07-08 10:25:08,517 | INFO | watchfiles.main | 1 change detected
2026-07-08 10:25:08,926 | INFO | watchfiles.main | 1 change detected
2026-07-08 10:25:09,329 | INFO | watchfiles.main | 1 change detected
2026-07-08 10:25:09,684 | INFO | watchfiles.main | 1 change detected
2026-07-08 10:25:10,092 | INFO | watchfiles.main | 1 change detected
2026-07-08 10:25:10,496 | INFO | watchfiles.main | 1 change detected
2026-07-08 10:25:10,909 | INFO | watchfiles.main | 1 change detected
2026-07-08 10:25:11,316 | INFO | watchfiles.main | 1 change detected
2026-07-08 10:25:11,720 | INFO | watchfiles.main | 1 change detected
2026-07-08 10:25:12,123 | INFO | watchfiles.main | 1 change detected
2026-07-08 10:25:12,529 | INFO | watchfiles.main | 1 change detected
2026-07-08 10:25:12,933 | INFO | watchfiles.main | 1 change detected
2026-07-08 10:25:13,339 | INFO | watchfiles.main | 1 change detected
2026-07-08 10:25:13,693 | INFO | watchfiles.main | 1 change detected
2026-07-08 10:25:14,102 | INFO | watchfiles.main | 1 change detected
2026-07-08 10:25:14,505 | INFO | watchfiles.main | 1 change detected
2026-07-08 10:25:14,911 | INFO | watchfiles.main | 1 change detected
2026-07-08 10:25:15,318 | INFO | watchfiles.main | 1 change detected
2026-07-08 10:25:15,724 | INFO | watchfiles.main | 1 change detected
2026-07-08 10:25:16,081 | INFO | watchfiles.main | 1 change detected
2026-07-08 10:25:16,499 | INFO | watchfiles.main | 1 change detected
2026-07-08 10:25:16,906 | INFO | watchfiles.main | 1 change detected
2026-07-08 10:25:17,313 | INFO | watchfiles.main | 1 change detected
2026-07-08 10:25:17,678 | INFO | watchfiles.main | 1 change detected
2026-07-08 10:25:18,080 | INFO | watchfiles.main | 1 change detected
2026-07-08 10:25:18,482 | INFO | watchfiles.main | 1 change detected
2026-07-08 10:25:18,893 | INFO | watchfiles.main | 1 change detected
2026-07-08 10:25:19,297 | INFO | watchfiles.main | 1 change detected
2026-07-08 10:25:19,708 | INFO | watchfiles.main | 1 change detected
2026-07-08 10:25:20,110 | INFO | watchfiles.main | 1 change detected
2026-07-08 10:25:20,519 | INFO | watchfiles.main | 1 change detected
2026-07-08 10:25:20,925 | INFO | watchfiles.main | 1 change detected
2026-07-08 10:25:21,292 | INFO | watchfiles.main | 1 change detected
2026-07-08 10:25:21,697 | INFO | watchfiles.main | 1 change detected
2026-07-08 10:25:22,101 | INFO | watchfiles.main | 1 change detected
2026-07-08 10:25:22,505 | INFO | watchfiles.main | 1 change detected
2026-07-08 10:25:22,909 | INFO | watchfiles.main | 1 change detected
2026-07-08 10:25:23,318 | INFO | watchfiles.main | 1 change detected
2026-07-08 10:25:23,720 | INFO | watchfiles.main | 1 change detected
2026-07-08 10:25:24,122 | INFO | watchfiles.main | 1 change detected
2026-07-08 10:25:24,539 | INFO | watchfiles.main | 1 change detected
2026-07-08 10:25:24,898 | INFO | watchfiles.main | 1 change detected
2026-07-08 10:25:25,308 | INFO | watchfiles.main | 1 change detected
2026-07-08 10:25:25,709 | INFO | watchfiles.main | 1 change detected
2026-07-08 10:25:26,114 | INFO | watchfiles.main | 1 change detected
2026-07-08 10:25:26,475 | INFO | watchfiles.main | 1 change detected
2026-07-08 10:25:26,881 | INFO | watchfiles.main | 1 change detected
2026-07-08 10:25:27,291 | INFO | watchfiles.main | 1 change detected
2026-07-08 10:25:27,650 | INFO | watchfiles.main | 1 change detected
2026-07-08 10:25:28,106 | INFO | watchfiles.main | 1 change detected
2026-07-08 10:25:28,516 | INFO | watchfiles.main | 1 change detected
2026-07-08 10:25:28,921 | INFO | watchfiles.main | 1 change detected
2026-07-08 10:25:29,276 | INFO | watchfiles.main | 1 change detected
2026-07-08 10:25:29,690 | INFO | watchfiles.main | 1 change detected
2026-07-08 10:25:30,095 | INFO | watchfiles.main | 1 change detected
2026-07-08 10:25:30,505 | INFO | watchfiles.main | 1 change detected
2026-07-08 10:25:30,914 | INFO | watchfiles.main | 1 change detected
2026-07-08 10:25:31,279 | INFO | watchfiles.main | 1 change detected
2026-07-08 10:25:31,689 | INFO | watchfiles.main | 1 change detected
2026-07-08 10:25:32,097 | INFO | watchfiles.main | 1 change detected
2026-07-08 10:25:32,509 | INFO | watchfiles.main | 1 change detected
2026-07-08 10:25:32,916 | INFO | watchfiles.main | 1 change detected
2026-07-08 10:25:33,323 | INFO | watchfiles.main | 1 change detected
2026-07-08 10:25:33,682 | INFO | watchfiles.main | 1 change detected
2026-07-08 10:25:34,095 | INFO | watchfiles.main | 1 change detected
2026-07-08 10:25:34,500 | INFO | watchfiles.main | 1 change detected
2026-07-08 10:25:34,906 | INFO | watchfiles.main | 1 change detected
2026-07-08 10:25:35,313 | INFO | watchfiles.main | 1 change detected
2026-07-08 10:25:35,671 | INFO | watchfiles.main | 1 change detected
2026-07-08 10:25:36,074 | INFO | watchfiles.main | 1 change detected
2026-07-08 10:25:36,479 | INFO | watchfiles.main | 1 change detected
2026-07-08 10:25:36,884 | INFO | watchfiles.main | 1 change detected
2026-07-08 10:25:37,298 | INFO | watchfiles.main | 1 change detected
2026-07-08 10:25:37,699 | INFO | watchfiles.main | 1 change detected
2026-07-08 10:25:38,106 | INFO | watchfiles.main | 1 change detected
2026-07-08 10:25:38,514 | INFO | watchfiles.main | 1 change detected
2026-07-08 10:25:38,917 | INFO | watchfiles.main | 1 change detected
2026-07-08 10:25:39,322 | INFO | watchfiles.main | 1 change detected
2026-07-08 10:25:39,738 | INFO | watchfiles.main | 1 change detected
2026-07-08 10:25:40,145 | INFO | watchfiles.main | 1 change detected
2026-07-08 10:25:40,498 | INFO | watchfiles.main | 1 change detected
2026-07-08 10:25:40,906 | INFO | watchfiles.main | 1 change detected
2026-07-08 10:25:41,315 | INFO | watchfiles.main | 1 change detected
2026-07-08 10:25:41,725 | INFO | watchfiles.main | 1 change detected
2026-07-08 10:25:42,133 | INFO | watchfiles.main | 1 change detected
2026-07-08 10:25:42,537 | INFO | watchfiles.main | 1 change detected
2026-07-08 10:25:42,891 | INFO | watchfiles.main | 1 change detected
2026-07-08 10:25:43,300 | INFO | watchfiles.main | 1 change detected
2026-07-08 10:25:43,706 | INFO | watchfiles.main | 1 change detected
2026-07-08 10:25:44,114 | INFO | watchfiles.main | 1 change detected
2026-07-08 10:25:44,473 | INFO | watchfiles.main | 1 change detected
2026-07-08 10:25:44,875 | INFO | watchfiles.main | 1 change detected
2026-07-08 10:25:45,280 | INFO | watchfiles.main | 1 change detected
2026-07-08 10:25:45,696 | INFO | watchfiles.main | 1 change detected
2026-07-08 10:25:46,101 | INFO | watchfiles.main | 1 change detected
2026-07-08 10:25:46,508 | INFO | watchfiles.main | 1 change detected
2026-07-08 10:25:46,914 | INFO | watchfiles.main | 1 change detected
2026-07-08 10:25:47,317 | INFO | watchfiles.main | 1 change detected
2026-07-08 10:25:47,724 | INFO | watchfiles.main | 1 change detected
2026-07-08 10:25:48,136 | INFO | watchfiles.main | 1 change detected
2026-07-08 10:25:48,490 | INFO | watchfiles.main | 1 change detected
2026-07-08 10:25:48,901 | INFO | watchfiles.main | 1 change detected
2026-07-08 10:25:49,006 | INFO | lmsguard.requests | GET /platform/notifications -> 401 1.45ms
2026-07-08 10:25:49,257 | INFO | watchfiles.main | 1 change detected
2026-07-08 10:25:49,613 | INFO | watchfiles.main | 1 change detected
2026-07-08 10:25:49,973 | INFO | watchfiles.main | 1 change detected
2026-07-08 10:25:50,330 | INFO | watchfiles.main | 1 change detected
2026-07-08 10:25:50,684 | INFO | watchfiles.main | 1 change detected
2026-07-08 10:25:51,094 | INFO | watchfiles.main | 1 change detected
2026-07-08 10:25:51,499 | INFO | watchfiles.main | 1 change detected
2026-07-08 10:25:51,904 | INFO | watchfiles.main | 1 change detected
2026-07-08 10:25:52,312 | INFO | watchfiles.main | 1 change detected
2026-07-08 10:25:52,666 | INFO | watchfiles.main | 1 change detected
2026-07-08 10:25:53,069 | INFO | watchfiles.main | 1 change detected
2026-07-08 10:25:53,484 | INFO | watchfiles.main | 1 change detected
2026-07-08 10:25:53,890 | INFO | watchfiles.main | 1 change detected
2026-07-08 10:25:54,298 | INFO | watchfiles.main | 1 change detected
2026-07-08 10:25:54,703 | INFO | watchfiles.main | 1 change detected
2026-07-08 10:25:55,105 | INFO | watchfiles.main | 1 change detected
2026-07-08 10:25:55,511 | INFO | watchfiles.main | 1 change detected
2026-07-08 10:25:55,870 | INFO | watchfiles.main | 1 change detected
2026-07-08 10:25:56,277 | INFO | watchfiles.main | 1 change detected
2026-07-08 10:25:56,680 | INFO | watchfiles.main | 1 change detected
2026-07-08 10:25:57,082 | INFO | watchfiles.main | 1 change detected
2026-07-08 10:25:57,485 | INFO | watchfiles.main | 1 change detected
2026-07-08 10:25:57,895 | INFO | watchfiles.main | 1 change detected
2026-07-08 10:25:58,306 | INFO | watchfiles.main | 1 change detected
2026-07-08 10:25:58,662 | INFO | watchfiles.main | 1 change detected
2026-07-08 10:25:59,069 | INFO | watchfiles.main | 1 change detected
2026-07-08 10:25:59,480 | INFO | watchfiles.main | 1 change detected
2026-07-08 10:25:59,889 | INFO | watchfiles.main | 1 change detected
2026-07-08 10:26:00,294 | INFO | watchfiles.main | 1 change detected
2026-07-08 10:26:00,710 | INFO | watchfiles.main | 1 change detected
2026-07-08 10:26:01,117 | INFO | watchfiles.main | 1 change detected
2026-07-08 10:26:01,523 | INFO | watchfiles.main | 1 change detected
2026-07-08 10:26:01,928 | INFO | watchfiles.main | 1 change detected
2026-07-08 10:26:02,289 | INFO | watchfiles.main | 1 change detected
2026-07-08 10:26:02,700 | INFO | watchfiles.main | 1 change detected
2026-07-08 10:26:03,105 | INFO | watchfiles.main | 1 change detected
2026-07-08 10:26:03,512 | INFO | watchfiles.main | 1 change detected
2026-07-08 10:26:03,915 | INFO | watchfiles.main | 1 change detected
2026-07-08 10:26:04,322 | INFO | watchfiles.main | 1 change detected
2026-07-08 10:26:04,731 | INFO | watchfiles.main | 1 change detected
2026-07-08 10:26:05,136 | INFO | watchfiles.main | 1 change detected
2026-07-08 10:26:05,492 | INFO | watchfiles.main | 1 change detected
2026-07-08 10:26:05,902 | INFO | watchfiles.main | 1 change detected
2026-07-08 10:26:06,309 | INFO | watchfiles.main | 1 change detected
2026-07-08 10:26:06,719 | INFO | watchfiles.main | 1 change detected
2026-07-08 10:26:07,086 | INFO | watchfiles.main | 1 change detected
2026-07-08 10:26:07,491 | INFO | watchfiles.main | 1 change detected
2026-07-08 10:26:07,898 | INFO | watchfiles.main | 1 change detected
2026-07-08 10:26:08,303 | INFO | watchfiles.main | 1 change detected
2026-07-08 10:26:08,711 | INFO | watchfiles.main | 1 change detected
2026-07-08 10:26:09,068 | INFO | watchfiles.main | 1 change detected
2026-07-08 10:26:09,473 | INFO | watchfiles.main | 1 change detected
2026-07-08 10:26:09,882 | INFO | watchfiles.main | 1 change detected
2026-07-08 10:26:10,234 | INFO | watchfiles.main | 1 change detected
2026-07-08 10:26:10,641 | INFO | watchfiles.main | 1 change detected
2026-07-08 10:26:11,051 | INFO | watchfiles.main | 1 change detected
2026-07-08 10:26:11,456 | INFO | watchfiles.main | 1 change detected
2026-07-08 10:26:11,865 | INFO | watchfiles.main | 1 change detected
2026-07-08 10:26:12,277 | INFO | watchfiles.main | 1 change detected
2026-07-08 10:26:12,640 | INFO | watchfiles.main | 1 change detected
2026-07-08 10:26:13,096 | INFO | watchfiles.main | 1 change detected
2026-07-08 10:26:13,513 | INFO | watchfiles.main | 1 change detected
2026-07-08 10:26:13,916 | INFO | watchfiles.main | 1 change detected
2026-07-08 10:26:14,322 | INFO | watchfiles.main | 1 change detected
2026-07-08 10:26:14,676 | INFO | watchfiles.main | 1 change detected
2026-07-08 10:26:15,083 | INFO | watchfiles.main | 1 change detected
2026-07-08 10:26:15,499 | INFO | watchfiles.main | 1 change detected
2026-07-08 10:26:15,914 | INFO | watchfiles.main | 1 change detected
2026-07-08 10:26:16,316 | INFO | watchfiles.main | 1 change detected
2026-07-08 10:26:16,674 | INFO | watchfiles.main | 1 change detected
2026-07-08 10:26:17,078 | INFO | watchfiles.main | 1 change detected
2026-07-08 10:26:17,489 | INFO | watchfiles.main | 1 change detected
2026-07-08 10:26:17,893 | INFO | watchfiles.main | 1 change detected
2026-07-08 10:26:18,299 | INFO | watchfiles.main | 1 change detected
2026-07-08 10:26:18,702 | INFO | watchfiles.main | 1 change detected
2026-07-08 10:26:19,108 | INFO | watchfiles.main | 1 change detected
2026-07-08 10:26:19,464 | INFO | watchfiles.main | 1 change detected
2026-07-08 10:26:19,917 | INFO | watchfiles.main | 1 change detected
2026-07-08 10:26:20,322 | INFO | watchfiles.main | 1 change detected
2026-07-08 10:26:20,730 | INFO | watchfiles.main | 1 change detected
2026-07-08 10:26:21,136 | INFO | watchfiles.main | 1 change detected
2026-07-08 10:26:21,539 | INFO | watchfiles.main | 1 change detected
2026-07-08 10:26:21,897 | INFO | watchfiles.main | 1 change detected
2026-07-08 10:26:22,300 | INFO | watchfiles.main | 1 change detected
2026-07-08 10:26:22,706 | INFO | watchfiles.main | 1 change detected
2026-07-08 10:26:23,114 | INFO | watchfiles.main | 1 change detected
2026-07-08 10:26:23,471 | INFO | watchfiles.main | 1 change detected
2026-07-08 10:26:23,879 | INFO | watchfiles.main | 1 change detected
2026-07-08 10:26:24,282 | INFO | watchfiles.main | 1 change detected
2026-07-08 10:26:24,690 | INFO | watchfiles.main | 1 change detected
2026-07-08 10:26:25,094 | INFO | watchfiles.main | 1 change detected
2026-07-08 10:26:25,503 | INFO | watchfiles.main | 1 change detected
2026-07-08 10:26:25,910 | INFO | watchfiles.main | 1 change detected
2026-07-08 10:26:26,316 | INFO | watchfiles.main | 1 change detected
2026-07-08 10:26:26,719 | INFO | watchfiles.main | 1 change detected
2026-07-08 10:26:27,074 | INFO | watchfiles.main | 1 change detected
2026-07-08 10:26:27,481 | INFO | watchfiles.main | 1 change detected
2026-07-08 10:26:27,883 | INFO | watchfiles.main | 1 change detected
2026-07-08 10:26:28,297 | INFO | watchfiles.main | 1 change detected
2026-07-08 10:26:28,651 | INFO | watchfiles.main | 1 change detected
2026-07-08 10:26:29,060 | INFO | watchfiles.main | 1 change detected
2026-07-08 10:26:29,516 | INFO | watchfiles.main | 1 change detected
2026-07-08 10:26:29,873 | INFO | watchfiles.main | 1 change detected
2026-07-08 10:26:30,276 | INFO | watchfiles.main | 1 change detected
2026-07-08 10:26:30,682 | INFO | watchfiles.main | 1 change detected
2026-07-08 10:26:31,089 | INFO | watchfiles.main | 1 change detected
2026-07-08 10:26:31,495 | INFO | watchfiles.main | 1 change detected
2026-07-08 10:26:31,912 | INFO | watchfiles.main | 1 change detected
2026-07-08 10:26:32,317 | INFO | watchfiles.main | 1 change detected
2026-07-08 10:26:32,674 | INFO | watchfiles.main | 1 change detected
2026-07-08 10:26:33,095 | INFO | watchfiles.main | 1 change detected
2026-07-08 10:26:33,501 | INFO | watchfiles.main | 1 change detected
2026-07-08 10:26:33,914 | INFO | watchfiles.main | 1 change detected
2026-07-08 10:26:34,267 | INFO | watchfiles.main | 1 change detected
2026-07-08 10:26:34,676 | INFO | watchfiles.main | 1 change detected
2026-07-08 10:26:35,079 | INFO | watchfiles.main | 1 change detected
2026-07-08 10:26:35,483 | INFO | watchfiles.main | 1 change detected
2026-07-08 10:26:35,894 | INFO | watchfiles.main | 1 change detected
2026-07-08 10:26:36,297 | INFO | watchfiles.main | 1 change detected
2026-07-08 10:26:36,703 | INFO | watchfiles.main | 1 change detected
2026-07-08 10:26:37,115 | INFO | watchfiles.main | 1 change detected
2026-07-08 10:26:37,472 | INFO | watchfiles.main | 1 change detected
2026-07-08 10:26:37,884 | INFO | watchfiles.main | 1 change detected
2026-07-08 10:26:38,295 | INFO | watchfiles.main | 1 change detected
2026-07-08 10:26:38,699 | INFO | watchfiles.main | 1 change detected
2026-07-08 10:26:39,102 | INFO | watchfiles.main | 1 change detected
2026-07-08 10:26:39,506 | INFO | watchfiles.main | 1 change detected
2026-07-08 10:26:39,909 | INFO | watchfiles.main | 1 change detected
2026-07-08 10:26:40,313 | INFO | watchfiles.main | 1 change detected
2026-07-08 10:26:40,716 | INFO | watchfiles.main | 1 change detected
2026-07-08 10:26:41,082 | INFO | watchfiles.main | 1 change detected
2026-07-08 10:26:41,489 | INFO | watchfiles.main | 1 change detected
2026-07-08 10:26:41,894 | INFO | watchfiles.main | 1 change detected
2026-07-08 10:26:42,296 | INFO | watchfiles.main | 1 change detected
2026-07-08 10:26:42,702 | INFO | watchfiles.main | 1 change detected
2026-07-08 10:26:43,118 | INFO | watchfiles.main | 1 change detected
2026-07-08 10:26:43,522 | INFO | watchfiles.main | 1 change detected
2026-07-08 10:26:43,925 | INFO | watchfiles.main | 1 change detected
2026-07-08 10:26:44,329 | INFO | watchfiles.main | 1 change detected
2026-07-08 10:26:44,736 | INFO | watchfiles.main | 1 change detected
2026-07-08 10:26:45,141 | INFO | watchfiles.main | 1 change detected
2026-07-08 10:26:45,499 | INFO | watchfiles.main | 1 change detected
2026-07-08 10:26:45,907 | INFO | watchfiles.main | 1 change detected
2026-07-08 10:26:46,314 | INFO | watchfiles.main | 1 change detected
2026-07-08 10:26:46,724 | INFO | watchfiles.main | 1 change detected
2026-07-08 10:26:47,181 | INFO | watchfiles.main | 1 change detected
2026-07-08 10:26:47,584 | INFO | watchfiles.main | 1 change detected
2026-07-08 10:26:47,987 | INFO | watchfiles.main | 1 change detected
2026-07-08 10:26:48,343 | INFO | watchfiles.main | 1 change detected
2026-07-08 10:26:48,724 | INFO | lmsguard.requests | GET /platform/notifications -> 401 3.44ms
2026-07-08 10:26:48,749 | INFO | watchfiles.main | 1 change detected
2026-07-08 10:26:49,110 | INFO | watchfiles.main | 1 change detected
2026-07-08 10:26:49,475 | INFO | watchfiles.main | 1 change detected
2026-07-08 10:26:49,843 | INFO | watchfiles.main | 1 change detected
2026-07-08 10:26:50,209 | INFO | watchfiles.main | 1 change detected
2026-07-08 10:26:50,561 | INFO | watchfiles.main | 1 change detected
2026-07-08 10:26:50,925 | INFO | watchfiles.main | 1 change detected
2026-07-08 10:26:51,281 | INFO | watchfiles.main | 1 change detected
2026-07-08 10:26:51,638 | INFO | watchfiles.main | 1 change detected
2026-07-08 10:26:51,999 | INFO | watchfiles.main | 1 change detected
2026-07-08 10:26:52,404 | INFO | watchfiles.main | 1 change detected
2026-07-08 10:26:52,813 | INFO | watchfiles.main | 1 change detected
2026-07-08 10:26:53,179 | INFO | watchfiles.main | 1 change detected
2026-07-08 10:26:53,584 | INFO | watchfiles.main | 1 change detected
2026-07-08 10:26:53,989 | INFO | watchfiles.main | 1 change detected
2026-07-08 10:26:54,394 | INFO | watchfiles.main | 1 change detected
2026-07-08 10:26:54,800 | INFO | watchfiles.main | 1 change detected
2026-07-08 10:26:55,204 | INFO | watchfiles.main | 1 change detected
2026-07-08 10:26:55,560 | INFO | watchfiles.main | 1 change detected
2026-07-08 10:26:55,966 | INFO | watchfiles.main | 1 change detected
2026-07-08 10:26:56,423 | INFO | watchfiles.main | 1 change detected
2026-07-08 10:26:56,831 | INFO | watchfiles.main | 1 change detected
2026-07-08 10:26:57,234 | INFO | watchfiles.main | 1 change detected
2026-07-08 10:26:57,639 | INFO | watchfiles.main | 1 change detected
2026-07-08 10:26:58,045 | INFO | watchfiles.main | 1 change detected
2026-07-08 10:26:58,448 | INFO | watchfiles.main | 1 change detected
2026-07-08 10:26:58,852 | INFO | watchfiles.main | 1 change detected
2026-07-08 10:26:59,263 | INFO | watchfiles.main | 1 change detected
2026-07-08 10:26:59,624 | INFO | watchfiles.main | 1 change detected
2026-07-08 10:27:00,031 | INFO | watchfiles.main | 1 change detected
2026-07-08 10:27:00,440 | INFO | watchfiles.main | 1 change detected
2026-07-08 10:27:00,852 | INFO | watchfiles.main | 1 change detected
2026-07-08 10:27:01,260 | INFO | watchfiles.main | 1 change detected
2026-07-08 10:27:01,664 | INFO | watchfiles.main | 1 change detected
2026-07-08 10:27:02,023 | INFO | watchfiles.main | 1 change detected
2026-07-08 10:27:02,436 | INFO | watchfiles.main | 1 change detected
2026-07-08 10:27:02,843 | INFO | watchfiles.main | 1 change detected
2026-07-08 10:27:03,246 | INFO | watchfiles.main | 1 change detected
2026-07-08 10:27:03,660 | INFO | watchfiles.main | 1 change detected
2026-07-08 10:27:04,019 | INFO | watchfiles.main | 1 change detected
2026-07-08 10:27:04,432 | INFO | watchfiles.main | 1 change detected
2026-07-08 10:27:04,842 | INFO | watchfiles.main | 1 change detected
2026-07-08 10:27:05,246 | INFO | watchfiles.main | 1 change detected
2026-07-08 10:27:05,655 | INFO | watchfiles.main | 1 change detected
2026-07-08 10:27:06,010 | INFO | watchfiles.main | 1 change detected
2026-07-08 10:27:06,424 | INFO | watchfiles.main | 1 change detected
2026-07-08 10:27:06,835 | INFO | watchfiles.main | 1 change detected
2026-07-08 10:27:07,238 | INFO | watchfiles.main | 1 change detected
2026-07-08 10:27:07,644 | INFO | watchfiles.main | 1 change detected
2026-07-08 10:27:08,049 | INFO | watchfiles.main | 1 change detected
2026-07-08 10:27:08,453 | INFO | watchfiles.main | 1 change detected
2026-07-08 10:27:08,806 | INFO | watchfiles.main | 1 change detected
2026-07-08 10:27:09,214 | INFO | watchfiles.main | 1 change detected
2026-07-08 10:27:09,616 | INFO | watchfiles.main | 1 change detected
2026-07-08 10:27:10,024 | INFO | watchfiles.main | 1 change detected
2026-07-08 10:27:10,431 | INFO | watchfiles.main | 1 change detected
2026-07-08 10:27:10,838 | INFO | watchfiles.main | 1 change detected
2026-07-08 10:27:11,243 | INFO | watchfiles.main | 1 change detected
2026-07-08 10:27:11,649 | INFO | watchfiles.main | 1 change detected
2026-07-08 10:27:12,058 | INFO | watchfiles.main | 1 change detected
2026-07-08 10:27:12,413 | INFO | watchfiles.main | 1 change detected
2026-07-08 10:27:12,823 | INFO | watchfiles.main | 1 change detected
2026-07-08 10:27:13,234 | INFO | watchfiles.main | 1 change detected
2026-07-08 10:27:13,642 | INFO | watchfiles.main | 1 change detected
2026-07-08 10:27:14,049 | INFO | watchfiles.main | 1 change detected
2026-07-08 10:27:14,416 | INFO | watchfiles.main | 1 change detected
2026-07-08 10:27:14,837 | INFO | watchfiles.main | 1 change detected
2026-07-08 10:27:15,243 | INFO | watchfiles.main | 1 change detected
2026-07-08 10:27:15,605 | INFO | watchfiles.main | 1 change detected
2026-07-08 10:27:16,027 | INFO | watchfiles.main | 1 change detected
2026-07-08 10:27:16,383 | INFO | watchfiles.main | 1 change detected
2026-07-08 10:27:16,801 | INFO | watchfiles.main | 1 change detected
2026-07-08 10:27:17,205 | INFO | watchfiles.main | 1 change detected
2026-07-08 10:27:17,610 | INFO | watchfiles.main | 1 change detected
2026-07-08 10:27:18,015 | INFO | watchfiles.main | 1 change detected
2026-07-08 10:27:18,375 | INFO | watchfiles.main | 1 change detected
2026-07-08 10:27:18,782 | INFO | watchfiles.main | 1 change detected
2026-07-08 10:27:19,187 | INFO | watchfiles.main | 1 change detected
2026-07-08 10:27:19,597 | INFO | watchfiles.main | 1 change detected
2026-07-08 10:27:19,953 | INFO | watchfiles.main | 1 change detected
2026-07-08 10:27:20,362 | INFO | watchfiles.main | 1 change detected
2026-07-08 10:27:20,767 | INFO | watchfiles.main | 1 change detected
2026-07-08 10:27:21,171 | INFO | watchfiles.main | 1 change detected
2026-07-08 10:27:21,577 | INFO | watchfiles.main | 1 change detected
2026-07-08 10:27:21,980 | INFO | watchfiles.main | 1 change detected
2026-07-08 10:27:22,384 | INFO | watchfiles.main | 1 change detected
2026-07-08 10:27:22,790 | INFO | watchfiles.main | 1 change detected
2026-07-08 10:27:23,194 | INFO | watchfiles.main | 1 change detected
2026-07-08 10:27:23,597 | INFO | watchfiles.main | 1 change detected
2026-07-08 10:27:24,006 | INFO | watchfiles.main | 1 change detected
2026-07-08 10:27:24,410 | INFO | watchfiles.main | 1 change detected
2026-07-08 10:27:24,770 | INFO | watchfiles.main | 1 change detected
2026-07-08 10:27:25,177 | INFO | watchfiles.main | 1 change detected
2026-07-08 10:27:25,579 | INFO | watchfiles.main | 1 change detected
2026-07-08 10:27:25,986 | INFO | watchfiles.main | 1 change detected
2026-07-08 10:27:26,396 | INFO | watchfiles.main | 1 change detected
2026-07-08 10:27:26,756 | INFO | watchfiles.main | 1 change detected
2026-07-08 10:27:27,161 | INFO | watchfiles.main | 1 change detected
2026-07-08 10:27:27,564 | INFO | watchfiles.main | 1 change detected
2026-07-08 10:27:27,974 | INFO | watchfiles.main | 1 change detected
2026-07-08 10:27:28,378 | INFO | watchfiles.main | 1 change detected
2026-07-08 10:27:28,783 | INFO | watchfiles.main | 1 change detected
2026-07-08 10:27:29,139 | INFO | watchfiles.main | 1 change detected
2026-07-08 10:27:29,543 | INFO | watchfiles.main | 1 change detected
2026-07-08 10:27:29,950 | INFO | watchfiles.main | 1 change detected
2026-07-08 10:27:30,366 | INFO | watchfiles.main | 1 change detected
2026-07-08 10:27:30,771 | INFO | watchfiles.main | 1 change detected
2026-07-08 10:27:31,180 | INFO | watchfiles.main | 1 change detected
2026-07-08 10:27:31,587 | INFO | watchfiles.main | 1 change detected
2026-07-08 10:27:31,945 | INFO | watchfiles.main | 1 change detected
2026-07-08 10:27:32,359 | INFO | watchfiles.main | 1 change detected
2026-07-08 10:27:32,765 | INFO | watchfiles.main | 1 change detected
2026-07-08 10:27:33,173 | INFO | watchfiles.main | 1 change detected
2026-07-08 10:27:33,580 | INFO | watchfiles.main | 1 change detected
2026-07-08 10:27:33,943 | INFO | watchfiles.main | 1 change detected
2026-07-08 10:27:34,349 | INFO | watchfiles.main | 1 change detected
2026-07-08 10:27:34,756 | INFO | watchfiles.main | 1 change detected
2026-07-08 10:27:35,163 | INFO | watchfiles.main | 1 change detected
2026-07-08 10:27:35,570 | INFO | watchfiles.main | 1 change detected
2026-07-08 10:27:35,978 | INFO | watchfiles.main | 1 change detected
2026-07-08 10:27:36,389 | INFO | watchfiles.main | 1 change detected
2026-07-08 10:27:36,749 | INFO | watchfiles.main | 1 change detected
2026-07-08 10:27:37,157 | INFO | watchfiles.main | 1 change detected
2026-07-08 10:27:37,564 | INFO | watchfiles.main | 1 change detected
2026-07-08 10:27:37,967 | INFO | watchfiles.main | 1 change detected
2026-07-08 10:27:38,370 | INFO | watchfiles.main | 1 change detected
2026-07-08 10:27:38,777 | INFO | watchfiles.main | 1 change detected
2026-07-08 10:27:39,137 | INFO | watchfiles.main | 1 change detected
2026-07-08 10:27:39,542 | INFO | watchfiles.main | 1 change detected
2026-07-08 10:27:39,963 | INFO | watchfiles.main | 1 change detected
2026-07-08 10:27:40,370 | INFO | watchfiles.main | 1 change detected
2026-07-08 10:27:40,776 | INFO | watchfiles.main | 1 change detected
2026-07-08 10:27:41,183 | INFO | watchfiles.main | 1 change detected
2026-07-08 10:27:41,588 | INFO | watchfiles.main | 1 change detected
2026-07-08 10:27:41,946 | INFO | watchfiles.main | 1 change detected
2026-07-08 10:27:42,356 | INFO | watchfiles.main | 1 change detected
2026-07-08 10:27:42,759 | INFO | watchfiles.main | 1 change detected
2026-07-08 10:27:43,172 | INFO | watchfiles.main | 1 change detected
2026-07-08 10:27:43,577 | INFO | watchfiles.main | 1 change detected
2026-07-08 10:27:43,984 | INFO | watchfiles.main | 1 change detected
2026-07-08 10:27:44,338 | INFO | watchfiles.main | 1 change detected
2026-07-08 10:27:44,741 | INFO | watchfiles.main | 1 change detected
2026-07-08 10:27:45,146 | INFO | watchfiles.main | 1 change detected
2026-07-08 10:27:45,557 | INFO | watchfiles.main | 1 change detected
2026-07-08 10:27:45,959 | INFO | watchfiles.main | 1 change detected
2026-07-08 10:27:46,362 | INFO | watchfiles.main | 1 change detected
2026-07-08 10:27:46,766 | INFO | watchfiles.main | 1 change detected
2026-07-08 10:27:47,172 | INFO | watchfiles.main | 1 change detected
2026-07-08 10:27:47,530 | INFO | watchfiles.main | 1 change detected
2026-07-08 10:27:47,937 | INFO | watchfiles.main | 1 change detected
2026-07-08 10:27:48,346 | INFO | watchfiles.main | 1 change detected
2026-07-08 10:27:48,757 | INFO | watchfiles.main | 1 change detected
2026-07-08 10:27:49,009 | INFO | lmsguard.requests | GET /platform/notifications -> 401 1.40ms
2026-07-08 10:27:49,110 | INFO | watchfiles.main | 1 change detected
2026-07-08 10:27:49,513 | INFO | watchfiles.main | 1 change detected
2026-07-08 10:27:49,919 | INFO | watchfiles.main | 1 change detected
2026-07-08 10:27:50,326 | INFO | watchfiles.main | 1 change detected
2026-07-08 10:27:50,683 | INFO | watchfiles.main | 1 change detected
2026-07-08 10:27:51,092 | INFO | watchfiles.main | 1 change detected
2026-07-08 10:27:51,498 | INFO | watchfiles.main | 1 change detected
2026-07-08 10:27:51,903 | INFO | watchfiles.main | 1 change detected
2026-07-08 10:27:52,310 | INFO | watchfiles.main | 1 change detected
2026-07-08 10:27:52,666 | INFO | watchfiles.main | 1 change detected
2026-07-08 10:27:53,072 | INFO | watchfiles.main | 1 change detected
2026-07-08 10:27:53,480 | INFO | watchfiles.main | 1 change detected
2026-07-08 10:27:53,844 | INFO | watchfiles.main | 1 change detected
2026-07-08 10:27:54,252 | INFO | watchfiles.main | 1 change detected
2026-07-08 10:27:54,658 | INFO | watchfiles.main | 1 change detected
2026-07-08 10:27:55,113 | INFO | watchfiles.main | 1 change detected
2026-07-08 10:27:55,515 | INFO | watchfiles.main | 1 change detected
2026-07-08 10:27:55,920 | INFO | watchfiles.main | 1 change detected
2026-07-08 10:27:56,281 | INFO | watchfiles.main | 1 change detected
2026-07-08 10:27:56,690 | INFO | watchfiles.main | 1 change detected
2026-07-08 10:27:57,093 | INFO | watchfiles.main | 1 change detected
2026-07-08 10:27:57,500 | INFO | watchfiles.main | 1 change detected
2026-07-08 10:27:57,907 | INFO | watchfiles.main | 1 change detected
2026-07-08 10:27:58,319 | INFO | watchfiles.main | 1 change detected
2026-07-08 10:27:58,726 | INFO | watchfiles.main | 1 change detected
2026-07-08 10:27:59,132 | INFO | watchfiles.main | 1 change detected
2026-07-08 10:27:59,536 | INFO | watchfiles.main | 1 change detected
2026-07-08 10:27:59,939 | INFO | watchfiles.main | 1 change detected
2026-07-08 10:28:00,295 | INFO | watchfiles.main | 1 change detected
2026-07-08 10:28:00,705 | INFO | watchfiles.main | 1 change detected
2026-07-08 10:28:01,113 | INFO | watchfiles.main | 1 change detected
2026-07-08 10:28:01,523 | INFO | watchfiles.main | 1 change detected
2026-07-08 10:28:01,929 | INFO | watchfiles.main | 1 change detected
2026-07-08 10:28:02,340 | INFO | watchfiles.main | 1 change detected
2026-07-08 10:28:02,746 | INFO | watchfiles.main | 1 change detected
2026-07-08 10:28:03,105 | INFO | watchfiles.main | 1 change detected
2026-07-08 10:28:03,513 | INFO | watchfiles.main | 1 change detected
2026-07-08 10:28:03,919 | INFO | watchfiles.main | 1 change detected
2026-07-08 10:28:04,275 | INFO | watchfiles.main | 1 change detected
2026-07-08 10:28:04,678 | INFO | watchfiles.main | 1 change detected
2026-07-08 10:28:05,082 | INFO | watchfiles.main | 1 change detected
2026-07-08 10:28:05,492 | INFO | watchfiles.main | 1 change detected
2026-07-08 10:28:05,897 | INFO | watchfiles.main | 1 change detected
2026-07-08 10:28:06,299 | INFO | watchfiles.main | 1 change detected
2026-07-08 10:28:06,705 | INFO | watchfiles.main | 1 change detected
2026-07-08 10:28:07,113 | INFO | watchfiles.main | 1 change detected
2026-07-08 10:28:07,522 | INFO | watchfiles.main | 1 change detected
2026-07-08 10:28:07,878 | INFO | watchfiles.main | 1 change detected
2026-07-08 10:28:08,292 | INFO | watchfiles.main | 1 change detected
2026-07-08 10:28:08,697 | INFO | watchfiles.main | 1 change detected
2026-07-08 10:28:09,099 | INFO | watchfiles.main | 1 change detected
2026-07-08 10:28:09,516 | INFO | watchfiles.main | 1 change detected
2026-07-08 10:28:09,921 | INFO | watchfiles.main | 1 change detected
2026-07-08 10:28:10,275 | INFO | watchfiles.main | 1 change detected
2026-07-08 10:28:10,679 | INFO | watchfiles.main | 1 change detected
2026-07-08 10:28:11,090 | INFO | watchfiles.main | 1 change detected
2026-07-08 10:28:11,495 | INFO | watchfiles.main | 1 change detected
2026-07-08 10:28:11,900 | INFO | watchfiles.main | 1 change detected
2026-07-08 10:28:12,307 | INFO | watchfiles.main | 1 change detected
2026-07-08 10:28:12,712 | INFO | watchfiles.main | 1 change detected
2026-07-08 10:28:13,119 | INFO | watchfiles.main | 1 change detected
2026-07-08 10:28:13,524 | INFO | watchfiles.main | 1 change detected
2026-07-08 10:28:13,930 | INFO | watchfiles.main | 1 change detected
2026-07-08 10:28:14,286 | INFO | watchfiles.main | 1 change detected
2026-07-08 10:28:14,697 | INFO | watchfiles.main | 1 change detected
2026-07-08 10:28:15,107 | INFO | watchfiles.main | 1 change detected
2026-07-08 10:28:15,511 | INFO | watchfiles.main | 1 change detected
2026-07-08 10:28:15,918 | INFO | watchfiles.main | 1 change detected
2026-07-08 10:28:16,327 | INFO | watchfiles.main | 1 change detected
2026-07-08 10:28:16,734 | INFO | watchfiles.main | 1 change detected
2026-07-08 10:28:17,089 | INFO | watchfiles.main | 1 change detected
2026-07-08 10:28:17,497 | INFO | watchfiles.main | 1 change detected
2026-07-08 10:28:17,903 | INFO | watchfiles.main | 1 change detected
2026-07-08 10:28:18,310 | INFO | watchfiles.main | 1 change detected
2026-07-08 10:28:18,717 | INFO | watchfiles.main | 1 change detected
2026-07-08 10:28:19,126 | INFO | watchfiles.main | 1 change detected
2026-07-08 10:28:19,535 | INFO | watchfiles.main | 1 change detected
2026-07-08 10:28:19,940 | INFO | watchfiles.main | 1 change detected
2026-07-08 10:28:20,303 | INFO | watchfiles.main | 1 change detected
2026-07-08 10:28:20,708 | INFO | watchfiles.main | 1 change detected
2026-07-08 10:28:21,111 | INFO | watchfiles.main | 1 change detected
2026-07-08 10:28:21,513 | INFO | watchfiles.main | 1 change detected
2026-07-08 10:28:21,923 | INFO | watchfiles.main | 1 change detected
2026-07-08 10:28:22,282 | INFO | watchfiles.main | 1 change detected
2026-07-08 10:28:22,694 | INFO | watchfiles.main | 1 change detected
2026-07-08 10:28:23,101 | INFO | watchfiles.main | 1 change detected
2026-07-08 10:28:23,504 | INFO | watchfiles.main | 1 change detected
2026-07-08 10:28:23,910 | INFO | watchfiles.main | 1 change detected
2026-07-08 10:28:24,316 | INFO | watchfiles.main | 1 change detected
2026-07-08 10:28:24,722 | INFO | watchfiles.main | 1 change detected
2026-07-08 10:28:25,124 | INFO | watchfiles.main | 1 change detected
2026-07-08 10:28:25,533 | INFO | watchfiles.main | 1 change detected
2026-07-08 10:28:25,937 | INFO | watchfiles.main | 1 change detected
2026-07-08 10:28:26,344 | INFO | watchfiles.main | 1 change detected
2026-07-08 10:28:26,748 | INFO | watchfiles.main | 1 change detected
2026-07-08 10:28:27,109 | INFO | watchfiles.main | 1 change detected
2026-07-08 10:28:27,566 | INFO | watchfiles.main | 1 change detected
2026-07-08 10:28:27,971 | INFO | watchfiles.main | 1 change detected
2026-07-08 10:28:28,379 | INFO | watchfiles.main | 1 change detected
2026-07-08 10:28:28,781 | INFO | watchfiles.main | 1 change detected
2026-07-08 10:28:29,185 | INFO | watchfiles.main | 1 change detected
2026-07-08 10:28:29,542 | INFO | watchfiles.main | 1 change detected
2026-07-08 10:28:29,947 | INFO | watchfiles.main | 1 change detected
2026-07-08 10:28:30,355 | INFO | watchfiles.main | 1 change detected
2026-07-08 10:28:30,762 | INFO | watchfiles.main | 1 change detected
2026-07-08 10:28:31,173 | INFO | watchfiles.main | 1 change detected
2026-07-08 10:28:31,576 | INFO | watchfiles.main | 1 change detected
2026-07-08 10:28:31,983 | INFO | watchfiles.main | 1 change detected
2026-07-08 10:28:32,388 | INFO | watchfiles.main | 1 change detected
2026-07-08 10:28:32,795 | INFO | watchfiles.main | 1 change detected
2026-07-08 10:28:33,151 | INFO | watchfiles.main | 1 change detected
2026-07-08 10:28:33,556 | INFO | watchfiles.main | 1 change detected
2026-07-08 10:28:33,964 | INFO | watchfiles.main | 1 change detected
2026-07-08 10:28:34,369 | INFO | watchfiles.main | 1 change detected
2026-07-08 10:28:34,787 | INFO | watchfiles.main | 1 change detected
2026-07-08 10:28:35,191 | INFO | watchfiles.main | 1 change detected
2026-07-08 10:28:35,599 | INFO | watchfiles.main | 1 change detected
2026-07-08 10:28:35,950 | INFO | watchfiles.main | 1 change detected
2026-07-08 10:28:36,362 | INFO | watchfiles.main | 1 change detected
2026-07-08 10:28:36,773 | INFO | watchfiles.main | 1 change detected
2026-07-08 10:28:37,174 | INFO | watchfiles.main | 1 change detected
2026-07-08 10:28:37,578 | INFO | watchfiles.main | 1 change detected
2026-07-08 10:28:37,984 | INFO | watchfiles.main | 1 change detected
2026-07-08 10:28:38,342 | INFO | watchfiles.main | 1 change detected
2026-07-08 10:28:38,748 | INFO | watchfiles.main | 1 change detected
2026-07-08 10:28:39,157 | INFO | watchfiles.main | 1 change detected
2026-07-08 10:28:39,564 | INFO | watchfiles.main | 1 change detected
2026-07-08 10:28:39,966 | INFO | watchfiles.main | 1 change detected
2026-07-08 10:28:40,370 | INFO | watchfiles.main | 1 change detected
2026-07-08 10:28:40,774 | INFO | watchfiles.main | 1 change detected
2026-07-08 10:28:41,176 | INFO | watchfiles.main | 1 change detected
2026-07-08 10:28:41,582 | INFO | watchfiles.main | 1 change detected
2026-07-08 10:28:41,938 | INFO | watchfiles.main | 1 change detected
2026-07-08 10:28:42,358 | INFO | watchfiles.main | 1 change detected
2026-07-08 10:28:42,764 | INFO | watchfiles.main | 1 change detected
2026-07-08 10:28:43,171 | INFO | watchfiles.main | 1 change detected
2026-07-08 10:28:43,576 | INFO | watchfiles.main | 1 change detected
2026-07-08 10:28:43,978 | INFO | watchfiles.main | 1 change detected
2026-07-08 10:28:44,385 | INFO | watchfiles.main | 1 change detected
2026-07-08 10:28:44,740 | INFO | watchfiles.main | 1 change detected
2026-07-08 10:28:45,142 | INFO | watchfiles.main | 1 change detected
2026-07-08 10:28:45,548 | INFO | watchfiles.main | 1 change detected
2026-07-08 10:28:45,952 | INFO | watchfiles.main | 1 change detected
2026-07-08 10:28:46,358 | INFO | watchfiles.main | 1 change detected
2026-07-08 10:28:46,764 | INFO | watchfiles.main | 1 change detected
2026-07-08 10:28:47,181 | INFO | watchfiles.main | 1 change detected
2026-07-08 10:28:47,583 | INFO | watchfiles.main | 1 change detected
2026-07-08 10:28:47,990 | INFO | watchfiles.main | 1 change detected
2026-07-08 10:28:48,346 | INFO | watchfiles.main | 1 change detected
2026-07-08 10:28:48,710 | INFO | lmsguard.requests | GET /platform/notifications -> 401 1.57ms
2026-07-08 10:28:48,757 | INFO | watchfiles.main | 1 change detected
2026-07-08 10:28:49,114 | INFO | watchfiles.main | 1 change detected
2026-07-08 10:29:49,032 | INFO | lmsguard.requests | GET /platform/notifications -> 401 4.10ms
2026-07-08 10:29:49,087 | INFO | watchfiles.main | 1 change detected
2026-07-08 10:29:49,448 | INFO | watchfiles.main | 1 change detected
2026-07-08 10:29:49,853 | INFO | watchfiles.main | 1 change detected
2026-07-08 10:29:50,205 | INFO | watchfiles.main | 1 change detected
2026-07-08 10:29:50,609 | INFO | watchfiles.main | 1 change detected
2026-07-08 10:29:51,014 | INFO | watchfiles.main | 1 change detected
2026-07-08 10:29:51,425 | INFO | watchfiles.main | 1 change detected
2026-07-08 10:29:51,831 | INFO | watchfiles.main | 1 change detected
2026-07-08 10:29:52,249 | INFO | watchfiles.main | 1 change detected
2026-07-08 10:29:52,654 | INFO | watchfiles.main | 1 change detected
2026-07-08 10:29:53,011 | INFO | watchfiles.main | 1 change detected
2026-07-08 10:29:53,422 | INFO | watchfiles.main | 1 change detected
2026-07-08 10:29:53,824 | INFO | watchfiles.main | 1 change detected
2026-07-08 10:29:54,227 | INFO | watchfiles.main | 1 change detected
2026-07-08 10:29:54,635 | INFO | watchfiles.main | 1 change detected
2026-07-08 10:29:54,995 | INFO | watchfiles.main | 1 change detected
2026-07-08 10:29:55,446 | INFO | watchfiles.main | 1 change detected
2026-07-08 10:29:55,853 | INFO | watchfiles.main | 1 change detected
2026-07-08 10:29:56,212 | INFO | watchfiles.main | 1 change detected
2026-07-08 10:29:56,622 | INFO | watchfiles.main | 1 change detected
2026-07-08 10:29:57,032 | INFO | watchfiles.main | 1 change detected
2026-07-08 10:29:57,437 | INFO | watchfiles.main | 1 change detected
2026-07-08 10:29:57,847 | INFO | watchfiles.main | 1 change detected
2026-07-08 10:29:58,253 | INFO | watchfiles.main | 1 change detected
2026-07-08 10:29:58,612 | INFO | watchfiles.main | 1 change detected
2026-07-08 10:29:59,014 | INFO | watchfiles.main | 1 change detected
2026-07-08 10:29:59,422 | INFO | watchfiles.main | 1 change detected
2026-07-08 10:29:59,824 | INFO | watchfiles.main | 1 change detected
2026-07-08 10:30:00,233 | INFO | watchfiles.main | 1 change detected
2026-07-08 10:30:00,644 | INFO | watchfiles.main | 1 change detected
2026-07-08 10:30:01,048 | INFO | watchfiles.main | 1 change detected
2026-07-08 10:30:01,451 | INFO | watchfiles.main | 1 change detected
2026-07-08 10:30:01,806 | INFO | watchfiles.main | 1 change detected
2026-07-08 10:30:02,210 | INFO | watchfiles.main | 1 change detected
2026-07-08 10:30:02,615 | INFO | watchfiles.main | 1 change detected
2026-07-08 10:30:03,021 | INFO | watchfiles.main | 1 change detected
2026-07-08 10:30:03,424 | INFO | watchfiles.main | 1 change detected
2026-07-08 10:30:03,834 | INFO | watchfiles.main | 1 change detected
2026-07-08 10:30:04,237 | INFO | watchfiles.main | 1 change detected
2026-07-08 10:30:04,642 | INFO | watchfiles.main | 1 change detected
2026-07-08 10:30:05,049 | INFO | watchfiles.main | 1 change detected
2026-07-08 10:30:05,414 | INFO | watchfiles.main | 1 change detected
2026-07-08 10:30:05,820 | INFO | watchfiles.main | 1 change detected
2026-07-08 10:30:06,230 | INFO | watchfiles.main | 1 change detected
2026-07-08 10:30:06,638 | INFO | watchfiles.main | 1 change detected
2026-07-08 10:30:07,041 | INFO | watchfiles.main | 1 change detected
2026-07-08 10:30:07,397 | INFO | watchfiles.main | 1 change detected
2026-07-08 10:30:07,802 | INFO | watchfiles.main | 1 change detected
2026-07-08 10:30:08,207 | INFO | watchfiles.main | 1 change detected
2026-07-08 10:30:08,613 | INFO | watchfiles.main | 1 change detected
2026-07-08 10:30:09,021 | INFO | watchfiles.main | 1 change detected
2026-07-08 10:30:09,425 | INFO | watchfiles.main | 1 change detected
2026-07-08 10:30:09,833 | INFO | watchfiles.main | 1 change detected
2026-07-08 10:30:10,243 | INFO | watchfiles.main | 1 change detected
2026-07-08 10:30:10,647 | INFO | watchfiles.main | 1 change detected
2026-07-08 10:30:11,055 | INFO | watchfiles.main | 1 change detected
2026-07-08 10:30:11,417 | INFO | watchfiles.main | 1 change detected
2026-07-08 10:30:11,825 | INFO | watchfiles.main | 1 change detected
2026-07-08 10:30:12,232 | INFO | watchfiles.main | 1 change detected
2026-07-08 10:30:12,640 | INFO | watchfiles.main | 1 change detected
2026-07-08 10:30:13,042 | INFO | watchfiles.main | 1 change detected
2026-07-08 10:30:13,450 | INFO | watchfiles.main | 1 change detected
2026-07-08 10:30:13,807 | INFO | watchfiles.main | 1 change detected
2026-07-08 10:30:14,211 | INFO | watchfiles.main | 1 change detected
2026-07-08 10:30:14,621 | INFO | watchfiles.main | 1 change detected
2026-07-08 10:30:15,029 | INFO | watchfiles.main | 1 change detected
2026-07-08 10:30:15,439 | INFO | watchfiles.main | 1 change detected
2026-07-08 10:30:15,846 | INFO | watchfiles.main | 1 change detected
2026-07-08 10:30:16,201 | INFO | watchfiles.main | 1 change detected
2026-07-08 10:30:16,656 | INFO | watchfiles.main | 1 change detected
2026-07-08 10:30:17,061 | INFO | watchfiles.main | 1 change detected
2026-07-08 10:30:17,474 | INFO | watchfiles.main | 1 change detected
2026-07-08 10:30:17,878 | INFO | watchfiles.main | 1 change detected
2026-07-08 10:30:18,281 | INFO | watchfiles.main | 1 change detected
2026-07-08 10:30:18,688 | INFO | watchfiles.main | 1 change detected
2026-07-08 10:30:19,094 | INFO | watchfiles.main | 1 change detected
2026-07-08 10:30:19,501 | INFO | watchfiles.main | 1 change detected
2026-07-08 10:30:19,905 | INFO | watchfiles.main | 1 change detected
2026-07-08 10:30:20,315 | INFO | watchfiles.main | 1 change detected
2026-07-08 10:30:20,669 | INFO | watchfiles.main | 1 change detected
2026-07-08 10:30:21,072 | INFO | watchfiles.main | 1 change detected
2026-07-08 10:30:21,481 | INFO | watchfiles.main | 1 change detected
2026-07-08 10:30:21,892 | INFO | watchfiles.main | 1 change detected
2026-07-08 10:30:22,297 | INFO | watchfiles.main | 1 change detected
2026-07-08 10:30:22,699 | INFO | watchfiles.main | 1 change detected
2026-07-08 10:30:23,101 | INFO | watchfiles.main | 1 change detected
2026-07-08 10:30:23,505 | INFO | watchfiles.main | 1 change detected
2026-07-08 10:30:23,910 | INFO | watchfiles.main | 1 change detected
2026-07-08 10:30:24,317 | INFO | watchfiles.main | 1 change detected
2026-07-08 10:30:24,722 | INFO | watchfiles.main | 1 change detected
2026-07-08 10:30:25,133 | INFO | watchfiles.main | 1 change detected
2026-07-08 10:30:25,535 | INFO | watchfiles.main | 1 change detected
2026-07-08 10:30:25,941 | INFO | watchfiles.main | 1 change detected
2026-07-08 10:30:26,343 | INFO | watchfiles.main | 1 change detected
2026-07-08 10:30:26,755 | INFO | watchfiles.main | 1 change detected
2026-07-08 10:30:27,162 | INFO | watchfiles.main | 1 change detected
2026-07-08 10:30:27,565 | INFO | watchfiles.main | 1 change detected
2026-07-08 10:30:27,971 | INFO | watchfiles.main | 1 change detected
2026-07-08 10:30:28,377 | INFO | watchfiles.main | 1 change detected
2026-07-08 10:30:28,786 | INFO | watchfiles.main | 1 change detected
2026-07-08 10:30:29,142 | INFO | watchfiles.main | 1 change detected
2026-07-08 10:30:29,562 | INFO | watchfiles.main | 1 change detected
2026-07-08 10:30:29,969 | INFO | watchfiles.main | 1 change detected
2026-07-08 10:30:30,375 | INFO | watchfiles.main | 1 change detected
2026-07-08 10:30:30,779 | INFO | watchfiles.main | 1 change detected
2026-07-08 10:30:31,187 | INFO | watchfiles.main | 1 change detected
2026-07-08 10:30:31,591 | INFO | watchfiles.main | 1 change detected
2026-07-08 10:30:31,995 | INFO | watchfiles.main | 1 change detected
2026-07-08 10:30:32,352 | INFO | watchfiles.main | 1 change detected
2026-07-08 10:30:32,757 | INFO | watchfiles.main | 1 change detected
2026-07-08 10:30:33,163 | INFO | watchfiles.main | 1 change detected
2026-07-08 10:30:33,565 | INFO | watchfiles.main | 1 change detected
2026-07-08 10:30:33,971 | INFO | watchfiles.main | 1 change detected
2026-07-08 10:30:34,379 | INFO | watchfiles.main | 1 change detected
2026-07-08 10:30:34,740 | INFO | watchfiles.main | 1 change detected
2026-07-08 10:30:35,153 | INFO | watchfiles.main | 1 change detected
2026-07-08 10:30:35,565 | INFO | watchfiles.main | 1 change detected
2026-07-08 10:30:35,971 | INFO | watchfiles.main | 1 change detected
2026-07-08 10:30:36,380 | INFO | watchfiles.main | 1 change detected
2026-07-08 10:30:36,796 | INFO | watchfiles.main | 1 change detected
2026-07-08 10:30:37,202 | INFO | watchfiles.main | 1 change detected
2026-07-08 10:30:37,607 | INFO | watchfiles.main | 1 change detected
2026-07-08 10:30:37,971 | INFO | watchfiles.main | 1 change detected
2026-07-08 10:30:38,382 | INFO | watchfiles.main | 1 change detected
2026-07-08 10:30:38,791 | INFO | watchfiles.main | 1 change detected
2026-07-08 10:30:39,200 | INFO | watchfiles.main | 1 change detected
2026-07-08 10:30:39,560 | INFO | watchfiles.main | 1 change detected
2026-07-08 10:30:39,974 | INFO | watchfiles.main | 1 change detected
2026-07-08 10:30:40,379 | INFO | watchfiles.main | 1 change detected
2026-07-08 10:30:40,789 | INFO | watchfiles.main | 1 change detected
2026-07-08 10:30:41,200 | INFO | watchfiles.main | 1 change detected
2026-07-08 10:30:41,555 | INFO | watchfiles.main | 1 change detected
2026-07-08 10:30:41,964 | INFO | watchfiles.main | 1 change detected
2026-07-08 10:30:42,369 | INFO | watchfiles.main | 1 change detected
2026-07-08 10:30:42,778 | INFO | watchfiles.main | 1 change detected
2026-07-08 10:30:43,180 | INFO | watchfiles.main | 1 change detected
2026-07-08 10:30:43,538 | INFO | watchfiles.main | 1 change detected
2026-07-08 10:30:43,945 | INFO | watchfiles.main | 1 change detected
2026-07-08 10:30:44,357 | INFO | watchfiles.main | 1 change detected
2026-07-08 10:30:44,762 | INFO | watchfiles.main | 1 change detected
2026-07-08 10:30:45,170 | INFO | watchfiles.main | 1 change detected
2026-07-08 10:30:45,526 | INFO | watchfiles.main | 1 change detected
2026-07-08 10:30:45,931 | INFO | watchfiles.main | 1 change detected
2026-07-08 10:30:46,340 | INFO | watchfiles.main | 1 change detected
2026-07-08 10:30:46,697 | INFO | watchfiles.main | 1 change detected
2026-07-08 10:30:47,111 | INFO | watchfiles.main | 1 change detected
2026-07-08 10:30:47,521 | INFO | watchfiles.main | 1 change detected
2026-07-08 10:30:47,928 | INFO | watchfiles.main | 1 change detected
2026-07-08 10:30:48,331 | INFO | watchfiles.main | 1 change detected
2026-07-08 10:30:48,705 | INFO | lmsguard.requests | GET /platform/notifications -> 401 2.38ms
2026-07-08 10:30:48,737 | INFO | watchfiles.main | 1 change detected
2026-07-08 10:30:49,093 | INFO | watchfiles.main | 1 change detected
2026-07-08 10:30:49,453 | INFO | watchfiles.main | 1 change detected
2026-07-08 10:30:49,810 | INFO | watchfiles.main | 1 change detected
2026-07-08 10:30:50,172 | INFO | watchfiles.main | 1 change detected
2026-07-08 10:30:50,529 | INFO | watchfiles.main | 1 change detected
2026-07-08 10:30:50,885 | INFO | watchfiles.main | 1 change detected
2026-07-08 10:30:51,247 | INFO | watchfiles.main | 1 change detected
2026-07-08 10:30:51,607 | INFO | watchfiles.main | 1 change detected
2026-07-08 10:30:52,015 | INFO | watchfiles.main | 1 change detected
2026-07-08 10:30:52,424 | INFO | watchfiles.main | 1 change detected
2026-07-08 10:30:52,831 | INFO | watchfiles.main | 1 change detected
2026-07-08 10:30:53,250 | INFO | watchfiles.main | 1 change detected
2026-07-08 10:30:53,654 | INFO | watchfiles.main | 1 change detected
2026-07-08 10:30:54,011 | INFO | watchfiles.main | 1 change detected
2026-07-08 10:30:54,425 | INFO | watchfiles.main | 1 change detected
2026-07-08 10:30:54,840 | INFO | watchfiles.main | 1 change detected
2026-07-08 10:30:55,252 | INFO | watchfiles.main | 1 change detected
2026-07-08 10:30:55,610 | INFO | watchfiles.main | 1 change detected
2026-07-08 10:30:56,023 | INFO | watchfiles.main | 1 change detected
2026-07-08 10:30:56,436 | INFO | watchfiles.main | 1 change detected
2026-07-08 10:30:56,841 | INFO | watchfiles.main | 1 change detected
2026-07-08 10:30:57,247 | INFO | watchfiles.main | 1 change detected
2026-07-08 10:30:57,660 | INFO | watchfiles.main | 1 change detected
2026-07-08 10:30:58,019 | INFO | watchfiles.main | 1 change detected
2026-07-08 10:30:58,428 | INFO | watchfiles.main | 1 change detected
2026-07-08 10:30:58,837 | INFO | watchfiles.main | 1 change detected
2026-07-08 10:30:59,246 | INFO | watchfiles.main | 1 change detected
2026-07-08 10:30:59,654 | INFO | watchfiles.main | 1 change detected
2026-07-08 10:31:00,007 | INFO | watchfiles.main | 1 change detected
2026-07-08 10:31:00,410 | INFO | watchfiles.main | 1 change detected
2026-07-08 10:31:00,825 | INFO | watchfiles.main | 1 change detected
2026-07-08 10:31:01,238 | INFO | watchfiles.main | 1 change detected
2026-07-08 10:31:01,647 | INFO | watchfiles.main | 1 change detected
2026-07-08 10:31:02,059 | INFO | watchfiles.main | 1 change detected
2026-07-08 10:31:02,425 | INFO | watchfiles.main | 1 change detected
2026-07-08 10:31:02,829 | INFO | watchfiles.main | 1 change detected
2026-07-08 10:31:03,233 | INFO | watchfiles.main | 1 change detected
2026-07-08 10:31:03,636 | INFO | watchfiles.main | 1 change detected
2026-07-08 10:31:04,044 | INFO | watchfiles.main | 1 change detected
2026-07-08 10:31:04,451 | INFO | watchfiles.main | 1 change detected
2026-07-08 10:31:04,855 | INFO | watchfiles.main | 1 change detected
2026-07-08 10:31:05,211 | INFO | watchfiles.main | 1 change detected
2026-07-08 10:31:05,619 | INFO | watchfiles.main | 1 change detected
2026-07-08 10:31:06,026 | INFO | watchfiles.main | 1 change detected
2026-07-08 10:31:06,434 | INFO | watchfiles.main | 1 change detected
2026-07-08 10:31:06,841 | INFO | watchfiles.main | 1 change detected
2026-07-08 10:31:07,249 | INFO | watchfiles.main | 1 change detected
2026-07-08 10:31:07,652 | INFO | watchfiles.main | 1 change detected
2026-07-08 10:31:08,058 | INFO | watchfiles.main | 1 change detected
2026-07-08 10:31:08,462 | INFO | watchfiles.main | 1 change detected
2026-07-08 10:31:08,819 | INFO | watchfiles.main | 1 change detected
2026-07-08 10:31:09,226 | INFO | watchfiles.main | 1 change detected
2026-07-08 10:31:09,635 | INFO | watchfiles.main | 1 change detected
2026-07-08 10:31:10,040 | INFO | watchfiles.main | 1 change detected
2026-07-08 10:31:10,450 | INFO | watchfiles.main | 1 change detected
2026-07-08 10:31:10,808 | INFO | watchfiles.main | 1 change detected
2026-07-08 10:31:11,219 | INFO | watchfiles.main | 1 change detected
2026-07-08 10:31:11,630 | INFO | watchfiles.main | 1 change detected
2026-07-08 10:31:12,037 | INFO | watchfiles.main | 1 change detected
2026-07-08 10:31:12,449 | INFO | watchfiles.main | 1 change detected
2026-07-08 10:31:12,854 | INFO | watchfiles.main | 1 change detected
2026-07-08 10:31:13,259 | INFO | watchfiles.main | 1 change detected
2026-07-08 10:31:13,667 | INFO | watchfiles.main | 1 change detected
2026-07-08 10:31:14,076 | INFO | watchfiles.main | 1 change detected
2026-07-08 10:31:14,487 | INFO | watchfiles.main | 1 change detected
2026-07-08 10:31:14,896 | INFO | watchfiles.main | 1 change detected
2026-07-08 10:31:15,303 | INFO | watchfiles.main | 1 change detected
2026-07-08 10:31:15,712 | INFO | watchfiles.main | 1 change detected
2026-07-08 10:31:16,119 | INFO | watchfiles.main | 1 change detected
2026-07-08 10:31:16,524 | INFO | watchfiles.main | 1 change detected
2026-07-08 10:31:16,927 | INFO | watchfiles.main | 1 change detected
2026-07-08 10:31:17,338 | INFO | watchfiles.main | 1 change detected
2026-07-08 10:31:17,704 | INFO | watchfiles.main | 1 change detected
2026-07-08 10:31:18,112 | INFO | watchfiles.main | 1 change detected
2026-07-08 10:31:18,521 | INFO | watchfiles.main | 1 change detected
2026-07-08 10:31:18,930 | INFO | watchfiles.main | 1 change detected
2026-07-08 10:31:19,290 | INFO | watchfiles.main | 1 change detected
2026-07-08 10:31:19,704 | INFO | watchfiles.main | 1 change detected
2026-07-08 10:31:20,112 | INFO | watchfiles.main | 1 change detected
2026-07-08 10:31:20,522 | INFO | watchfiles.main | 1 change detected
2026-07-08 10:31:20,883 | INFO | watchfiles.main | 1 change detected
2026-07-08 10:31:21,298 | INFO | watchfiles.main | 1 change detected
2026-07-08 10:31:21,713 | INFO | watchfiles.main | 1 change detected
2026-07-08 10:31:22,076 | INFO | watchfiles.main | 1 change detected
2026-07-08 10:31:22,487 | INFO | watchfiles.main | 1 change detected
2026-07-08 10:31:22,897 | INFO | watchfiles.main | 1 change detected
2026-07-08 10:31:23,307 | INFO | watchfiles.main | 1 change detected
2026-07-08 10:31:23,718 | INFO | watchfiles.main | 1 change detected
2026-07-08 10:31:24,076 | INFO | watchfiles.main | 1 change detected
2026-07-08 10:31:24,481 | INFO | watchfiles.main | 1 change detected
2026-07-08 10:31:24,889 | INFO | watchfiles.main | 1 change detected
2026-07-08 10:31:25,297 | INFO | watchfiles.main | 1 change detected
2026-07-08 10:31:25,703 | INFO | watchfiles.main | 1 change detected
2026-07-08 10:31:26,107 | INFO | watchfiles.main | 1 change detected
2026-07-08 10:31:26,518 | INFO | watchfiles.main | 1 change detected
2026-07-08 10:31:26,877 | INFO | watchfiles.main | 1 change detected
2026-07-08 10:31:27,280 | INFO | watchfiles.main | 1 change detected
2026-07-08 10:31:27,697 | INFO | watchfiles.main | 1 change detected
2026-07-08 10:31:28,103 | INFO | watchfiles.main | 1 change detected
2026-07-08 10:31:28,508 | INFO | watchfiles.main | 1 change detected
2026-07-08 10:31:28,914 | INFO | watchfiles.main | 1 change detected
2026-07-08 10:31:29,269 | INFO | watchfiles.main | 1 change detected
2026-07-08 10:31:29,676 | INFO | watchfiles.main | 1 change detected
2026-07-08 10:31:30,087 | INFO | watchfiles.main | 1 change detected
2026-07-08 10:31:30,491 | INFO | watchfiles.main | 1 change detected
2026-07-08 10:31:30,897 | INFO | watchfiles.main | 1 change detected
2026-07-08 10:31:31,304 | INFO | watchfiles.main | 1 change detected
2026-07-08 10:31:31,707 | INFO | watchfiles.main | 1 change detected
2026-07-08 10:31:32,115 | INFO | watchfiles.main | 1 change detected
2026-07-08 10:31:32,474 | INFO | watchfiles.main | 1 change detected
2026-07-08 10:31:32,877 | INFO | watchfiles.main | 1 change detected
2026-07-08 10:31:33,280 | INFO | watchfiles.main | 1 change detected
2026-07-08 10:31:33,692 | INFO | watchfiles.main | 1 change detected
2026-07-08 10:31:34,099 | INFO | watchfiles.main | 1 change detected
2026-07-08 10:31:34,503 | INFO | watchfiles.main | 1 change detected
2026-07-08 10:31:34,911 | INFO | watchfiles.main | 1 change detected
2026-07-08 10:31:35,316 | INFO | watchfiles.main | 1 change detected
2026-07-08 10:31:35,732 | INFO | watchfiles.main | 1 change detected
2026-07-08 10:31:36,104 | INFO | watchfiles.main | 1 change detected
2026-07-08 10:31:36,512 | INFO | watchfiles.main | 1 change detected
2026-07-08 10:31:36,920 | INFO | watchfiles.main | 1 change detected
2026-07-08 10:31:37,329 | INFO | watchfiles.main | 1 change detected
2026-07-08 10:31:37,740 | INFO | watchfiles.main | 1 change detected
2026-07-08 10:31:38,105 | INFO | watchfiles.main | 1 change detected
2026-07-08 10:31:38,514 | INFO | watchfiles.main | 1 change detected
2026-07-08 10:31:38,923 | INFO | watchfiles.main | 1 change detected
2026-07-08 10:31:39,334 | INFO | watchfiles.main | 1 change detected
2026-07-08 10:31:39,744 | INFO | watchfiles.main | 1 change detected
2026-07-08 10:31:40,104 | INFO | watchfiles.main | 1 change detected
2026-07-08 10:31:40,514 | INFO | watchfiles.main | 1 change detected
2026-07-08 10:31:40,921 | INFO | watchfiles.main | 1 change detected
2026-07-08 10:31:41,278 | INFO | watchfiles.main | 1 change detected
2026-07-08 10:31:41,688 | INFO | watchfiles.main | 1 change detected
2026-07-08 10:31:42,097 | INFO | watchfiles.main | 1 change detected
2026-07-08 10:31:42,507 | INFO | watchfiles.main | 1 change detected
2026-07-08 10:31:42,910 | INFO | watchfiles.main | 1 change detected
2026-07-08 10:31:43,313 | INFO | watchfiles.main | 1 change detected
2026-07-08 10:31:43,715 | INFO | watchfiles.main | 1 change detected
2026-07-08 10:31:44,070 | INFO | watchfiles.main | 1 change detected
2026-07-08 10:31:44,479 | INFO | watchfiles.main | 1 change detected
2026-07-08 10:31:44,886 | INFO | watchfiles.main | 1 change detected
2026-07-08 10:31:45,293 | INFO | watchfiles.main | 1 change detected
2026-07-08 10:31:45,700 | INFO | watchfiles.main | 1 change detected
2026-07-08 10:31:46,109 | INFO | watchfiles.main | 1 change detected
2026-07-08 10:31:46,520 | INFO | watchfiles.main | 1 change detected
2026-07-08 10:31:46,923 | INFO | watchfiles.main | 1 change detected
2026-07-08 10:31:47,332 | INFO | watchfiles.main | 1 change detected
2026-07-08 10:31:47,737 | INFO | watchfiles.main | 1 change detected
2026-07-08 10:31:48,141 | INFO | watchfiles.main | 1 change detected
2026-07-08 10:31:48,547 | INFO | watchfiles.main | 1 change detected
2026-07-08 10:31:48,961 | INFO | watchfiles.main | 1 change detected
2026-07-08 10:31:49,015 | INFO | lmsguard.requests | GET /platform/notifications -> 401 4.41ms
2026-07-08 10:31:49,320 | INFO | watchfiles.main | 1 change detected
2026-07-08 10:31:49,674 | INFO | watchfiles.main | 1 change detected
2026-07-08 10:31:50,027 | INFO | watchfiles.main | 1 change detected
2026-07-08 10:31:50,387 | INFO | watchfiles.main | 1 change detected
2026-07-08 10:31:50,742 | INFO | watchfiles.main | 1 change detected
2026-07-08 10:31:51,100 | INFO | watchfiles.main | 1 change detected
2026-07-08 10:31:51,454 | INFO | watchfiles.main | 1 change detected
2026-07-08 10:31:51,806 | INFO | watchfiles.main | 1 change detected
2026-07-08 10:31:52,214 | INFO | watchfiles.main | 1 change detected
2026-07-08 10:31:52,621 | INFO | watchfiles.main | 1 change detected
2026-07-08 10:31:53,027 | INFO | watchfiles.main | 1 change detected
2026-07-08 10:31:53,434 | INFO | watchfiles.main | 1 change detected
2026-07-08 10:31:53,846 | INFO | watchfiles.main | 1 change detected
2026-07-08 10:31:54,249 | INFO | watchfiles.main | 1 change detected
2026-07-08 10:31:54,602 | INFO | watchfiles.main | 1 change detected
2026-07-08 10:31:55,007 | INFO | watchfiles.main | 1 change detected
2026-07-08 10:31:55,412 | INFO | watchfiles.main | 1 change detected
2026-07-08 10:31:55,823 | INFO | watchfiles.main | 1 change detected
2026-07-08 10:31:56,229 | INFO | watchfiles.main | 1 change detected
2026-07-08 10:31:56,633 | INFO | watchfiles.main | 1 change detected
2026-07-08 10:31:57,042 | INFO | watchfiles.main | 1 change detected
2026-07-08 10:31:57,450 | INFO | watchfiles.main | 1 change detected
2026-07-08 10:31:57,818 | INFO | watchfiles.main | 1 change detected
2026-07-08 10:31:58,230 | INFO | watchfiles.main | 1 change detected
2026-07-08 10:31:58,642 | INFO | watchfiles.main | 1 change detected
2026-07-08 10:31:59,050 | INFO | watchfiles.main | 1 change detected
2026-07-08 10:31:59,412 | INFO | watchfiles.main | 1 change detected
2026-07-08 10:31:59,825 | INFO | watchfiles.main | 1 change detected
2026-07-08 10:32:00,235 | INFO | watchfiles.main | 1 change detected
2026-07-08 10:32:00,648 | INFO | watchfiles.main | 1 change detected
2026-07-08 10:32:01,055 | INFO | watchfiles.main | 1 change detected
2026-07-08 10:32:01,463 | INFO | watchfiles.main | 1 change detected
2026-07-08 10:32:01,869 | INFO | watchfiles.main | 1 change detected
2026-07-08 10:32:02,277 | INFO | watchfiles.main | 1 change detected
2026-07-08 10:32:02,635 | INFO | watchfiles.main | 1 change detected
2026-07-08 10:32:03,041 | INFO | watchfiles.main | 1 change detected
2026-07-08 10:32:03,445 | INFO | watchfiles.main | 1 change detected
2026-07-08 10:32:03,863 | INFO | watchfiles.main | 1 change detected
2026-07-08 10:32:04,224 | INFO | watchfiles.main | 1 change detected
2026-07-08 10:32:04,635 | INFO | watchfiles.main | 1 change detected
2026-07-08 10:32:05,044 | INFO | watchfiles.main | 1 change detected
2026-07-08 10:32:05,450 | INFO | watchfiles.main | 1 change detected
2026-07-08 10:32:05,855 | INFO | watchfiles.main | 1 change detected
2026-07-08 10:32:06,259 | INFO | watchfiles.main | 1 change detected
2026-07-08 10:32:06,611 | INFO | watchfiles.main | 1 change detected
2026-07-08 10:32:07,021 | INFO | watchfiles.main | 1 change detected
2026-07-08 10:32:07,429 | INFO | watchfiles.main | 1 change detected
2026-07-08 10:32:07,839 | INFO | watchfiles.main | 1 change detected
2026-07-08 10:32:08,249 | INFO | watchfiles.main | 1 change detected
2026-07-08 10:32:08,653 | INFO | watchfiles.main | 1 change detected
2026-07-08 10:32:09,010 | INFO | watchfiles.main | 1 change detected
2026-07-08 10:32:09,421 | INFO | watchfiles.main | 1 change detected
2026-07-08 10:32:09,828 | INFO | watchfiles.main | 1 change detected
2026-07-08 10:32:10,234 | INFO | watchfiles.main | 1 change detected
2026-07-08 10:32:10,638 | INFO | watchfiles.main | 1 change detected
2026-07-08 10:32:11,045 | INFO | watchfiles.main | 1 change detected
2026-07-08 10:32:11,456 | INFO | watchfiles.main | 1 change detected
2026-07-08 10:32:11,811 | INFO | watchfiles.main | 1 change detected
2026-07-08 10:32:12,223 | INFO | watchfiles.main | 1 change detected
2026-07-08 10:32:12,625 | INFO | watchfiles.main | 1 change detected
2026-07-08 10:32:13,041 | INFO | watchfiles.main | 1 change detected
2026-07-08 10:32:13,451 | INFO | watchfiles.main | 1 change detected
2026-07-08 10:32:13,856 | INFO | watchfiles.main | 1 change detected
2026-07-08 10:32:14,261 | INFO | watchfiles.main | 1 change detected
2026-07-08 10:32:14,670 | INFO | watchfiles.main | 1 change detected
2026-07-08 10:32:15,026 | INFO | watchfiles.main | 1 change detected
2026-07-08 10:32:15,435 | INFO | watchfiles.main | 1 change detected
2026-07-08 10:32:15,844 | INFO | watchfiles.main | 1 change detected
2026-07-08 10:32:16,253 | INFO | watchfiles.main | 1 change detected
2026-07-08 10:32:16,661 | INFO | watchfiles.main | 1 change detected
2026-07-08 10:32:17,070 | INFO | watchfiles.main | 1 change detected
2026-07-08 10:32:17,473 | INFO | watchfiles.main | 1 change detected
2026-07-08 10:32:17,837 | INFO | watchfiles.main | 1 change detected
2026-07-08 10:32:18,298 | INFO | watchfiles.main | 1 change detected
2026-07-08 10:32:18,662 | INFO | watchfiles.main | 1 change detected
2026-07-08 10:32:19,071 | INFO | watchfiles.main | 1 change detected
2026-07-08 10:32:19,481 | INFO | watchfiles.main | 1 change detected
2026-07-08 10:32:19,845 | INFO | watchfiles.main | 1 change detected
2026-07-08 10:32:20,251 | INFO | watchfiles.main | 1 change detected
2026-07-08 10:32:20,655 | INFO | watchfiles.main | 1 change detected
2026-07-08 10:32:21,058 | INFO | watchfiles.main | 1 change detected
2026-07-08 10:32:21,475 | INFO | watchfiles.main | 1 change detected
2026-07-08 10:32:21,879 | INFO | watchfiles.main | 1 change detected
2026-07-08 10:32:22,286 | INFO | watchfiles.main | 1 change detected
2026-07-08 10:32:22,694 | INFO | watchfiles.main | 1 change detected
2026-07-08 10:32:23,098 | INFO | watchfiles.main | 1 change detected
2026-07-08 10:32:23,510 | INFO | watchfiles.main | 1 change detected
2026-07-08 10:32:23,916 | INFO | watchfiles.main | 1 change detected
2026-07-08 10:32:24,275 | INFO | watchfiles.main | 1 change detected
2026-07-08 10:32:24,679 | INFO | watchfiles.main | 1 change detected
2026-07-08 10:32:25,087 | INFO | watchfiles.main | 1 change detected
2026-07-08 10:32:25,490 | INFO | watchfiles.main | 1 change detected
2026-07-08 10:32:25,902 | INFO | watchfiles.main | 1 change detected
2026-07-08 10:32:26,316 | INFO | watchfiles.main | 1 change detected
2026-07-08 10:32:26,733 | INFO | watchfiles.main | 1 change detected
2026-07-08 10:32:27,087 | INFO | watchfiles.main | 1 change detected
2026-07-08 10:32:27,493 | INFO | watchfiles.main | 1 change detected
2026-07-08 10:32:27,897 | INFO | watchfiles.main | 1 change detected
2026-07-08 10:32:28,299 | INFO | watchfiles.main | 1 change detected
2026-07-08 10:32:28,704 | INFO | watchfiles.main | 1 change detected
2026-07-08 10:32:29,107 | INFO | watchfiles.main | 1 change detected
2026-07-08 10:32:29,510 | INFO | watchfiles.main | 1 change detected
2026-07-08 10:32:29,914 | INFO | watchfiles.main | 1 change detected
2026-07-08 10:32:30,271 | INFO | watchfiles.main | 1 change detected
2026-07-08 10:32:30,675 | INFO | watchfiles.main | 1 change detected
2026-07-08 10:32:31,077 | INFO | watchfiles.main | 1 change detected
2026-07-08 10:32:31,484 | INFO | watchfiles.main | 1 change detected
2026-07-08 10:32:31,892 | INFO | watchfiles.main | 1 change detected
2026-07-08 10:32:32,300 | INFO | watchfiles.main | 1 change detected
2026-07-08 10:32:32,707 | INFO | watchfiles.main | 1 change detected
2026-07-08 10:32:33,112 | INFO | watchfiles.main | 1 change detected
2026-07-08 10:32:33,520 | INFO | watchfiles.main | 1 change detected
2026-07-08 10:32:33,929 | INFO | watchfiles.main | 1 change detected
2026-07-08 10:32:34,281 | INFO | watchfiles.main | 1 change detected
2026-07-08 10:32:34,685 | INFO | watchfiles.main | 1 change detected
2026-07-08 10:32:35,092 | INFO | watchfiles.main | 1 change detected
2026-07-08 10:32:35,502 | INFO | watchfiles.main | 1 change detected
2026-07-08 10:32:35,911 | INFO | watchfiles.main | 1 change detected
2026-07-08 10:32:36,313 | INFO | watchfiles.main | 1 change detected
2026-07-08 10:32:36,669 | INFO | watchfiles.main | 1 change detected
2026-07-08 10:32:37,072 | INFO | watchfiles.main | 1 change detected
2026-07-08 10:32:37,491 | INFO | watchfiles.main | 1 change detected
2026-07-08 10:32:37,900 | INFO | watchfiles.main | 1 change detected
2026-07-08 10:32:38,308 | INFO | watchfiles.main | 1 change detected
2026-07-08 10:32:38,725 | INFO | watchfiles.main | 1 change detected
2026-07-08 10:32:39,081 | INFO | watchfiles.main | 1 change detected
2026-07-08 10:32:39,493 | INFO | watchfiles.main | 1 change detected
2026-07-08 10:32:39,900 | INFO | watchfiles.main | 1 change detected
2026-07-08 10:32:40,306 | INFO | watchfiles.main | 1 change detected
2026-07-08 10:32:40,712 | INFO | watchfiles.main | 1 change detected
2026-07-08 10:32:41,068 | INFO | watchfiles.main | 1 change detected
2026-07-08 10:32:41,489 | INFO | watchfiles.main | 1 change detected
2026-07-08 10:32:41,897 | INFO | watchfiles.main | 1 change detected
2026-07-08 10:32:42,303 | INFO | watchfiles.main | 1 change detected
2026-07-08 10:32:42,708 | INFO | watchfiles.main | 1 change detected
2026-07-08 10:32:43,110 | INFO | watchfiles.main | 1 change detected
2026-07-08 10:32:43,468 | INFO | watchfiles.main | 1 change detected
2026-07-08 10:32:43,870 | INFO | watchfiles.main | 1 change detected
2026-07-08 10:32:44,276 | INFO | watchfiles.main | 1 change detected
2026-07-08 10:32:44,690 | INFO | watchfiles.main | 1 change detected
2026-07-08 10:32:45,102 | INFO | watchfiles.main | 1 change detected
2026-07-08 10:32:45,516 | INFO | watchfiles.main | 1 change detected
2026-07-08 10:32:45,925 | INFO | watchfiles.main | 1 change detected
2026-07-08 10:32:46,330 | INFO | watchfiles.main | 1 change detected
2026-07-08 10:32:46,684 | INFO | watchfiles.main | 1 change detected
2026-07-08 10:32:47,094 | INFO | watchfiles.main | 1 change detected
2026-07-08 10:32:47,502 | INFO | watchfiles.main | 1 change detected
2026-07-08 10:32:47,908 | INFO | watchfiles.main | 1 change detected
2026-07-08 10:32:48,317 | INFO | watchfiles.main | 1 change detected
2026-07-08 10:32:48,673 | INFO | watchfiles.main | 1 change detected
2026-07-08 10:32:48,709 | INFO | lmsguard.requests | GET /platform/notifications -> 401 3.18ms
2026-07-08 10:32:49,026 | INFO | watchfiles.main | 1 change detected
2026-07-08 10:32:49,388 | INFO | watchfiles.main | 1 change detected
2026-07-08 10:32:49,744 | INFO | watchfiles.main | 1 change detected
2026-07-08 10:32:50,102 | INFO | watchfiles.main | 1 change detected
2026-07-08 10:32:50,456 | INFO | watchfiles.main | 1 change detected
2026-07-08 10:32:50,822 | INFO | watchfiles.main | 1 change detected
2026-07-08 10:32:51,178 | INFO | watchfiles.main | 1 change detected
2026-07-08 10:32:51,581 | INFO | watchfiles.main | 1 change detected
2026-07-08 10:32:51,987 | INFO | watchfiles.main | 1 change detected
2026-07-08 10:32:52,354 | INFO | watchfiles.main | 1 change detected
2026-07-08 10:32:52,762 | INFO | watchfiles.main | 1 change detected
2026-07-08 10:32:53,174 | INFO | watchfiles.main | 1 change detected
2026-07-08 10:32:53,580 | INFO | watchfiles.main | 1 change detected
2026-07-08 10:32:53,984 | INFO | watchfiles.main | 1 change detected
2026-07-08 10:32:54,390 | INFO | watchfiles.main | 1 change detected
2026-07-08 10:32:54,742 | INFO | watchfiles.main | 1 change detected
2026-07-08 10:32:55,150 | INFO | watchfiles.main | 1 change detected
2026-07-08 10:32:55,559 | INFO | watchfiles.main | 1 change detected
2026-07-08 10:32:55,962 | INFO | watchfiles.main | 1 change detected
2026-07-08 10:32:56,365 | INFO | watchfiles.main | 1 change detected
2026-07-08 10:32:56,773 | INFO | watchfiles.main | 1 change detected
2026-07-08 10:32:57,128 | INFO | watchfiles.main | 1 change detected
2026-07-08 10:32:57,532 | INFO | watchfiles.main | 1 change detected
2026-07-08 10:32:57,938 | INFO | watchfiles.main | 1 change detected
2026-07-08 10:32:58,346 | INFO | watchfiles.main | 1 change detected
2026-07-08 10:32:58,766 | INFO | watchfiles.main | 1 change detected
2026-07-08 10:32:59,170 | INFO | watchfiles.main | 1 change detected
2026-07-08 10:32:59,577 | INFO | watchfiles.main | 1 change detected
2026-07-08 10:32:59,933 | INFO | watchfiles.main | 1 change detected
2026-07-08 10:33:00,337 | INFO | watchfiles.main | 1 change detected
2026-07-08 10:33:00,745 | INFO | watchfiles.main | 1 change detected
2026-07-08 10:33:01,158 | INFO | watchfiles.main | 1 change detected
2026-07-08 10:33:01,565 | INFO | watchfiles.main | 1 change detected
2026-07-08 10:33:01,966 | INFO | watchfiles.main | 1 change detected
2026-07-08 10:33:02,376 | INFO | watchfiles.main | 1 change detected
2026-07-08 10:33:02,736 | INFO | watchfiles.main | 1 change detected
2026-07-08 10:33:03,141 | INFO | watchfiles.main | 1 change detected
2026-07-08 10:33:03,550 | INFO | watchfiles.main | 1 change detected
2026-07-08 10:33:03,954 | INFO | watchfiles.main | 1 change detected
2026-07-08 10:33:04,359 | INFO | watchfiles.main | 1 change detected
2026-07-08 10:33:04,769 | INFO | watchfiles.main | 1 change detected
2026-07-08 10:33:05,174 | INFO | watchfiles.main | 1 change detected
2026-07-08 10:33:05,579 | INFO | watchfiles.main | 1 change detected
2026-07-08 10:33:05,983 | INFO | watchfiles.main | 1 change detected
2026-07-08 10:33:06,385 | INFO | watchfiles.main | 1 change detected
2026-07-08 10:33:06,738 | INFO | watchfiles.main | 1 change detected
2026-07-08 10:33:07,146 | INFO | watchfiles.main | 1 change detected
2026-07-08 10:33:07,555 | INFO | watchfiles.main | 1 change detected
2026-07-08 10:33:07,964 | INFO | watchfiles.main | 1 change detected
2026-07-08 10:33:08,369 | INFO | watchfiles.main | 1 change detected
2026-07-08 10:33:08,774 | INFO | watchfiles.main | 1 change detected
2026-07-08 10:33:09,178 | INFO | watchfiles.main | 1 change detected
2026-07-08 10:33:09,585 | INFO | watchfiles.main | 1 change detected
2026-07-08 10:33:10,002 | INFO | watchfiles.main | 1 change detected
2026-07-08 10:33:10,356 | INFO | watchfiles.main | 1 change detected
2026-07-08 10:33:10,763 | INFO | watchfiles.main | 1 change detected
2026-07-08 10:33:11,169 | INFO | watchfiles.main | 1 change detected
2026-07-08 10:33:11,580 | INFO | watchfiles.main | 1 change detected
2026-07-08 10:33:11,989 | INFO | watchfiles.main | 1 change detected
2026-07-08 10:33:12,394 | INFO | watchfiles.main | 1 change detected
2026-07-08 10:33:12,750 | INFO | watchfiles.main | 1 change detected
2026-07-08 10:33:13,158 | INFO | watchfiles.main | 1 change detected
2026-07-08 10:33:13,561 | INFO | watchfiles.main | 1 change detected
2026-07-08 10:33:13,963 | INFO | watchfiles.main | 1 change detected
2026-07-08 10:33:14,372 | INFO | watchfiles.main | 1 change detected
2026-07-08 10:33:14,779 | INFO | watchfiles.main | 1 change detected
2026-07-08 10:33:15,188 | INFO | watchfiles.main | 1 change detected
2026-07-08 10:33:15,544 | INFO | watchfiles.main | 1 change detected
2026-07-08 10:33:15,953 | INFO | watchfiles.main | 1 change detected
2026-07-08 10:33:16,360 | INFO | watchfiles.main | 1 change detected
2026-07-08 10:33:16,771 | INFO | watchfiles.main | 1 change detected
2026-07-08 10:33:17,184 | INFO | watchfiles.main | 1 change detected
2026-07-08 10:33:17,545 | INFO | watchfiles.main | 1 change detected
2026-07-08 10:33:17,958 | INFO | watchfiles.main | 1 change detected
2026-07-08 10:33:18,368 | INFO | watchfiles.main | 1 change detected
2026-07-08 10:33:18,774 | INFO | watchfiles.main | 1 change detected
2026-07-08 10:33:19,185 | INFO | watchfiles.main | 1 change detected
2026-07-08 10:33:19,594 | INFO | watchfiles.main | 1 change detected
2026-07-08 10:33:20,006 | INFO | watchfiles.main | 1 change detected
2026-07-08 10:33:20,369 | INFO | watchfiles.main | 1 change detected
2026-07-08 10:33:20,778 | INFO | watchfiles.main | 1 change detected
2026-07-08 10:33:21,190 | INFO | watchfiles.main | 1 change detected
2026-07-08 10:33:21,600 | INFO | watchfiles.main | 1 change detected
2026-07-08 10:33:21,961 | INFO | watchfiles.main | 1 change detected
2026-07-08 10:33:22,377 | INFO | watchfiles.main | 1 change detected
2026-07-08 10:33:22,786 | INFO | watchfiles.main | 1 change detected
2026-07-08 10:33:23,202 | INFO | watchfiles.main | 1 change detected
2026-07-08 10:33:23,607 | INFO | watchfiles.main | 1 change detected
2026-07-08 10:33:24,020 | INFO | watchfiles.main | 1 change detected
2026-07-08 10:33:24,378 | INFO | watchfiles.main | 1 change detected
2026-07-08 10:33:24,835 | INFO | watchfiles.main | 1 change detected
2026-07-08 10:33:25,197 | INFO | watchfiles.main | 1 change detected
2026-07-08 10:33:25,604 | INFO | watchfiles.main | 1 change detected
2026-07-08 10:33:26,011 | INFO | watchfiles.main | 1 change detected
2026-07-08 10:33:26,420 | INFO | watchfiles.main | 1 change detected
2026-07-08 10:33:26,780 | INFO | watchfiles.main | 1 change detected
2026-07-08 10:33:27,236 | INFO | watchfiles.main | 1 change detected
2026-07-08 10:33:27,592 | INFO | watchfiles.main | 1 change detected
2026-07-08 10:33:27,999 | INFO | watchfiles.main | 1 change detected
2026-07-08 10:33:28,407 | INFO | watchfiles.main | 1 change detected
2026-07-08 10:33:28,820 | INFO | watchfiles.main | 1 change detected
2026-07-08 10:33:29,232 | INFO | watchfiles.main | 1 change detected
2026-07-08 10:33:29,643 | INFO | watchfiles.main | 1 change detected
2026-07-08 10:33:30,054 | INFO | watchfiles.main | 1 change detected
2026-07-08 10:33:30,464 | INFO | watchfiles.main | 1 change detected
2026-07-08 10:33:30,874 | INFO | watchfiles.main | 1 change detected
2026-07-08 10:33:31,237 | INFO | watchfiles.main | 1 change detected
2026-07-08 10:33:31,645 | INFO | watchfiles.main | 1 change detected
2026-07-08 10:33:32,053 | INFO | watchfiles.main | 1 change detected
2026-07-08 10:33:32,413 | INFO | watchfiles.main | 1 change detected
2026-07-08 10:33:32,820 | INFO | watchfiles.main | 1 change detected
2026-07-08 10:33:33,225 | INFO | watchfiles.main | 1 change detected
2026-07-08 10:33:33,628 | INFO | watchfiles.main | 1 change detected
2026-07-08 10:33:34,036 | INFO | watchfiles.main | 1 change detected
2026-07-08 10:33:34,442 | INFO | watchfiles.main | 1 change detected
2026-07-08 10:33:34,798 | INFO | watchfiles.main | 1 change detected
2026-07-08 10:33:35,203 | INFO | watchfiles.main | 1 change detected
2026-07-08 10:33:35,656 | INFO | watchfiles.main | 1 change detected
2026-07-08 10:33:36,063 | INFO | watchfiles.main | 1 change detected
2026-07-08 10:33:36,424 | INFO | watchfiles.main | 1 change detected
2026-07-08 10:33:36,833 | INFO | watchfiles.main | 1 change detected
2026-07-08 10:33:37,242 | INFO | watchfiles.main | 1 change detected
2026-07-08 10:33:37,651 | INFO | watchfiles.main | 1 change detected
2026-07-08 10:33:38,007 | INFO | watchfiles.main | 1 change detected
2026-07-08 10:33:38,420 | INFO | watchfiles.main | 1 change detected
2026-07-08 10:33:38,830 | INFO | watchfiles.main | 1 change detected
2026-07-08 10:33:39,233 | INFO | watchfiles.main | 1 change detected
2026-07-08 10:33:39,641 | INFO | watchfiles.main | 1 change detected
2026-07-08 10:33:40,049 | INFO | watchfiles.main | 1 change detected
2026-07-08 10:33:40,451 | INFO | watchfiles.main | 1 change detected
2026-07-08 10:33:40,861 | INFO | watchfiles.main | 1 change detected
2026-07-08 10:33:41,264 | INFO | watchfiles.main | 1 change detected
2026-07-08 10:33:41,625 | INFO | watchfiles.main | 1 change detected
2026-07-08 10:33:42,034 | INFO | watchfiles.main | 1 change detected
2026-07-08 10:33:42,440 | INFO | watchfiles.main | 1 change detected
2026-07-08 10:33:42,848 | INFO | watchfiles.main | 1 change detected
2026-07-08 10:33:43,257 | INFO | watchfiles.main | 1 change detected
2026-07-08 10:33:43,665 | INFO | watchfiles.main | 1 change detected
2026-07-08 10:33:44,022 | INFO | watchfiles.main | 1 change detected
2026-07-08 10:33:44,437 | INFO | watchfiles.main | 1 change detected
2026-07-08 10:33:44,842 | INFO | watchfiles.main | 1 change detected
2026-07-08 10:33:45,250 | INFO | watchfiles.main | 1 change detected
2026-07-08 10:33:45,655 | INFO | watchfiles.main | 1 change detected
2026-07-08 10:33:46,013 | INFO | watchfiles.main | 1 change detected
2026-07-08 10:33:46,426 | INFO | watchfiles.main | 1 change detected
2026-07-08 10:33:46,835 | INFO | watchfiles.main | 1 change detected
2026-07-08 10:33:47,196 | INFO | watchfiles.main | 1 change detected
2026-07-08 10:33:47,606 | INFO | watchfiles.main | 1 change detected
2026-07-08 10:33:48,021 | INFO | watchfiles.main | 1 change detected
2026-07-08 10:33:48,432 | INFO | watchfiles.main | 1 change detected
2026-07-08 10:33:48,844 | INFO | watchfiles.main | 1 change detected
2026-07-08 10:33:49,018 | INFO | lmsguard.requests | GET /platform/notifications -> 401 3.45ms
2026-07-08 10:33:49,203 | INFO | watchfiles.main | 1 change detected
2026-07-08 10:33:49,562 | INFO | watchfiles.main | 1 change detected
2026-07-08 10:33:49,921 | INFO | watchfiles.main | 1 change detected
2026-07-08 10:33:50,281 | INFO | watchfiles.main | 1 change detected
2026-07-08 10:33:50,693 | INFO | watchfiles.main | 1 change detected
2026-07-08 10:33:51,102 | INFO | watchfiles.main | 1 change detected
2026-07-08 10:33:51,514 | INFO | watchfiles.main | 1 change detected
2026-07-08 10:33:51,925 | INFO | watchfiles.main | 1 change detected
2026-07-08 10:33:52,337 | INFO | watchfiles.main | 1 change detected
2026-07-08 10:33:52,746 | INFO | watchfiles.main | 1 change detected
2026-07-08 10:33:53,112 | INFO | watchfiles.main | 1 change detected
2026-07-08 10:33:53,523 | INFO | watchfiles.main | 1 change detected
2026-07-08 10:33:53,887 | INFO | watchfiles.main | 1 change detected
2026-07-08 10:33:54,295 | INFO | watchfiles.main | 1 change detected
2026-07-08 10:33:54,702 | INFO | watchfiles.main | 1 change detected
2026-07-08 10:33:55,111 | INFO | watchfiles.main | 1 change detected
2026-07-08 10:33:55,478 | INFO | watchfiles.main | 1 change detected
2026-07-08 10:33:55,885 | INFO | watchfiles.main | 1 change detected
2026-07-08 10:33:56,288 | INFO | watchfiles.main | 1 change detected
2026-07-08 10:33:56,696 | INFO | watchfiles.main | 1 change detected
2026-07-08 10:33:57,102 | INFO | watchfiles.main | 1 change detected
2026-07-08 10:33:57,511 | INFO | watchfiles.main | 1 change detected
2026-07-08 10:33:57,923 | INFO | watchfiles.main | 1 change detected
2026-07-08 10:33:58,278 | INFO | watchfiles.main | 1 change detected
2026-07-08 10:33:58,685 | INFO | watchfiles.main | 1 change detected
2026-07-08 10:33:59,092 | INFO | watchfiles.main | 1 change detected
2026-07-08 10:33:59,496 | INFO | watchfiles.main | 1 change detected
2026-07-08 10:33:59,899 | INFO | watchfiles.main | 1 change detected
2026-07-08 10:34:00,301 | INFO | watchfiles.main | 1 change detected
2026-07-08 10:34:00,705 | INFO | watchfiles.main | 1 change detected
2026-07-08 10:34:01,110 | INFO | watchfiles.main | 1 change detected
2026-07-08 10:34:01,514 | INFO | watchfiles.main | 1 change detected
2026-07-08 10:34:01,919 | INFO | watchfiles.main | 1 change detected
2026-07-08 10:34:02,277 | INFO | watchfiles.main | 1 change detected
2026-07-08 10:34:02,690 | INFO | watchfiles.main | 1 change detected
2026-07-08 10:34:03,092 | INFO | watchfiles.main | 1 change detected
2026-07-08 10:34:03,495 | INFO | watchfiles.main | 1 change detected
2026-07-08 10:34:03,900 | INFO | watchfiles.main | 1 change detected
2026-07-08 10:34:04,305 | INFO | watchfiles.main | 1 change detected
2026-07-08 10:34:04,708 | INFO | watchfiles.main | 1 change detected
2026-07-08 10:34:05,110 | INFO | watchfiles.main | 1 change detected
2026-07-08 10:34:05,522 | INFO | watchfiles.main | 1 change detected
2026-07-08 10:34:05,932 | INFO | watchfiles.main | 1 change detected
2026-07-08 10:34:06,294 | INFO | watchfiles.main | 1 change detected
2026-07-08 10:34:06,706 | INFO | watchfiles.main | 1 change detected
2026-07-08 10:34:07,111 | INFO | watchfiles.main | 1 change detected
2026-07-08 10:34:07,516 | INFO | watchfiles.main | 1 change detected
2026-07-08 10:34:07,924 | INFO | watchfiles.main | 1 change detected
2026-07-08 10:34:08,277 | INFO | watchfiles.main | 1 change detected
2026-07-08 10:34:08,688 | INFO | watchfiles.main | 1 change detected
2026-07-08 10:34:09,095 | INFO | watchfiles.main | 1 change detected
2026-07-08 10:34:09,505 | INFO | watchfiles.main | 1 change detected
2026-07-08 10:34:09,909 | INFO | watchfiles.main | 1 change detected
2026-07-08 10:34:10,313 | INFO | watchfiles.main | 1 change detected
2026-07-08 10:34:10,717 | INFO | watchfiles.main | 1 change detected
2026-07-08 10:34:11,123 | INFO | watchfiles.main | 1 change detected
2026-07-08 10:34:11,482 | INFO | watchfiles.main | 1 change detected
2026-07-08 10:34:11,893 | INFO | watchfiles.main | 1 change detected
2026-07-08 10:34:12,298 | INFO | watchfiles.main | 1 change detected
2026-07-08 10:34:12,706 | INFO | watchfiles.main | 1 change detected
2026-07-08 10:34:13,109 | INFO | watchfiles.main | 1 change detected
2026-07-08 10:34:13,526 | INFO | watchfiles.main | 1 change detected
2026-07-08 10:34:13,891 | INFO | watchfiles.main | 1 change detected
2026-07-08 10:34:14,301 | INFO | watchfiles.main | 1 change detected
2026-07-08 10:34:14,705 | INFO | watchfiles.main | 1 change detected
2026-07-08 10:34:15,113 | INFO | watchfiles.main | 1 change detected
2026-07-08 10:34:15,517 | INFO | watchfiles.main | 1 change detected
2026-07-08 10:34:15,924 | INFO | watchfiles.main | 1 change detected
2026-07-08 10:34:16,277 | INFO | watchfiles.main | 1 change detected
2026-07-08 10:34:16,689 | INFO | watchfiles.main | 1 change detected
2026-07-08 10:34:17,098 | INFO | watchfiles.main | 1 change detected
2026-07-08 10:34:17,501 | INFO | watchfiles.main | 1 change detected
2026-07-08 10:34:17,859 | INFO | watchfiles.main | 1 change detected
2026-07-08 10:34:18,265 | INFO | watchfiles.main | 1 change detected
2026-07-08 10:34:18,668 | INFO | watchfiles.main | 1 change detected
2026-07-08 10:34:19,074 | INFO | watchfiles.main | 1 change detected
2026-07-08 10:34:19,485 | INFO | watchfiles.main | 1 change detected
2026-07-08 10:34:19,891 | INFO | watchfiles.main | 1 change detected
2026-07-08 10:34:20,295 | INFO | watchfiles.main | 1 change detected
2026-07-08 10:34:20,701 | INFO | watchfiles.main | 1 change detected
2026-07-08 10:34:21,109 | INFO | watchfiles.main | 1 change detected
2026-07-08 10:34:21,517 | INFO | watchfiles.main | 1 change detected
2026-07-08 10:34:21,926 | INFO | watchfiles.main | 1 change detected
2026-07-08 10:34:22,332 | INFO | watchfiles.main | 1 change detected
2026-07-08 10:34:22,689 | INFO | watchfiles.main | 1 change detected
2026-07-08 10:34:23,095 | INFO | watchfiles.main | 1 change detected
2026-07-08 10:34:23,501 | INFO | watchfiles.main | 1 change detected
2026-07-08 10:34:23,907 | INFO | watchfiles.main | 1 change detected
2026-07-08 10:34:24,315 | INFO | watchfiles.main | 1 change detected
2026-07-08 10:34:24,717 | INFO | watchfiles.main | 1 change detected
2026-07-08 10:34:25,127 | INFO | watchfiles.main | 1 change detected
2026-07-08 10:34:25,484 | INFO | watchfiles.main | 1 change detected
2026-07-08 10:34:25,893 | INFO | watchfiles.main | 1 change detected
2026-07-08 10:34:26,300 | INFO | watchfiles.main | 1 change detected
2026-07-08 10:34:26,707 | INFO | watchfiles.main | 1 change detected
2026-07-08 10:34:27,110 | INFO | watchfiles.main | 1 change detected
2026-07-08 10:34:27,514 | INFO | watchfiles.main | 1 change detected
2026-07-08 10:34:27,918 | INFO | watchfiles.main | 1 change detected
2026-07-08 10:34:28,322 | INFO | watchfiles.main | 1 change detected
2026-07-08 10:34:28,727 | INFO | watchfiles.main | 1 change detected
2026-07-08 10:34:29,133 | INFO | watchfiles.main | 1 change detected
2026-07-08 10:34:29,545 | INFO | watchfiles.main | 1 change detected
2026-07-08 10:34:29,908 | INFO | watchfiles.main | 1 change detected
2026-07-08 10:34:30,317 | INFO | watchfiles.main | 1 change detected
2026-07-08 10:34:30,721 | INFO | watchfiles.main | 1 change detected
2026-07-08 10:34:31,124 | INFO | watchfiles.main | 1 change detected
2026-07-08 10:34:31,482 | INFO | watchfiles.main | 1 change detected
2026-07-08 10:34:31,889 | INFO | watchfiles.main | 1 change detected
2026-07-08 10:34:32,296 | INFO | watchfiles.main | 1 change detected
2026-07-08 10:34:32,704 | INFO | watchfiles.main | 1 change detected
2026-07-08 10:34:33,107 | INFO | watchfiles.main | 1 change detected
2026-07-08 10:34:33,512 | INFO | watchfiles.main | 1 change detected
2026-07-08 10:34:33,867 | INFO | watchfiles.main | 1 change detected
2026-07-08 10:34:34,270 | INFO | watchfiles.main | 1 change detected
2026-07-08 10:34:34,675 | INFO | watchfiles.main | 1 change detected
2026-07-08 10:34:35,038 | INFO | watchfiles.main | 1 change detected
2026-07-08 10:34:35,448 | INFO | watchfiles.main | 1 change detected
2026-07-08 10:34:35,903 | INFO | watchfiles.main | 1 change detected
2026-07-08 10:34:36,316 | INFO | watchfiles.main | 1 change detected
2026-07-08 10:34:36,670 | INFO | watchfiles.main | 1 change detected
2026-07-08 10:34:37,074 | INFO | watchfiles.main | 1 change detected
2026-07-08 10:34:37,485 | INFO | watchfiles.main | 1 change detected
2026-07-08 10:34:37,892 | INFO | watchfiles.main | 1 change detected
2026-07-08 10:34:38,296 | INFO | watchfiles.main | 1 change detected
2026-07-08 10:34:38,702 | INFO | watchfiles.main | 1 change detected
2026-07-08 10:34:39,111 | INFO | watchfiles.main | 1 change detected
2026-07-08 10:34:39,468 | INFO | watchfiles.main | 1 change detected
2026-07-08 10:34:39,876 | INFO | watchfiles.main | 1 change detected
2026-07-08 10:34:40,287 | INFO | watchfiles.main | 1 change detected
2026-07-08 10:34:40,690 | INFO | watchfiles.main | 1 change detected
2026-07-08 10:34:41,095 | INFO | watchfiles.main | 1 change detected
2026-07-08 10:34:41,500 | INFO | watchfiles.main | 1 change detected
2026-07-08 10:34:41,910 | INFO | watchfiles.main | 1 change detected
2026-07-08 10:34:42,269 | INFO | watchfiles.main | 1 change detected
2026-07-08 10:34:42,674 | INFO | watchfiles.main | 1 change detected
2026-07-08 10:34:43,084 | INFO | watchfiles.main | 1 change detected
2026-07-08 10:34:43,488 | INFO | watchfiles.main | 1 change detected
2026-07-08 10:34:43,898 | INFO | watchfiles.main | 1 change detected
2026-07-08 10:34:44,307 | INFO | watchfiles.main | 1 change detected
2026-07-08 10:34:44,717 | INFO | watchfiles.main | 1 change detected
2026-07-08 10:34:45,076 | INFO | watchfiles.main | 1 change detected
2026-07-08 10:34:45,490 | INFO | watchfiles.main | 1 change detected
2026-07-08 10:34:45,895 | INFO | watchfiles.main | 1 change detected
2026-07-08 10:34:46,299 | INFO | watchfiles.main | 1 change detected
2026-07-08 10:34:46,705 | INFO | watchfiles.main | 1 change detected
2026-07-08 10:34:47,109 | INFO | watchfiles.main | 1 change detected
2026-07-08 10:34:47,517 | INFO | watchfiles.main | 1 change detected
2026-07-08 10:34:47,872 | INFO | watchfiles.main | 1 change detected
2026-07-08 10:34:48,278 | INFO | watchfiles.main | 1 change detected
2026-07-08 10:34:48,690 | INFO | watchfiles.main | 1 change detected
2026-07-08 10:34:48,710 | INFO | lmsguard.requests | OPTIONS /platform/notifications -> 200 0.68ms
2026-07-08 10:34:48,717 | INFO | lmsguard.requests | GET /platform/notifications -> 401 2.82ms
2026-07-08 10:34:49,046 | INFO | watchfiles.main | 1 change detected
2026-07-08 10:34:49,398 | INFO | watchfiles.main | 1 change detected
2026-07-08 10:34:49,753 | INFO | watchfiles.main | 1 change detected
2026-07-08 10:34:50,109 | INFO | watchfiles.main | 1 change detected
2026-07-08 10:34:50,465 | INFO | watchfiles.main | 1 change detected
2026-07-08 10:34:50,820 | INFO | watchfiles.main | 1 change detected
2026-07-08 10:34:51,177 | INFO | watchfiles.main | 1 change detected
2026-07-08 10:34:51,583 | INFO | watchfiles.main | 1 change detected
2026-07-08 10:34:51,940 | INFO | watchfiles.main | 1 change detected
2026-07-08 10:34:52,360 | INFO | watchfiles.main | 1 change detected
2026-07-08 10:34:52,763 | INFO | watchfiles.main | 1 change detected
2026-07-08 10:34:53,175 | INFO | watchfiles.main | 1 change detected
2026-07-08 10:34:53,579 | INFO | watchfiles.main | 1 change detected
2026-07-08 10:34:53,932 | INFO | watchfiles.main | 1 change detected
2026-07-08 10:34:54,351 | INFO | watchfiles.main | 1 change detected
2026-07-08 10:34:54,755 | INFO | watchfiles.main | 1 change detected
2026-07-08 10:34:55,156 | INFO | watchfiles.main | 1 change detected
2026-07-08 10:34:55,564 | INFO | watchfiles.main | 1 change detected
2026-07-08 10:34:55,975 | INFO | watchfiles.main | 1 change detected
2026-07-08 10:34:56,381 | INFO | watchfiles.main | 1 change detected
2026-07-08 10:34:56,746 | INFO | watchfiles.main | 1 change detected
2026-07-08 10:34:57,155 | INFO | watchfiles.main | 1 change detected
2026-07-08 10:34:57,561 | INFO | watchfiles.main | 1 change detected
2026-07-08 10:34:57,968 | INFO | watchfiles.main | 1 change detected
2026-07-08 10:34:58,380 | INFO | watchfiles.main | 1 change detected
2026-07-08 10:34:58,746 | INFO | watchfiles.main | 1 change detected
2026-07-08 10:34:59,152 | INFO | watchfiles.main | 1 change detected
2026-07-08 10:34:59,557 | INFO | watchfiles.main | 1 change detected
2026-07-08 10:34:59,967 | INFO | watchfiles.main | 1 change detected
2026-07-08 10:35:00,372 | INFO | watchfiles.main | 1 change detected
2026-07-08 10:35:00,775 | INFO | watchfiles.main | 1 change detected
2026-07-08 10:35:01,178 | INFO | watchfiles.main | 1 change detected
2026-07-08 10:35:01,584 | INFO | watchfiles.main | 1 change detected
2026-07-08 10:35:01,937 | INFO | watchfiles.main | 1 change detected
2026-07-08 10:35:02,346 | INFO | watchfiles.main | 1 change detected
2026-07-08 10:35:02,758 | INFO | watchfiles.main | 1 change detected
2026-07-08 10:35:03,167 | INFO | watchfiles.main | 1 change detected
2026-07-08 10:35:03,575 | INFO | watchfiles.main | 1 change detected
2026-07-08 10:35:03,980 | INFO | watchfiles.main | 1 change detected
2026-07-08 10:35:04,334 | INFO | watchfiles.main | 1 change detected
2026-07-08 10:35:04,738 | INFO | watchfiles.main | 1 change detected
2026-07-08 10:35:05,151 | INFO | watchfiles.main | 1 change detected
2026-07-08 10:35:05,558 | INFO | watchfiles.main | 1 change detected
2026-07-08 10:35:05,966 | INFO | watchfiles.main | 1 change detected
2026-07-08 10:35:06,373 | INFO | watchfiles.main | 1 change detected
2026-07-08 10:35:06,776 | INFO | watchfiles.main | 1 change detected
2026-07-08 10:35:07,131 | INFO | watchfiles.main | 1 change detected
2026-07-08 10:35:07,537 | INFO | watchfiles.main | 1 change detected
2026-07-08 10:35:07,943 | INFO | watchfiles.main | 1 change detected
2026-07-08 10:35:08,357 | INFO | watchfiles.main | 1 change detected
2026-07-08 10:35:08,765 | INFO | watchfiles.main | 1 change detected
2026-07-08 10:35:09,171 | INFO | watchfiles.main | 1 change detected
2026-07-08 10:35:09,582 | INFO | watchfiles.main | 1 change detected
2026-07-08 10:35:09,989 | INFO | watchfiles.main | 1 change detected
2026-07-08 10:35:10,395 | INFO | watchfiles.main | 1 change detected
2026-07-08 10:35:10,800 | INFO | watchfiles.main | 1 change detected
2026-07-08 10:35:11,154 | INFO | watchfiles.main | 1 change detected
2026-07-08 10:35:11,567 | INFO | watchfiles.main | 1 change detected
2026-07-08 10:35:11,976 | INFO | watchfiles.main | 1 change detected
2026-07-08 10:35:12,382 | INFO | watchfiles.main | 1 change detected
2026-07-08 10:35:12,789 | INFO | watchfiles.main | 1 change detected
2026-07-08 10:35:13,146 | INFO | watchfiles.main | 1 change detected
2026-07-08 10:35:13,557 | INFO | watchfiles.main | 1 change detected
2026-07-08 10:35:13,969 | INFO | watchfiles.main | 1 change detected
2026-07-08 10:35:14,378 | INFO | watchfiles.main | 1 change detected
2026-07-08 10:35:14,785 | INFO | watchfiles.main | 1 change detected
2026-07-08 10:35:15,187 | INFO | watchfiles.main | 1 change detected
2026-07-08 10:35:15,543 | INFO | watchfiles.main | 1 change detected
2026-07-08 10:35:15,954 | INFO | watchfiles.main | 1 change detected
2026-07-08 10:35:16,358 | INFO | watchfiles.main | 1 change detected
2026-07-08 10:35:16,767 | INFO | watchfiles.main | 1 change detected
2026-07-08 10:35:17,172 | INFO | watchfiles.main | 1 change detected
2026-07-08 10:35:17,578 | INFO | watchfiles.main | 1 change detected
2026-07-08 10:35:17,982 | INFO | watchfiles.main | 1 change detected
2026-07-08 10:35:18,339 | INFO | watchfiles.main | 1 change detected
2026-07-08 10:35:18,743 | INFO | watchfiles.main | 1 change detected
2026-07-08 10:35:19,153 | INFO | watchfiles.main | 1 change detected
2026-07-08 10:35:19,558 | INFO | watchfiles.main | 1 change detected
2026-07-08 10:35:19,961 | INFO | watchfiles.main | 1 change detected
2026-07-08 10:35:20,370 | INFO | watchfiles.main | 1 change detected
2026-07-08 10:35:20,780 | INFO | watchfiles.main | 1 change detected
2026-07-08 10:35:21,188 | INFO | watchfiles.main | 1 change detected
2026-07-08 10:35:21,597 | INFO | watchfiles.main | 1 change detected
2026-07-08 10:35:21,956 | INFO | watchfiles.main | 1 change detected
2026-07-08 10:35:22,364 | INFO | watchfiles.main | 1 change detected
2026-07-08 10:35:22,770 | INFO | watchfiles.main | 1 change detected
2026-07-08 10:35:23,175 | INFO | watchfiles.main | 1 change detected
2026-07-08 10:35:23,578 | INFO | watchfiles.main | 1 change detected
2026-07-08 10:35:23,933 | INFO | watchfiles.main | 1 change detected
2026-07-08 10:35:24,340 | INFO | watchfiles.main | 1 change detected
2026-07-08 10:35:24,752 | INFO | watchfiles.main | 1 change detected
2026-07-08 10:35:25,154 | INFO | watchfiles.main | 1 change detected
2026-07-08 10:35:25,563 | INFO | watchfiles.main | 1 change detected
2026-07-08 10:35:25,972 | INFO | watchfiles.main | 1 change detected
2026-07-08 10:35:26,377 | INFO | watchfiles.main | 1 change detected
2026-07-08 10:35:26,780 | INFO | watchfiles.main | 1 change detected
2026-07-08 10:35:27,187 | INFO | watchfiles.main | 1 change detected
2026-07-08 10:35:27,595 | INFO | watchfiles.main | 1 change detected
2026-07-08 10:35:28,000 | INFO | watchfiles.main | 1 change detected
2026-07-08 10:35:28,412 | INFO | watchfiles.main | 1 change detected
2026-07-08 10:35:28,769 | INFO | watchfiles.main | 1 change detected
2026-07-08 10:35:29,236 | INFO | watchfiles.main | 1 change detected
2026-07-08 10:35:29,645 | INFO | watchfiles.main | 1 change detected
2026-07-08 10:35:30,047 | INFO | watchfiles.main | 1 change detected
2026-07-08 10:35:30,450 | INFO | watchfiles.main | 1 change detected
2026-07-08 10:35:30,858 | INFO | watchfiles.main | 1 change detected
2026-07-08 10:35:31,270 | INFO | watchfiles.main | 1 change detected
2026-07-08 10:35:31,672 | INFO | watchfiles.main | 1 change detected
2026-07-08 10:35:32,079 | INFO | watchfiles.main | 1 change detected
2026-07-08 10:35:32,493 | INFO | watchfiles.main | 1 change detected
2026-07-08 10:35:32,898 | INFO | watchfiles.main | 1 change detected
2026-07-08 10:35:33,309 | INFO | watchfiles.main | 1 change detected
2026-07-08 10:35:33,713 | INFO | watchfiles.main | 1 change detected
2026-07-08 10:35:34,117 | INFO | watchfiles.main | 1 change detected
2026-07-08 10:35:34,483 | INFO | watchfiles.main | 1 change detected
2026-07-08 10:35:34,892 | INFO | watchfiles.main | 1 change detected
2026-07-08 10:35:35,293 | INFO | watchfiles.main | 1 change detected
2026-07-08 10:35:35,699 | INFO | watchfiles.main | 1 change detected
2026-07-08 10:35:36,106 | INFO | watchfiles.main | 1 change detected
2026-07-08 10:35:36,465 | INFO | watchfiles.main | 1 change detected
2026-07-08 10:35:36,867 | INFO | watchfiles.main | 1 change detected
2026-07-08 10:35:37,288 | INFO | watchfiles.main | 1 change detected
2026-07-08 10:35:37,699 | INFO | watchfiles.main | 1 change detected
2026-07-08 10:35:38,103 | INFO | watchfiles.main | 1 change detected
2026-07-08 10:35:38,506 | INFO | watchfiles.main | 1 change detected
2026-07-08 10:35:38,864 | INFO | watchfiles.main | 1 change detected
2026-07-08 10:35:39,268 | INFO | watchfiles.main | 1 change detected
2026-07-08 10:35:39,676 | INFO | watchfiles.main | 1 change detected
2026-07-08 10:35:40,086 | INFO | watchfiles.main | 1 change detected
2026-07-08 10:35:40,495 | INFO | watchfiles.main | 1 change detected
2026-07-08 10:35:40,905 | INFO | watchfiles.main | 1 change detected
2026-07-08 10:35:41,307 | INFO | watchfiles.main | 1 change detected
2026-07-08 10:35:41,663 | INFO | watchfiles.main | 1 change detected
2026-07-08 10:35:42,083 | INFO | watchfiles.main | 1 change detected
2026-07-08 10:35:42,488 | INFO | watchfiles.main | 1 change detected
2026-07-08 10:35:42,899 | INFO | watchfiles.main | 1 change detected
2026-07-08 10:35:43,306 | INFO | watchfiles.main | 1 change detected
2026-07-08 10:35:43,712 | INFO | watchfiles.main | 1 change detected
2026-07-08 10:35:44,118 | INFO | watchfiles.main | 1 change detected
2026-07-08 10:35:44,470 | INFO | watchfiles.main | 1 change detected
2026-07-08 10:35:44,874 | INFO | watchfiles.main | 1 change detected
2026-07-08 10:35:45,284 | INFO | watchfiles.main | 1 change detected
2026-07-08 10:35:45,694 | INFO | watchfiles.main | 1 change detected
2026-07-08 10:35:46,100 | INFO | watchfiles.main | 1 change detected
2026-07-08 10:35:46,511 | INFO | watchfiles.main | 1 change detected
2026-07-08 10:35:46,917 | INFO | watchfiles.main | 1 change detected
2026-07-08 10:35:47,323 | INFO | watchfiles.main | 1 change detected
2026-07-08 10:35:47,727 | INFO | watchfiles.main | 1 change detected
2026-07-08 10:35:48,133 | INFO | watchfiles.main | 1 change detected
2026-07-08 10:35:48,493 | INFO | watchfiles.main | 1 change detected
2026-07-08 10:35:48,906 | INFO | watchfiles.main | 1 change detected
2026-07-08 10:35:49,024 | INFO | lmsguard.requests | GET /platform/notifications -> 401 1.83ms
2026-07-08 10:35:49,259 | INFO | watchfiles.main | 1 change detected
2026-07-08 10:35:49,617 | INFO | watchfiles.main | 1 change detected
2026-07-08 10:35:49,975 | INFO | watchfiles.main | 1 change detected
2026-07-08 10:35:50,329 | INFO | watchfiles.main | 1 change detected
2026-07-08 10:35:50,683 | INFO | watchfiles.main | 1 change detected
2026-07-08 10:35:51,094 | INFO | watchfiles.main | 1 change detected
2026-07-08 10:35:51,504 | INFO | watchfiles.main | 1 change detected
2026-07-08 10:35:51,908 | INFO | watchfiles.main | 1 change detected
2026-07-08 10:35:52,314 | INFO | watchfiles.main | 1 change detected
2026-07-08 10:35:52,671 | INFO | watchfiles.main | 1 change detected
2026-07-08 10:35:53,084 | INFO | watchfiles.main | 1 change detected
2026-07-08 10:35:53,490 | INFO | watchfiles.main | 1 change detected
2026-07-08 10:35:53,895 | INFO | watchfiles.main | 1 change detected
2026-07-08 10:35:54,306 | INFO | watchfiles.main | 1 change detected
2026-07-08 10:35:54,713 | INFO | watchfiles.main | 1 change detected
2026-07-08 10:35:55,123 | INFO | watchfiles.main | 1 change detected
2026-07-08 10:35:55,482 | INFO | watchfiles.main | 1 change detected
2026-07-08 10:35:55,899 | INFO | watchfiles.main | 1 change detected
2026-07-08 10:35:56,311 | INFO | watchfiles.main | 1 change detected
2026-07-08 10:35:56,674 | INFO | watchfiles.main | 1 change detected
2026-07-08 10:35:57,088 | INFO | watchfiles.main | 1 change detected
2026-07-08 10:35:57,503 | INFO | watchfiles.main | 1 change detected
2026-07-08 10:35:57,910 | INFO | watchfiles.main | 1 change detected
2026-07-08 10:35:58,268 | INFO | watchfiles.main | 1 change detected
2026-07-08 10:35:58,674 | INFO | watchfiles.main | 1 change detected
2026-07-08 10:35:59,077 | INFO | watchfiles.main | 1 change detected
2026-07-08 10:35:59,483 | INFO | watchfiles.main | 1 change detected
2026-07-08 10:35:59,937 | INFO | watchfiles.main | 1 change detected
2026-07-08 10:36:00,308 | INFO | watchfiles.main | 1 change detected
2026-07-08 10:36:00,725 | INFO | watchfiles.main | 1 change detected
2026-07-08 10:36:01,129 | INFO | watchfiles.main | 1 change detected
2026-07-08 10:36:01,486 | INFO | watchfiles.main | 1 change detected
2026-07-08 10:36:01,899 | INFO | watchfiles.main | 1 change detected
2026-07-08 10:36:02,304 | INFO | watchfiles.main | 1 change detected
2026-07-08 10:36:02,711 | INFO | watchfiles.main | 1 change detected
2026-07-08 10:36:03,116 | INFO | watchfiles.main | 1 change detected
2026-07-08 10:36:03,476 | INFO | watchfiles.main | 1 change detected
2026-07-08 10:36:03,886 | INFO | watchfiles.main | 1 change detected
2026-07-08 10:36:04,293 | INFO | watchfiles.main | 1 change detected
2026-07-08 10:36:04,701 | INFO | watchfiles.main | 1 change detected
2026-07-08 10:36:05,062 | INFO | watchfiles.main | 1 change detected
2026-07-08 10:36:05,470 | INFO | watchfiles.main | 1 change detected
2026-07-08 10:36:05,873 | INFO | watchfiles.main | 1 change detected
2026-07-08 10:36:06,286 | INFO | watchfiles.main | 1 change detected
2026-07-08 10:36:06,644 | INFO | watchfiles.main | 1 change detected
2026-07-08 10:36:07,100 | INFO | watchfiles.main | 1 change detected
2026-07-08 10:36:07,459 | INFO | watchfiles.main | 1 change detected
2026-07-08 10:36:07,862 | INFO | watchfiles.main | 1 change detected
2026-07-08 10:36:08,272 | INFO | watchfiles.main | 1 change detected
2026-07-08 10:36:08,632 | INFO | watchfiles.main | 1 change detected
2026-07-08 10:36:09,087 | INFO | watchfiles.main | 1 change detected
2026-07-08 10:36:09,495 | INFO | watchfiles.main | 1 change detected
2026-07-08 10:36:09,904 | INFO | watchfiles.main | 1 change detected
2026-07-08 10:36:10,308 | INFO | watchfiles.main | 1 change detected
2026-07-08 10:36:10,716 | INFO | watchfiles.main | 1 change detected
2026-07-08 10:36:11,070 | INFO | watchfiles.main | 1 change detected
2026-07-08 10:36:11,474 | INFO | watchfiles.main | 1 change detected
2026-07-08 10:36:11,883 | INFO | watchfiles.main | 1 change detected
2026-07-08 10:36:12,291 | INFO | watchfiles.main | 1 change detected
2026-07-08 10:36:12,698 | INFO | watchfiles.main | 1 change detected
2026-07-08 10:36:13,104 | INFO | watchfiles.main | 1 change detected
2026-07-08 10:36:13,510 | INFO | watchfiles.main | 1 change detected
2026-07-08 10:36:13,913 | INFO | watchfiles.main | 1 change detected
2026-07-08 10:36:14,266 | INFO | watchfiles.main | 1 change detected
2026-07-08 10:36:14,673 | INFO | watchfiles.main | 1 change detected
2026-07-08 10:36:15,086 | INFO | watchfiles.main | 1 change detected
2026-07-08 10:36:15,490 | INFO | watchfiles.main | 1 change detected
2026-07-08 10:36:15,895 | INFO | watchfiles.main | 1 change detected
2026-07-08 10:36:16,300 | INFO | watchfiles.main | 1 change detected
2026-07-08 10:36:16,705 | INFO | watchfiles.main | 1 change detected
2026-07-08 10:36:17,065 | INFO | watchfiles.main | 1 change detected
2026-07-08 10:36:17,484 | INFO | watchfiles.main | 1 change detected
2026-07-08 10:36:17,889 | INFO | watchfiles.main | 1 change detected
2026-07-08 10:36:18,301 | INFO | watchfiles.main | 1 change detected
2026-07-08 10:36:18,714 | INFO | watchfiles.main | 1 change detected
2026-07-08 10:36:19,126 | INFO | watchfiles.main | 1 change detected
2026-07-08 10:36:19,489 | INFO | watchfiles.main | 1 change detected
2026-07-08 10:36:19,904 | INFO | watchfiles.main | 1 change detected
2026-07-08 10:36:20,316 | INFO | watchfiles.main | 1 change detected
2026-07-08 10:36:20,727 | INFO | watchfiles.main | 1 change detected
2026-07-08 10:36:21,085 | INFO | watchfiles.main | 1 change detected
2026-07-08 10:36:21,499 | INFO | watchfiles.main | 1 change detected
2026-07-08 10:36:21,912 | INFO | watchfiles.main | 1 change detected
2026-07-08 10:36:22,321 | INFO | watchfiles.main | 1 change detected
2026-07-08 10:36:22,733 | INFO | watchfiles.main | 1 change detected
2026-07-08 10:36:23,095 | INFO | watchfiles.main | 1 change detected
2026-07-08 10:36:23,512 | INFO | watchfiles.main | 1 change detected
2026-07-08 10:36:23,922 | INFO | watchfiles.main | 1 change detected
2026-07-08 10:36:24,335 | INFO | watchfiles.main | 1 change detected
2026-07-08 10:36:24,744 | INFO | watchfiles.main | 1 change detected
2026-07-08 10:36:25,108 | INFO | watchfiles.main | 1 change detected
2026-07-08 10:36:25,568 | INFO | watchfiles.main | 1 change detected
2026-07-08 10:36:25,929 | INFO | watchfiles.main | 1 change detected
2026-07-08 10:36:26,338 | INFO | watchfiles.main | 1 change detected
2026-07-08 10:36:26,751 | INFO | watchfiles.main | 1 change detected
2026-07-08 10:36:27,159 | INFO | watchfiles.main | 1 change detected
2026-07-08 10:36:27,568 | INFO | watchfiles.main | 1 change detected
2026-07-08 10:36:27,977 | INFO | watchfiles.main | 1 change detected
2026-07-08 10:36:28,387 | INFO | watchfiles.main | 1 change detected
2026-07-08 10:36:28,798 | INFO | watchfiles.main | 1 change detected
2026-07-08 10:36:29,210 | INFO | watchfiles.main | 1 change detected
2026-07-08 10:36:29,574 | INFO | watchfiles.main | 1 change detected
2026-07-08 10:36:29,983 | INFO | watchfiles.main | 1 change detected
2026-07-08 10:36:30,399 | INFO | watchfiles.main | 1 change detected
2026-07-08 10:36:30,807 | INFO | watchfiles.main | 1 change detected
2026-07-08 10:36:31,173 | INFO | watchfiles.main | 1 change detected
2026-07-08 10:36:31,628 | INFO | watchfiles.main | 1 change detected
2026-07-08 10:36:32,038 | INFO | watchfiles.main | 1 change detected
2026-07-08 10:36:32,399 | INFO | watchfiles.main | 1 change detected
2026-07-08 10:36:32,810 | INFO | watchfiles.main | 1 change detected
2026-07-08 10:36:33,225 | INFO | watchfiles.main | 1 change detected
2026-07-08 10:36:33,637 | INFO | watchfiles.main | 1 change detected
2026-07-08 10:36:34,046 | INFO | watchfiles.main | 1 change detected
2026-07-08 10:36:34,405 | INFO | watchfiles.main | 1 change detected
2026-07-08 10:36:34,818 | INFO | watchfiles.main | 1 change detected
2026-07-08 10:36:35,222 | INFO | watchfiles.main | 1 change detected
2026-07-08 10:36:35,626 | INFO | watchfiles.main | 1 change detected
2026-07-08 10:36:36,029 | INFO | watchfiles.main | 1 change detected
2026-07-08 10:36:36,435 | INFO | watchfiles.main | 1 change detected
2026-07-08 10:36:36,837 | INFO | watchfiles.main | 1 change detected
2026-07-08 10:36:37,240 | INFO | watchfiles.main | 1 change detected
2026-07-08 10:36:37,643 | INFO | watchfiles.main | 1 change detected
2026-07-08 10:36:38,047 | INFO | watchfiles.main | 1 change detected
2026-07-08 10:36:38,450 | INFO | watchfiles.main | 1 change detected
2026-07-08 10:36:38,854 | INFO | watchfiles.main | 1 change detected
2026-07-08 10:36:39,207 | INFO | watchfiles.main | 1 change detected
2026-07-08 10:36:39,611 | INFO | watchfiles.main | 1 change detected
2026-07-08 10:36:40,021 | INFO | watchfiles.main | 1 change detected
2026-07-08 10:36:40,426 | INFO | watchfiles.main | 1 change detected
2026-07-08 10:36:40,831 | INFO | watchfiles.main | 1 change detected
2026-07-08 10:36:41,236 | INFO | watchfiles.main | 1 change detected
2026-07-08 10:36:41,643 | INFO | watchfiles.main | 1 change detected
2026-07-08 10:36:42,054 | INFO | watchfiles.main | 1 change detected
2026-07-08 10:36:42,458 | INFO | watchfiles.main | 1 change detected
2026-07-08 10:36:42,862 | INFO | watchfiles.main | 1 change detected
2026-07-08 10:36:43,264 | INFO | watchfiles.main | 1 change detected
2026-07-08 10:36:43,624 | INFO | watchfiles.main | 1 change detected
2026-07-08 10:36:44,031 | INFO | watchfiles.main | 1 change detected
2026-07-08 10:36:44,438 | INFO | watchfiles.main | 1 change detected
2026-07-08 10:36:44,796 | INFO | watchfiles.main | 1 change detected
2026-07-08 10:36:45,203 | INFO | watchfiles.main | 1 change detected
2026-07-08 10:36:45,621 | INFO | watchfiles.main | 1 change detected
2026-07-08 10:36:46,030 | INFO | watchfiles.main | 1 change detected
2026-07-08 10:36:46,437 | INFO | watchfiles.main | 1 change detected
2026-07-08 10:36:46,840 | INFO | watchfiles.main | 1 change detected
2026-07-08 10:36:47,195 | INFO | watchfiles.main | 1 change detected
2026-07-08 10:36:47,599 | INFO | watchfiles.main | 1 change detected
2026-07-08 10:36:48,003 | INFO | watchfiles.main | 1 change detected
2026-07-08 10:36:48,410 | INFO | watchfiles.main | 1 change detected
2026-07-08 10:36:48,705 | INFO | lmsguard.requests | GET /platform/notifications -> 401 2.01ms
2026-07-08 10:36:48,770 | INFO | watchfiles.main | 1 change detected
2026-07-08 10:36:49,175 | INFO | watchfiles.main | 1 change detected
2026-07-08 10:36:49,579 | INFO | watchfiles.main | 1 change detected
2026-07-08 10:36:49,982 | INFO | watchfiles.main | 1 change detected
2026-07-08 10:36:50,336 | INFO | watchfiles.main | 1 change detected
2026-07-08 10:36:50,739 | INFO | watchfiles.main | 1 change detected
2026-07-08 10:36:51,149 | INFO | watchfiles.main | 1 change detected
2026-07-08 10:36:51,560 | INFO | watchfiles.main | 1 change detected
2026-07-08 10:36:51,965 | INFO | watchfiles.main | 1 change detected
2026-07-08 10:36:52,375 | INFO | watchfiles.main | 1 change detected
2026-07-08 10:36:52,785 | INFO | watchfiles.main | 1 change detected
2026-07-08 10:36:53,147 | INFO | watchfiles.main | 1 change detected
2026-07-08 10:36:53,558 | INFO | watchfiles.main | 1 change detected
2026-07-08 10:36:53,970 | INFO | watchfiles.main | 1 change detected
2026-07-08 10:36:54,382 | INFO | watchfiles.main | 1 change detected
2026-07-08 10:36:54,740 | INFO | watchfiles.main | 1 change detected
2026-07-08 10:36:55,152 | INFO | watchfiles.main | 1 change detected
2026-07-08 10:36:55,512 | INFO | watchfiles.main | 1 change detected
2026-07-08 10:36:55,923 | INFO | watchfiles.main | 1 change detected
2026-07-08 10:36:56,334 | INFO | watchfiles.main | 1 change detected
2026-07-08 10:36:56,744 | INFO | watchfiles.main | 1 change detected
2026-07-08 10:36:57,162 | INFO | watchfiles.main | 1 change detected
2026-07-08 10:36:57,576 | INFO | watchfiles.main | 1 change detected
2026-07-08 10:36:57,989 | INFO | watchfiles.main | 1 change detected
2026-07-08 10:36:58,398 | INFO | watchfiles.main | 1 change detected
2026-07-08 10:36:58,761 | INFO | watchfiles.main | 1 change detected
2026-07-08 10:36:59,175 | INFO | watchfiles.main | 1 change detected
2026-07-08 10:36:59,584 | INFO | watchfiles.main | 1 change detected
2026-07-08 10:36:59,944 | INFO | watchfiles.main | 1 change detected
2026-07-08 10:37:00,357 | INFO | watchfiles.main | 1 change detected
2026-07-08 10:37:00,768 | INFO | watchfiles.main | 1 change detected
2026-07-08 10:37:01,179 | INFO | watchfiles.main | 1 change detected
2026-07-08 10:37:01,590 | INFO | watchfiles.main | 1 change detected
2026-07-08 10:37:01,951 | INFO | watchfiles.main | 1 change detected
2026-07-08 10:37:02,365 | INFO | watchfiles.main | 1 change detected
2026-07-08 10:37:02,778 | INFO | watchfiles.main | 1 change detected
2026-07-08 10:37:03,135 | INFO | watchfiles.main | 1 change detected
2026-07-08 10:37:03,543 | INFO | watchfiles.main | 1 change detected
2026-07-08 10:37:03,957 | INFO | watchfiles.main | 1 change detected
2026-07-08 10:37:04,368 | INFO | watchfiles.main | 1 change detected
2026-07-08 10:37:04,780 | INFO | watchfiles.main | 1 change detected
2026-07-08 10:37:05,141 | INFO | watchfiles.main | 1 change detected
2026-07-08 10:37:05,559 | INFO | watchfiles.main | 1 change detected
2026-07-08 10:37:05,964 | INFO | watchfiles.main | 1 change detected
2026-07-08 10:37:06,375 | INFO | watchfiles.main | 1 change detected
2026-07-08 10:37:06,782 | INFO | watchfiles.main | 1 change detected
2026-07-08 10:37:07,144 | INFO | watchfiles.main | 1 change detected
2026-07-08 10:37:07,555 | INFO | watchfiles.main | 1 change detected
2026-07-08 10:37:07,961 | INFO | watchfiles.main | 1 change detected
2026-07-08 10:37:08,373 | INFO | watchfiles.main | 1 change detected
2026-07-08 10:37:08,785 | INFO | watchfiles.main | 1 change detected
2026-07-08 10:37:09,144 | INFO | watchfiles.main | 1 change detected
2026-07-08 10:37:09,556 | INFO | watchfiles.main | 1 change detected
2026-07-08 10:37:09,967 | INFO | watchfiles.main | 1 change detected
2026-07-08 10:37:10,374 | INFO | watchfiles.main | 1 change detected
2026-07-08 10:37:10,786 | INFO | watchfiles.main | 1 change detected
2026-07-08 10:37:11,143 | INFO | watchfiles.main | 1 change detected
2026-07-08 10:37:11,550 | INFO | watchfiles.main | 1 change detected
2026-07-08 10:37:11,959 | INFO | watchfiles.main | 1 change detected
2026-07-08 10:37:12,371 | INFO | watchfiles.main | 1 change detected
2026-07-08 10:37:12,779 | INFO | watchfiles.main | 1 change detected
2026-07-08 10:37:13,188 | INFO | watchfiles.main | 1 change detected
2026-07-08 10:37:13,597 | INFO | watchfiles.main | 1 change detected
2026-07-08 10:37:14,004 | INFO | watchfiles.main | 1 change detected
2026-07-08 10:37:14,368 | INFO | watchfiles.main | 1 change detected
2026-07-08 10:37:14,779 | INFO | watchfiles.main | 1 change detected
2026-07-08 10:37:15,189 | INFO | watchfiles.main | 1 change detected
2026-07-08 10:37:15,603 | INFO | watchfiles.main | 1 change detected
2026-07-08 10:37:15,961 | INFO | watchfiles.main | 1 change detected
2026-07-08 10:37:16,370 | INFO | watchfiles.main | 1 change detected
2026-07-08 10:37:16,772 | INFO | watchfiles.main | 1 change detected
2026-07-08 10:37:17,177 | INFO | watchfiles.main | 1 change detected
2026-07-08 10:37:17,588 | INFO | watchfiles.main | 1 change detected
2026-07-08 10:37:17,998 | INFO | watchfiles.main | 1 change detected
2026-07-08 10:37:18,359 | INFO | watchfiles.main | 1 change detected
2026-07-08 10:37:18,772 | INFO | watchfiles.main | 1 change detected
2026-07-08 10:37:19,182 | INFO | watchfiles.main | 1 change detected
2026-07-08 10:37:19,602 | INFO | watchfiles.main | 1 change detected
2026-07-08 10:37:20,005 | INFO | watchfiles.main | 1 change detected
2026-07-08 10:37:20,410 | INFO | watchfiles.main | 1 change detected
2026-07-08 10:37:20,762 | INFO | watchfiles.main | 1 change detected
2026-07-08 10:37:21,179 | INFO | watchfiles.main | 1 change detected
2026-07-08 10:37:21,594 | INFO | watchfiles.main | 1 change detected
2026-07-08 10:37:21,998 | INFO | watchfiles.main | 1 change detected
2026-07-08 10:37:22,410 | INFO | watchfiles.main | 1 change detected
2026-07-08 10:37:22,765 | INFO | watchfiles.main | 1 change detected
2026-07-08 10:37:23,168 | INFO | watchfiles.main | 1 change detected
2026-07-08 10:37:23,570 | INFO | watchfiles.main | 1 change detected
2026-07-08 10:37:23,974 | INFO | watchfiles.main | 1 change detected
2026-07-08 10:37:24,383 | INFO | watchfiles.main | 1 change detected
2026-07-08 10:37:24,790 | INFO | watchfiles.main | 1 change detected
2026-07-08 10:37:25,196 | INFO | watchfiles.main | 1 change detected
2026-07-08 10:37:25,563 | INFO | watchfiles.main | 1 change detected
2026-07-08 10:37:25,967 | INFO | watchfiles.main | 1 change detected
2026-07-08 10:37:26,378 | INFO | watchfiles.main | 1 change detected
2026-07-08 10:37:26,793 | INFO | watchfiles.main | 1 change detected
2026-07-08 10:37:27,196 | INFO | watchfiles.main | 1 change detected
2026-07-08 10:37:27,549 | INFO | watchfiles.main | 1 change detected
2026-07-08 10:37:27,961 | INFO | watchfiles.main | 1 change detected
2026-07-08 10:37:28,367 | INFO | watchfiles.main | 1 change detected
2026-07-08 10:37:28,775 | INFO | watchfiles.main | 1 change detected
2026-07-08 10:37:29,179 | INFO | watchfiles.main | 1 change detected
2026-07-08 10:37:29,539 | INFO | watchfiles.main | 1 change detected
2026-07-08 10:37:30,005 | INFO | watchfiles.main | 1 change detected
2026-07-08 10:37:30,365 | INFO | watchfiles.main | 1 change detected
2026-07-08 10:37:30,768 | INFO | watchfiles.main | 1 change detected
2026-07-08 10:37:31,174 | INFO | watchfiles.main | 1 change detected
2026-07-08 10:37:31,577 | INFO | watchfiles.main | 1 change detected
2026-07-08 10:37:31,929 | INFO | watchfiles.main | 1 change detected
2026-07-08 10:37:32,344 | INFO | watchfiles.main | 1 change detected
2026-07-08 10:37:32,751 | INFO | watchfiles.main | 1 change detected
2026-07-08 10:37:33,155 | INFO | watchfiles.main | 1 change detected
2026-07-08 10:37:33,520 | INFO | watchfiles.main | 1 change detected
2026-07-08 10:37:33,924 | INFO | watchfiles.main | 1 change detected
2026-07-08 10:37:34,326 | INFO | watchfiles.main | 1 change detected
2026-07-08 10:37:34,740 | INFO | watchfiles.main | 1 change detected
2026-07-08 10:37:35,096 | INFO | watchfiles.main | 1 change detected
2026-07-08 10:37:35,507 | INFO | watchfiles.main | 1 change detected
2026-07-08 10:37:35,910 | INFO | watchfiles.main | 1 change detected
2026-07-08 10:37:36,315 | INFO | watchfiles.main | 1 change detected
2026-07-08 10:37:36,724 | INFO | watchfiles.main | 1 change detected
2026-07-08 10:37:37,132 | INFO | watchfiles.main | 1 change detected
2026-07-08 10:37:37,537 | INFO | watchfiles.main | 1 change detected
2026-07-08 10:37:37,943 | INFO | watchfiles.main | 1 change detected
2026-07-08 10:37:38,309 | INFO | watchfiles.main | 1 change detected
2026-07-08 10:37:38,724 | INFO | watchfiles.main | 1 change detected
2026-07-08 10:37:39,130 | INFO | watchfiles.main | 1 change detected
2026-07-08 10:37:39,587 | INFO | watchfiles.main | 1 change detected
2026-07-08 10:37:39,949 | INFO | watchfiles.main | 1 change detected
2026-07-08 10:37:40,367 | INFO | watchfiles.main | 1 change detected
2026-07-08 10:37:40,786 | INFO | watchfiles.main | 1 change detected
2026-07-08 10:37:41,193 | INFO | watchfiles.main | 1 change detected
2026-07-08 10:37:41,611 | INFO | watchfiles.main | 1 change detected
2026-07-08 10:37:42,036 | INFO | watchfiles.main | 1 change detected
2026-07-08 10:37:42,408 | INFO | watchfiles.main | 1 change detected
2026-07-08 10:37:42,818 | INFO | watchfiles.main | 1 change detected
2026-07-08 10:37:43,221 | INFO | watchfiles.main | 1 change detected
2026-07-08 10:37:43,631 | INFO | watchfiles.main | 1 change detected
2026-07-08 10:37:44,037 | INFO | watchfiles.main | 1 change detected
2026-07-08 10:37:44,443 | INFO | watchfiles.main | 1 change detected
2026-07-08 10:37:44,865 | INFO | watchfiles.main | 1 change detected
2026-07-08 10:37:45,228 | INFO | watchfiles.main | 1 change detected
2026-07-08 10:37:45,681 | INFO | watchfiles.main | 1 change detected
2026-07-08 10:37:46,083 | INFO | watchfiles.main | 1 change detected
2026-07-08 10:37:46,491 | INFO | watchfiles.main | 1 change detected
2026-07-08 10:37:46,897 | INFO | watchfiles.main | 1 change detected
2026-07-08 10:37:47,303 | INFO | watchfiles.main | 1 change detected
2026-07-08 10:37:47,708 | INFO | watchfiles.main | 1 change detected
2026-07-08 10:37:48,118 | INFO | watchfiles.main | 1 change detected
2026-07-08 10:37:48,521 | INFO | watchfiles.main | 1 change detected
2026-07-08 10:37:48,926 | INFO | watchfiles.main | 1 change detected
2026-07-08 10:37:49,001 | INFO | lmsguard.requests | GET /platform/notifications -> 401 4.19ms
2026-07-08 10:37:49,287 | INFO | watchfiles.main | 1 change detected
2026-07-08 10:37:49,648 | INFO | watchfiles.main | 1 change detected
2026-07-08 10:37:50,002 | INFO | watchfiles.main | 1 change detected
2026-07-08 10:37:50,366 | INFO | watchfiles.main | 1 change detected
2026-07-08 10:37:50,721 | INFO | watchfiles.main | 1 change detected
2026-07-08 10:37:51,131 | INFO | watchfiles.main | 1 change detected
2026-07-08 10:37:51,496 | INFO | watchfiles.main | 1 change detected
2026-07-08 10:37:51,899 | INFO | watchfiles.main | 1 change detected
2026-07-08 10:37:52,302 | INFO | watchfiles.main | 1 change detected
2026-07-08 10:37:52,760 | INFO | watchfiles.main | 1 change detected
2026-07-08 10:37:53,127 | INFO | watchfiles.main | 1 change detected
2026-07-08 10:37:53,537 | INFO | watchfiles.main | 1 change detected
2026-07-08 10:37:53,958 | INFO | watchfiles.main | 1 change detected
2026-07-08 10:37:54,363 | INFO | watchfiles.main | 1 change detected
2026-07-08 10:37:54,736 | INFO | watchfiles.main | 1 change detected
2026-07-08 10:37:55,139 | INFO | watchfiles.main | 1 change detected
2026-07-08 10:37:55,553 | INFO | watchfiles.main | 1 change detected
2026-07-08 10:37:55,959 | INFO | watchfiles.main | 1 change detected
2026-07-08 10:37:56,319 | INFO | watchfiles.main | 1 change detected
2026-07-08 10:37:56,725 | INFO | watchfiles.main | 1 change detected
2026-07-08 10:37:57,132 | INFO | watchfiles.main | 1 change detected
2026-07-08 10:37:57,485 | INFO | watchfiles.main | 1 change detected
2026-07-08 10:37:57,890 | INFO | watchfiles.main | 1 change detected
2026-07-08 10:37:58,293 | INFO | watchfiles.main | 1 change detected
2026-07-08 10:37:58,703 | INFO | watchfiles.main | 1 change detected
2026-07-08 10:37:59,107 | INFO | watchfiles.main | 1 change detected
2026-07-08 10:37:59,462 | INFO | watchfiles.main | 1 change detected
2026-07-08 10:37:59,868 | INFO | watchfiles.main | 1 change detected
2026-07-08 10:38:00,272 | INFO | watchfiles.main | 1 change detected
2026-07-08 10:38:00,723 | INFO | watchfiles.main | 1 change detected
2026-07-08 10:38:01,083 | INFO | watchfiles.main | 1 change detected
2026-07-08 10:38:01,486 | INFO | watchfiles.main | 1 change detected
2026-07-08 10:38:01,897 | INFO | watchfiles.main | 1 change detected
2026-07-08 10:38:02,302 | INFO | watchfiles.main | 1 change detected
2026-07-08 10:38:02,661 | INFO | watchfiles.main | 1 change detected
2026-07-08 10:38:03,063 | INFO | watchfiles.main | 1 change detected
2026-07-08 10:38:03,467 | INFO | watchfiles.main | 1 change detected
2026-07-08 10:38:03,876 | INFO | watchfiles.main | 1 change detected
2026-07-08 10:38:04,231 | INFO | watchfiles.main | 1 change detected
2026-07-08 10:38:04,635 | INFO | watchfiles.main | 1 change detected
2026-07-08 10:38:05,048 | INFO | watchfiles.main | 1 change detected
2026-07-08 10:38:05,451 | INFO | watchfiles.main | 1 change detected
2026-07-08 10:38:05,907 | INFO | watchfiles.main | 1 change detected
2026-07-08 10:38:06,313 | INFO | watchfiles.main | 1 change detected
2026-07-08 10:38:06,665 | INFO | watchfiles.main | 1 change detected
2026-07-08 10:38:07,086 | INFO | watchfiles.main | 1 change detected
2026-07-08 10:38:07,459 | INFO | watchfiles.main | 1 change detected
2026-07-08 10:38:07,886 | INFO | watchfiles.main | 1 change detected
2026-07-08 10:38:08,291 | INFO | watchfiles.main | 1 change detected
2026-07-08 10:38:08,708 | INFO | watchfiles.main | 1 change detected
2026-07-08 10:38:09,111 | INFO | watchfiles.main | 1 change detected
2026-07-08 10:38:09,464 | INFO | watchfiles.main | 1 change detected
2026-07-08 10:38:09,876 | INFO | watchfiles.main | 1 change detected
2026-07-08 10:38:10,234 | INFO | watchfiles.main | 1 change detected
2026-07-08 10:38:10,648 | INFO | watchfiles.main | 1 change detected
2026-07-08 10:38:11,007 | INFO | watchfiles.main | 1 change detected
2026-07-08 10:38:11,409 | INFO | watchfiles.main | 1 change detected
2026-07-08 10:38:11,822 | INFO | watchfiles.main | 1 change detected
2026-07-08 10:38:12,236 | INFO | watchfiles.main | 1 change detected
2026-07-08 10:38:12,640 | INFO | watchfiles.main | 1 change detected
2026-07-08 10:38:12,998 | INFO | watchfiles.main | 1 change detected
2026-07-08 10:38:13,450 | INFO | watchfiles.main | 1 change detected
2026-07-08 10:38:13,809 | INFO | watchfiles.main | 1 change detected
2026-07-08 10:38:14,216 | INFO | watchfiles.main | 1 change detected
2026-07-08 10:38:14,633 | INFO | watchfiles.main | 1 change detected
2026-07-08 10:38:14,990 | INFO | watchfiles.main | 1 change detected
2026-07-08 10:38:15,397 | INFO | watchfiles.main | 1 change detected
2026-07-08 10:38:15,801 | INFO | watchfiles.main | 1 change detected
2026-07-08 10:38:16,206 | INFO | watchfiles.main | 1 change detected
2026-07-08 10:38:16,612 | INFO | watchfiles.main | 1 change detected
2026-07-08 10:38:16,969 | INFO | watchfiles.main | 1 change detected
2026-07-08 10:38:17,375 | INFO | watchfiles.main | 1 change detected
2026-07-08 10:38:17,778 | INFO | watchfiles.main | 1 change detected
2026-07-08 10:38:18,181 | INFO | watchfiles.main | 1 change detected
2026-07-08 10:38:18,583 | INFO | watchfiles.main | 1 change detected
2026-07-08 10:38:18,988 | INFO | watchfiles.main | 1 change detected
2026-07-08 10:38:19,343 | INFO | watchfiles.main | 1 change detected
2026-07-08 10:38:19,754 | INFO | watchfiles.main | 1 change detected
2026-07-08 10:38:20,157 | INFO | watchfiles.main | 1 change detected
2026-07-08 10:38:20,519 | INFO | watchfiles.main | 1 change detected
2026-07-08 10:38:20,926 | INFO | watchfiles.main | 1 change detected
2026-07-08 10:38:21,387 | INFO | watchfiles.main | 1 change detected
2026-07-08 10:38:21,801 | INFO | watchfiles.main | 1 change detected
2026-07-08 10:38:22,208 | INFO | watchfiles.main | 1 change detected
2026-07-08 10:38:22,560 | INFO | watchfiles.main | 1 change detected
2026-07-08 10:38:22,963 | INFO | watchfiles.main | 1 change detected
2026-07-08 10:38:23,368 | INFO | watchfiles.main | 1 change detected
2026-07-08 10:38:23,771 | INFO | watchfiles.main | 1 change detected
2026-07-08 10:38:24,124 | INFO | watchfiles.main | 1 change detected
2026-07-08 10:38:24,576 | INFO | watchfiles.main | 1 change detected
2026-07-08 10:38:24,937 | INFO | watchfiles.main | 1 change detected
2026-07-08 10:38:25,341 | INFO | watchfiles.main | 1 change detected
2026-07-08 10:38:25,706 | INFO | watchfiles.main | 1 change detected
2026-07-08 10:38:26,123 | INFO | watchfiles.main | 1 change detected
2026-07-08 10:38:26,527 | INFO | watchfiles.main | 1 change detected
2026-07-08 10:38:26,932 | INFO | watchfiles.main | 1 change detected
2026-07-08 10:38:27,336 | INFO | watchfiles.main | 1 change detected
2026-07-08 10:38:27,696 | INFO | watchfiles.main | 1 change detected
2026-07-08 10:38:28,103 | INFO | watchfiles.main | 1 change detected
2026-07-08 10:38:28,506 | INFO | watchfiles.main | 1 change detected
2026-07-08 10:38:28,909 | INFO | watchfiles.main | 1 change detected
2026-07-08 10:38:29,325 | INFO | watchfiles.main | 1 change detected
2026-07-08 10:38:29,728 | INFO | watchfiles.main | 1 change detected
2026-07-08 10:38:30,133 | INFO | watchfiles.main | 1 change detected
2026-07-08 10:38:30,536 | INFO | watchfiles.main | 1 change detected
2026-07-08 10:38:30,941 | INFO | watchfiles.main | 1 change detected
2026-07-08 10:38:31,349 | INFO | watchfiles.main | 1 change detected
2026-07-08 10:38:31,711 | INFO | watchfiles.main | 1 change detected
2026-07-08 10:38:32,122 | INFO | watchfiles.main | 1 change detected
2026-07-08 10:38:32,530 | INFO | watchfiles.main | 1 change detected
2026-07-08 10:38:32,941 | INFO | watchfiles.main | 1 change detected
2026-07-08 10:38:33,347 | INFO | watchfiles.main | 1 change detected
2026-07-08 10:38:33,709 | INFO | watchfiles.main | 1 change detected
2026-07-08 10:38:34,119 | INFO | watchfiles.main | 1 change detected
2026-07-08 10:38:34,522 | INFO | watchfiles.main | 1 change detected
2026-07-08 10:38:34,937 | INFO | watchfiles.main | 1 change detected
2026-07-08 10:38:35,339 | INFO | watchfiles.main | 1 change detected
2026-07-08 10:38:35,754 | INFO | watchfiles.main | 1 change detected
2026-07-08 10:38:36,109 | INFO | watchfiles.main | 1 change detected
2026-07-08 10:38:36,519 | INFO | watchfiles.main | 1 change detected
2026-07-08 10:38:36,927 | INFO | watchfiles.main | 1 change detected
2026-07-08 10:38:37,334 | INFO | watchfiles.main | 1 change detected
2026-07-08 10:38:37,752 | INFO | watchfiles.main | 1 change detected
2026-07-08 10:38:38,105 | INFO | watchfiles.main | 1 change detected
2026-07-08 10:38:38,513 | INFO | watchfiles.main | 1 change detected
2026-07-08 10:38:38,870 | INFO | watchfiles.main | 1 change detected
2026-07-08 10:38:39,278 | INFO | watchfiles.main | 1 change detected
2026-07-08 10:38:39,681 | INFO | watchfiles.main | 1 change detected
2026-07-08 10:38:40,095 | INFO | watchfiles.main | 1 change detected
2026-07-08 10:38:40,498 | INFO | watchfiles.main | 1 change detected
2026-07-08 10:38:40,911 | INFO | watchfiles.main | 1 change detected
2026-07-08 10:38:41,263 | INFO | watchfiles.main | 1 change detected
2026-07-08 10:38:41,668 | INFO | watchfiles.main | 1 change detected
2026-07-08 10:38:42,084 | INFO | watchfiles.main | 1 change detected
2026-07-08 10:38:42,491 | INFO | watchfiles.main | 1 change detected
2026-07-08 10:38:42,849 | INFO | watchfiles.main | 1 change detected
2026-07-08 10:38:43,255 | INFO | watchfiles.main | 1 change detected
2026-07-08 10:38:43,671 | INFO | watchfiles.main | 1 change detected
2026-07-08 10:38:44,038 | INFO | watchfiles.main | 1 change detected
2026-07-08 10:38:44,449 | INFO | watchfiles.main | 1 change detected
2026-07-08 10:38:44,859 | INFO | watchfiles.main | 1 change detected
2026-07-08 10:38:45,264 | INFO | watchfiles.main | 1 change detected
2026-07-08 10:38:45,624 | INFO | watchfiles.main | 1 change detected
2026-07-08 10:38:46,038 | INFO | watchfiles.main | 1 change detected
2026-07-08 10:38:46,446 | INFO | watchfiles.main | 1 change detected
2026-07-08 10:38:46,857 | INFO | watchfiles.main | 1 change detected
2026-07-08 10:38:47,222 | INFO | watchfiles.main | 1 change detected
2026-07-08 10:38:47,628 | INFO | watchfiles.main | 1 change detected
2026-07-08 10:38:48,032 | INFO | watchfiles.main | 1 change detected
2026-07-08 10:38:48,438 | INFO | watchfiles.main | 1 change detected
2026-07-08 10:38:48,709 | INFO | lmsguard.requests | GET /platform/notifications -> 401 2.98ms
2026-07-08 10:38:48,804 | INFO | watchfiles.main | 1 change detected
2026-07-08 10:38:49,163 | INFO | watchfiles.main | 1 change detected
2026-07-08 10:38:49,572 | INFO | watchfiles.main | 1 change detected
2026-07-08 10:38:49,980 | INFO | watchfiles.main | 1 change detected
2026-07-08 10:38:50,388 | INFO | watchfiles.main | 1 change detected
2026-07-08 10:38:50,752 | INFO | watchfiles.main | 1 change detected
2026-07-08 10:38:51,156 | INFO | watchfiles.main | 1 change detected
2026-07-08 10:38:51,568 | INFO | watchfiles.main | 1 change detected
2026-07-08 10:38:51,923 | INFO | watchfiles.main | 1 change detected
2026-07-08 10:38:52,326 | INFO | watchfiles.main | 1 change detected
2026-07-08 10:38:52,740 | INFO | watchfiles.main | 1 change detected
2026-07-08 10:38:53,150 | INFO | watchfiles.main | 1 change detected
2026-07-08 10:38:53,560 | INFO | watchfiles.main | 1 change detected
2026-07-08 10:38:53,927 | INFO | watchfiles.main | 1 change detected
2026-07-08 10:38:54,341 | INFO | watchfiles.main | 1 change detected
2026-07-08 10:38:54,708 | INFO | watchfiles.main | 1 change detected
2026-07-08 10:38:55,113 | INFO | watchfiles.main | 1 change detected
2026-07-08 10:38:55,519 | INFO | watchfiles.main | 1 change detected
2026-07-08 10:38:55,923 | INFO | watchfiles.main | 1 change detected
2026-07-08 10:38:56,327 | INFO | watchfiles.main | 1 change detected
2026-07-08 10:38:56,689 | INFO | watchfiles.main | 1 change detected
2026-07-08 10:38:57,091 | INFO | watchfiles.main | 1 change detected
2026-07-08 10:38:57,501 | INFO | watchfiles.main | 1 change detected
2026-07-08 10:38:57,866 | INFO | watchfiles.main | 1 change detected
2026-07-08 10:38:58,275 | INFO | watchfiles.main | 1 change detected
2026-07-08 10:38:58,678 | INFO | watchfiles.main | 1 change detected
2026-07-08 10:38:59,084 | INFO | watchfiles.main | 1 change detected
2026-07-08 10:38:59,490 | INFO | watchfiles.main | 1 change detected
2026-07-08 10:38:59,845 | INFO | watchfiles.main | 1 change detected
2026-07-08 10:39:00,261 | INFO | watchfiles.main | 1 change detected
2026-07-08 10:39:00,623 | INFO | watchfiles.main | 1 change detected
2026-07-08 10:39:01,035 | INFO | watchfiles.main | 1 change detected
2026-07-08 10:39:01,441 | INFO | watchfiles.main | 1 change detected
2026-07-08 10:39:01,843 | INFO | watchfiles.main | 1 change detected
2026-07-08 10:39:02,199 | INFO | watchfiles.main | 1 change detected
2026-07-08 10:39:02,602 | INFO | watchfiles.main | 1 change detected
2026-07-08 10:39:02,967 | INFO | watchfiles.main | 1 change detected
2026-07-08 10:39:03,374 | INFO | watchfiles.main | 1 change detected
2026-07-08 10:39:03,778 | INFO | watchfiles.main | 1 change detected
2026-07-08 10:39:04,194 | INFO | watchfiles.main | 1 change detected
2026-07-08 10:39:04,547 | INFO | watchfiles.main | 1 change detected
2026-07-08 10:39:04,951 | INFO | watchfiles.main | 1 change detected
2026-07-08 10:39:05,353 | INFO | watchfiles.main | 1 change detected
2026-07-08 10:39:05,756 | INFO | watchfiles.main | 1 change detected
2026-07-08 10:39:06,160 | INFO | watchfiles.main | 1 change detected
2026-07-08 10:39:06,511 | INFO | watchfiles.main | 1 change detected
2026-07-08 10:39:06,922 | INFO | watchfiles.main | 1 change detected
2026-07-08 10:39:07,327 | INFO | watchfiles.main | 1 change detected
2026-07-08 10:39:07,735 | INFO | watchfiles.main | 1 change detected
2026-07-08 10:39:08,101 | INFO | watchfiles.main | 1 change detected
2026-07-08 10:39:08,511 | INFO | watchfiles.main | 1 change detected
2026-07-08 10:39:08,916 | INFO | watchfiles.main | 1 change detected
2026-07-08 10:39:09,321 | INFO | watchfiles.main | 1 change detected
2026-07-08 10:39:09,687 | INFO | watchfiles.main | 1 change detected
2026-07-08 10:39:10,104 | INFO | watchfiles.main | 1 change detected
2026-07-08 10:39:10,461 | INFO | watchfiles.main | 1 change detected
2026-07-08 10:39:10,873 | INFO | watchfiles.main | 1 change detected
2026-07-08 10:39:11,283 | INFO | watchfiles.main | 1 change detected
2026-07-08 10:39:11,687 | INFO | watchfiles.main | 1 change detected
2026-07-08 10:39:12,043 | INFO | watchfiles.main | 1 change detected
2026-07-08 10:39:12,459 | INFO | watchfiles.main | 1 change detected
2026-07-08 10:39:12,868 | INFO | watchfiles.main | 1 change detected
2026-07-08 10:39:13,273 | INFO | watchfiles.main | 1 change detected
2026-07-08 10:39:13,629 | INFO | watchfiles.main | 1 change detected
2026-07-08 10:39:14,041 | INFO | watchfiles.main | 1 change detected
2026-07-08 10:39:14,447 | INFO | watchfiles.main | 1 change detected
2026-07-08 10:39:14,849 | INFO | watchfiles.main | 1 change detected
2026-07-08 10:39:15,267 | INFO | watchfiles.main | 1 change detected
2026-07-08 10:39:15,630 | INFO | watchfiles.main | 1 change detected
2026-07-08 10:39:16,044 | INFO | watchfiles.main | 1 change detected
2026-07-08 10:39:16,448 | INFO | watchfiles.main | 1 change detected
2026-07-08 10:39:16,849 | INFO | watchfiles.main | 1 change detected
2026-07-08 10:39:17,206 | INFO | watchfiles.main | 1 change detected
2026-07-08 10:39:17,610 | INFO | watchfiles.main | 1 change detected
2026-07-08 10:39:18,022 | INFO | watchfiles.main | 1 change detected
2026-07-08 10:39:18,439 | INFO | watchfiles.main | 1 change detected
2026-07-08 10:39:18,799 | INFO | watchfiles.main | 1 change detected
2026-07-08 10:39:19,210 | INFO | watchfiles.main | 1 change detected
2026-07-08 10:39:19,618 | INFO | watchfiles.main | 1 change detected
2026-07-08 10:39:20,029 | INFO | watchfiles.main | 1 change detected
2026-07-08 10:39:20,391 | INFO | watchfiles.main | 1 change detected
2026-07-08 10:39:20,793 | INFO | watchfiles.main | 1 change detected
2026-07-08 10:39:21,201 | INFO | watchfiles.main | 1 change detected
2026-07-08 10:39:21,607 | INFO | watchfiles.main | 1 change detected
2026-07-08 10:39:22,014 | INFO | watchfiles.main | 1 change detected
2026-07-08 10:39:22,421 | INFO | watchfiles.main | 1 change detected
2026-07-08 10:39:22,830 | INFO | watchfiles.main | 1 change detected
2026-07-08 10:39:23,183 | INFO | watchfiles.main | 1 change detected
2026-07-08 10:39:23,598 | INFO | watchfiles.main | 1 change detected
2026-07-08 10:39:24,003 | INFO | watchfiles.main | 1 change detected
2026-07-08 10:39:24,411 | INFO | watchfiles.main | 1 change detected
2026-07-08 10:39:24,770 | INFO | watchfiles.main | 1 change detected
2026-07-08 10:39:25,173 | INFO | watchfiles.main | 1 change detected
2026-07-08 10:39:25,580 | INFO | watchfiles.main | 1 change detected
2026-07-08 10:39:25,986 | INFO | watchfiles.main | 1 change detected
2026-07-08 10:39:26,346 | INFO | watchfiles.main | 1 change detected
2026-07-08 10:39:26,762 | INFO | watchfiles.main | 1 change detected
2026-07-08 10:39:27,123 | INFO | watchfiles.main | 1 change detected
2026-07-08 10:39:27,528 | INFO | watchfiles.main | 1 change detected
2026-07-08 10:39:27,937 | INFO | watchfiles.main | 1 change detected
2026-07-08 10:39:28,342 | INFO | watchfiles.main | 1 change detected
2026-07-08 10:39:28,754 | INFO | watchfiles.main | 1 change detected
2026-07-08 10:39:29,157 | INFO | watchfiles.main | 1 change detected
2026-07-08 10:39:29,561 | INFO | watchfiles.main | 1 change detected
2026-07-08 10:39:29,964 | INFO | watchfiles.main | 1 change detected
2026-07-08 10:39:30,317 | INFO | watchfiles.main | 1 change detected
2026-07-08 10:39:30,723 | INFO | watchfiles.main | 1 change detected
2026-07-08 10:39:31,126 | INFO | watchfiles.main | 1 change detected
2026-07-08 10:39:31,530 | INFO | watchfiles.main | 1 change detected
2026-07-08 10:39:31,886 | INFO | watchfiles.main | 1 change detected
2026-07-08 10:39:32,288 | INFO | watchfiles.main | 1 change detected
2026-07-08 10:39:32,694 | INFO | watchfiles.main | 1 change detected
2026-07-08 10:39:33,099 | INFO | watchfiles.main | 1 change detected
2026-07-08 10:39:33,456 | INFO | watchfiles.main | 1 change detected
2026-07-08 10:39:33,859 | INFO | watchfiles.main | 1 change detected
2026-07-08 10:39:34,216 | INFO | watchfiles.main | 1 change detected
2026-07-08 10:39:34,618 | INFO | watchfiles.main | 1 change detected
2026-07-08 10:39:35,029 | INFO | watchfiles.main | 1 change detected
2026-07-08 10:39:35,440 | INFO | watchfiles.main | 1 change detected
2026-07-08 10:39:35,842 | INFO | watchfiles.main | 1 change detected
2026-07-08 10:39:36,246 | INFO | watchfiles.main | 1 change detected
2026-07-08 10:39:36,610 | INFO | watchfiles.main | 1 change detected
2026-07-08 10:39:37,021 | INFO | watchfiles.main | 1 change detected
2026-07-08 10:39:37,435 | INFO | watchfiles.main | 1 change detected
2026-07-08 10:39:37,839 | INFO | watchfiles.main | 1 change detected
2026-07-08 10:39:38,243 | INFO | watchfiles.main | 1 change detected
2026-07-08 10:39:38,646 | INFO | watchfiles.main | 1 change detected
2026-07-08 10:39:39,055 | INFO | watchfiles.main | 1 change detected
2026-07-08 10:39:39,410 | INFO | watchfiles.main | 1 change detected
2026-07-08 10:39:39,819 | INFO | watchfiles.main | 1 change detected
2026-07-08 10:39:40,230 | INFO | watchfiles.main | 1 change detected
2026-07-08 10:39:40,638 | INFO | watchfiles.main | 1 change detected
2026-07-08 10:39:41,051 | INFO | watchfiles.main | 1 change detected
2026-07-08 10:39:41,410 | INFO | watchfiles.main | 1 change detected
2026-07-08 10:39:41,818 | INFO | watchfiles.main | 1 change detected
2026-07-08 10:39:42,227 | INFO | watchfiles.main | 1 change detected
2026-07-08 10:39:42,629 | INFO | watchfiles.main | 1 change detected
2026-07-08 10:39:43,036 | INFO | watchfiles.main | 1 change detected
2026-07-08 10:39:43,442 | INFO | watchfiles.main | 1 change detected
2026-07-08 10:39:43,850 | INFO | watchfiles.main | 1 change detected
2026-07-08 10:39:44,257 | INFO | watchfiles.main | 1 change detected
2026-07-08 10:39:44,620 | INFO | watchfiles.main | 1 change detected
2026-07-08 10:39:45,036 | INFO | watchfiles.main | 1 change detected
2026-07-08 10:39:45,443 | INFO | watchfiles.main | 1 change detected
2026-07-08 10:39:45,796 | INFO | watchfiles.main | 1 change detected
2026-07-08 10:39:46,208 | INFO | watchfiles.main | 1 change detected
2026-07-08 10:39:46,615 | INFO | watchfiles.main | 1 change detected
2026-07-08 10:39:47,024 | INFO | watchfiles.main | 1 change detected
2026-07-08 10:39:47,431 | INFO | watchfiles.main | 1 change detected
2026-07-08 10:39:47,783 | INFO | watchfiles.main | 1 change detected
2026-07-08 10:39:48,187 | INFO | watchfiles.main | 1 change detected
2026-07-08 10:39:48,600 | INFO | watchfiles.main | 1 change detected
2026-07-08 10:39:49,008 | INFO | watchfiles.main | 1 change detected
2026-07-08 10:39:49,018 | INFO | lmsguard.requests | GET /platform/notifications -> 401 1.77ms
2026-07-08 10:39:49,366 | INFO | watchfiles.main | 1 change detected
2026-07-08 10:39:49,720 | INFO | watchfiles.main | 1 change detected
2026-07-08 10:39:50,074 | INFO | watchfiles.main | 1 change detected
2026-07-08 10:39:50,429 | INFO | watchfiles.main | 1 change detected
2026-07-08 10:39:50,781 | INFO | watchfiles.main | 1 change detected
2026-07-08 10:39:51,133 | INFO | watchfiles.main | 1 change detected
2026-07-08 10:39:51,486 | INFO | watchfiles.main | 1 change detected
2026-07-08 10:39:51,890 | INFO | watchfiles.main | 1 change detected
2026-07-08 10:39:52,249 | INFO | watchfiles.main | 1 change detected
2026-07-08 10:39:52,662 | INFO | watchfiles.main | 1 change detected
2026-07-08 10:39:53,064 | INFO | watchfiles.main | 1 change detected
2026-07-08 10:39:53,423 | INFO | watchfiles.main | 1 change detected
2026-07-08 10:39:53,827 | INFO | watchfiles.main | 1 change detected
2026-07-08 10:39:54,242 | INFO | watchfiles.main | 1 change detected
2026-07-08 10:39:54,646 | INFO | watchfiles.main | 1 change detected
2026-07-08 10:39:55,006 | INFO | watchfiles.main | 1 change detected
2026-07-08 10:39:55,419 | INFO | watchfiles.main | 1 change detected
2026-07-08 10:39:55,826 | INFO | watchfiles.main | 1 change detected
2026-07-08 10:39:56,185 | INFO | watchfiles.main | 1 change detected
2026-07-08 10:39:56,591 | INFO | watchfiles.main | 1 change detected
2026-07-08 10:39:56,994 | INFO | watchfiles.main | 1 change detected
2026-07-08 10:39:57,346 | INFO | watchfiles.main | 1 change detected
2026-07-08 10:39:57,751 | INFO | watchfiles.main | 1 change detected
2026-07-08 10:39:58,153 | INFO | watchfiles.main | 1 change detected
2026-07-08 10:39:58,557 | INFO | watchfiles.main | 1 change detected
2026-07-08 10:39:58,973 | INFO | watchfiles.main | 1 change detected
2026-07-08 10:39:59,376 | INFO | watchfiles.main | 1 change detected
2026-07-08 10:39:59,740 | INFO | watchfiles.main | 1 change detected
2026-07-08 10:40:00,149 | INFO | watchfiles.main | 1 change detected
2026-07-08 10:40:00,506 | INFO | watchfiles.main | 1 change detected
2026-07-08 10:40:00,920 | INFO | watchfiles.main | 1 change detected
2026-07-08 10:40:01,277 | INFO | watchfiles.main | 1 change detected
2026-07-08 10:40:01,732 | INFO | watchfiles.main | 1 change detected
2026-07-08 10:40:02,089 | INFO | watchfiles.main | 1 change detected
2026-07-08 10:40:02,492 | INFO | watchfiles.main | 1 change detected
2026-07-08 10:40:02,894 | INFO | watchfiles.main | 1 change detected
2026-07-08 10:40:03,247 | INFO | watchfiles.main | 1 change detected
2026-07-08 10:40:03,655 | INFO | watchfiles.main | 1 change detected
2026-07-08 10:40:04,057 | INFO | watchfiles.main | 1 change detected
2026-07-08 10:40:04,459 | INFO | watchfiles.main | 1 change detected
2026-07-08 10:40:04,812 | INFO | watchfiles.main | 1 change detected
2026-07-08 10:40:05,214 | INFO | watchfiles.main | 1 change detected
2026-07-08 10:40:05,619 | INFO | watchfiles.main | 1 change detected
2026-07-08 10:40:06,021 | INFO | watchfiles.main | 1 change detected
2026-07-08 10:40:06,424 | INFO | watchfiles.main | 1 change detected
2026-07-08 10:40:06,831 | INFO | watchfiles.main | 1 change detected
2026-07-08 10:40:07,234 | INFO | watchfiles.main | 1 change detected
2026-07-08 10:40:07,638 | INFO | watchfiles.main | 1 change detected
2026-07-08 10:40:08,042 | INFO | watchfiles.main | 1 change detected
2026-07-08 10:40:08,453 | INFO | watchfiles.main | 1 change detected
2026-07-08 10:40:08,821 | INFO | watchfiles.main | 1 change detected
2026-07-08 10:40:09,228 | INFO | watchfiles.main | 1 change detected
2026-07-08 10:40:09,638 | INFO | watchfiles.main | 1 change detected
2026-07-08 10:40:10,053 | INFO | watchfiles.main | 1 change detected
2026-07-08 10:40:10,459 | INFO | watchfiles.main | 1 change detected
2026-07-08 10:40:10,819 | INFO | watchfiles.main | 1 change detected
2026-07-08 10:40:11,223 | INFO | watchfiles.main | 1 change detected
2026-07-08 10:40:11,639 | INFO | watchfiles.main | 1 change detected
2026-07-08 10:40:12,049 | INFO | watchfiles.main | 1 change detected
2026-07-08 10:40:12,410 | INFO | watchfiles.main | 1 change detected
2026-07-08 10:40:12,826 | INFO | watchfiles.main | 1 change detected
2026-07-08 10:40:13,186 | INFO | watchfiles.main | 1 change detected
2026-07-08 10:40:13,643 | INFO | watchfiles.main | 1 change detected
2026-07-08 10:40:14,005 | INFO | watchfiles.main | 1 change detected
2026-07-08 10:40:14,423 | INFO | watchfiles.main | 1 change detected
2026-07-08 10:40:14,834 | INFO | watchfiles.main | 1 change detected
2026-07-08 10:40:15,248 | INFO | watchfiles.main | 1 change detected
2026-07-08 10:40:15,656 | INFO | watchfiles.main | 1 change detected
2026-07-08 10:40:16,011 | INFO | watchfiles.main | 1 change detected
2026-07-08 10:40:16,420 | INFO | watchfiles.main | 1 change detected
2026-07-08 10:40:16,835 | INFO | watchfiles.main | 1 change detected
2026-07-08 10:40:17,241 | INFO | watchfiles.main | 1 change detected
2026-07-08 10:40:17,647 | INFO | watchfiles.main | 1 change detected
2026-07-08 10:40:18,062 | INFO | watchfiles.main | 1 change detected
2026-07-08 10:40:18,431 | INFO | watchfiles.main | 1 change detected
2026-07-08 10:40:18,846 | INFO | watchfiles.main | 1 change detected
2026-07-08 10:40:19,260 | INFO | watchfiles.main | 1 change detected
2026-07-08 10:40:19,668 | INFO | watchfiles.main | 1 change detected
2026-07-08 10:40:20,024 | INFO | watchfiles.main | 1 change detected
2026-07-08 10:40:20,437 | INFO | watchfiles.main | 1 change detected
2026-07-08 10:40:20,839 | INFO | watchfiles.main | 1 change detected
2026-07-08 10:40:21,247 | INFO | watchfiles.main | 1 change detected
2026-07-08 10:40:21,664 | INFO | watchfiles.main | 1 change detected
2026-07-08 10:40:22,068 | INFO | watchfiles.main | 1 change detected
2026-07-08 10:40:22,430 | INFO | watchfiles.main | 1 change detected
2026-07-08 10:40:22,847 | INFO | watchfiles.main | 1 change detected
2026-07-08 10:40:23,255 | INFO | watchfiles.main | 1 change detected
2026-07-08 10:40:23,659 | INFO | watchfiles.main | 1 change detected
2026-07-08 10:40:24,063 | INFO | watchfiles.main | 1 change detected
2026-07-08 10:40:24,421 | INFO | watchfiles.main | 1 change detected
2026-07-08 10:40:24,831 | INFO | watchfiles.main | 1 change detected
2026-07-08 10:40:25,241 | INFO | watchfiles.main | 1 change detected
2026-07-08 10:40:25,650 | INFO | watchfiles.main | 1 change detected
2026-07-08 10:40:26,052 | INFO | watchfiles.main | 1 change detected
2026-07-08 10:40:26,462 | INFO | watchfiles.main | 1 change detected
2026-07-08 10:40:26,867 | INFO | watchfiles.main | 1 change detected
2026-07-08 10:40:27,238 | INFO | watchfiles.main | 1 change detected
2026-07-08 10:40:27,652 | INFO | watchfiles.main | 1 change detected
2026-07-08 10:40:28,067 | INFO | watchfiles.main | 1 change detected
2026-07-08 10:40:28,435 | INFO | watchfiles.main | 1 change detected
2026-07-08 10:40:28,847 | INFO | watchfiles.main | 1 change detected
2026-07-08 10:40:29,256 | INFO | watchfiles.main | 1 change detected
2026-07-08 10:40:29,674 | INFO | watchfiles.main | 1 change detected
2026-07-08 10:40:30,039 | INFO | watchfiles.main | 1 change detected
2026-07-08 10:40:30,447 | INFO | watchfiles.main | 1 change detected
2026-07-08 10:40:30,856 | INFO | watchfiles.main | 1 change detected
2026-07-08 10:40:31,261 | INFO | watchfiles.main | 1 change detected
2026-07-08 10:40:31,671 | INFO | watchfiles.main | 1 change detected
2026-07-08 10:40:32,073 | INFO | watchfiles.main | 1 change detected
2026-07-08 10:40:32,436 | INFO | watchfiles.main | 1 change detected
2026-07-08 10:40:32,846 | INFO | watchfiles.main | 1 change detected
2026-07-08 10:40:33,263 | INFO | watchfiles.main | 1 change detected
2026-07-08 10:40:33,617 | INFO | watchfiles.main | 1 change detected
2026-07-08 10:40:34,028 | INFO | watchfiles.main | 1 change detected
2026-07-08 10:40:34,435 | INFO | watchfiles.main | 1 change detected
2026-07-08 10:40:34,843 | INFO | watchfiles.main | 1 change detected
2026-07-08 10:40:35,256 | INFO | watchfiles.main | 1 change detected
2026-07-08 10:40:35,615 | INFO | watchfiles.main | 1 change detected
2026-07-08 10:40:36,027 | INFO | watchfiles.main | 1 change detected
2026-07-08 10:40:36,439 | INFO | watchfiles.main | 1 change detected
2026-07-08 10:40:36,850 | INFO | watchfiles.main | 1 change detected
2026-07-08 10:40:37,261 | INFO | watchfiles.main | 1 change detected
2026-07-08 10:40:37,623 | INFO | watchfiles.main | 1 change detected
2026-07-08 10:40:38,027 | INFO | watchfiles.main | 1 change detected
2026-07-08 10:40:38,432 | INFO | watchfiles.main | 1 change detected
2026-07-08 10:40:38,848 | INFO | watchfiles.main | 1 change detected
2026-07-08 10:40:39,266 | INFO | watchfiles.main | 1 change detected
2026-07-08 10:40:39,669 | INFO | watchfiles.main | 1 change detected
2026-07-08 10:40:40,074 | INFO | watchfiles.main | 1 change detected
2026-07-08 10:40:40,529 | INFO | watchfiles.main | 1 change detected
2026-07-08 10:40:40,899 | INFO | watchfiles.main | 1 change detected
2026-07-08 10:40:41,304 | INFO | watchfiles.main | 1 change detected
2026-07-08 10:40:41,671 | INFO | watchfiles.main | 1 change detected
2026-07-08 10:40:42,125 | INFO | watchfiles.main | 1 change detected
2026-07-08 10:40:42,487 | INFO | watchfiles.main | 1 change detected
2026-07-08 10:40:42,890 | INFO | watchfiles.main | 1 change detected
2026-07-08 10:40:43,306 | INFO | watchfiles.main | 1 change detected
2026-07-08 10:40:43,713 | INFO | watchfiles.main | 1 change detected
2026-07-08 10:40:44,129 | INFO | watchfiles.main | 1 change detected
2026-07-08 10:40:44,532 | INFO | watchfiles.main | 1 change detected
2026-07-08 10:40:44,939 | INFO | watchfiles.main | 1 change detected
2026-07-08 10:40:45,301 | INFO | watchfiles.main | 1 change detected
2026-07-08 10:40:45,712 | INFO | watchfiles.main | 1 change detected
2026-07-08 10:40:46,128 | INFO | watchfiles.main | 1 change detected
2026-07-08 10:40:46,533 | INFO | watchfiles.main | 1 change detected
2026-07-08 10:40:46,900 | INFO | watchfiles.main | 1 change detected
2026-07-08 10:40:47,303 | INFO | watchfiles.main | 1 change detected
2026-07-08 10:40:47,763 | INFO | watchfiles.main | 1 change detected
2026-07-08 10:40:48,174 | INFO | watchfiles.main | 1 change detected
2026-07-08 10:40:48,580 | INFO | watchfiles.main | 1 change detected
2026-07-08 10:40:48,704 | INFO | lmsguard.requests | GET /platform/notifications -> 401 1.59ms
2026-07-08 10:40:48,946 | INFO | watchfiles.main | 1 change detected
2026-07-08 10:40:49,305 | INFO | watchfiles.main | 1 change detected
2026-07-08 10:40:49,663 | INFO | watchfiles.main | 1 change detected
2026-07-08 10:40:50,025 | INFO | watchfiles.main | 1 change detected
2026-07-08 10:40:50,388 | INFO | watchfiles.main | 1 change detected
2026-07-08 10:40:50,749 | INFO | watchfiles.main | 1 change detected
2026-07-08 10:40:51,161 | INFO | watchfiles.main | 1 change detected
2026-07-08 10:40:51,575 | INFO | watchfiles.main | 1 change detected
2026-07-08 10:40:51,938 | INFO | watchfiles.main | 1 change detected
2026-07-08 10:40:52,350 | INFO | watchfiles.main | 1 change detected
2026-07-08 10:40:52,768 | INFO | watchfiles.main | 1 change detected
2026-07-08 10:40:53,185 | INFO | watchfiles.main | 1 change detected
2026-07-08 10:40:53,546 | INFO | watchfiles.main | 1 change detected
2026-07-08 10:40:53,958 | INFO | watchfiles.main | 1 change detected
2026-07-08 10:40:54,370 | INFO | watchfiles.main | 1 change detected
2026-07-08 10:40:54,776 | INFO | watchfiles.main | 1 change detected
2026-07-08 10:40:55,189 | INFO | watchfiles.main | 1 change detected
2026-07-08 10:40:55,554 | INFO | watchfiles.main | 1 change detected
2026-07-08 10:40:55,959 | INFO | watchfiles.main | 1 change detected
2026-07-08 10:40:56,364 | INFO | watchfiles.main | 1 change detected
2026-07-08 10:40:56,779 | INFO | watchfiles.main | 1 change detected
2026-07-08 10:40:57,194 | INFO | watchfiles.main | 1 change detected
2026-07-08 10:40:57,568 | INFO | watchfiles.main | 1 change detected
2026-07-08 10:40:57,986 | INFO | watchfiles.main | 1 change detected
2026-07-08 10:40:58,391 | INFO | watchfiles.main | 1 change detected
2026-07-08 10:40:58,802 | INFO | watchfiles.main | 1 change detected
2026-07-08 10:40:59,209 | INFO | watchfiles.main | 1 change detected
2026-07-08 10:40:59,630 | INFO | watchfiles.main | 1 change detected
2026-07-08 10:41:00,039 | INFO | watchfiles.main | 1 change detected
2026-07-08 10:41:00,453 | INFO | watchfiles.main | 1 change detected
2026-07-08 10:41:00,865 | INFO | watchfiles.main | 1 change detected
2026-07-08 10:41:01,224 | INFO | watchfiles.main | 1 change detected
2026-07-08 10:41:01,634 | INFO | watchfiles.main | 1 change detected
2026-07-08 10:41:02,041 | INFO | watchfiles.main | 1 change detected
2026-07-08 10:41:02,446 | INFO | watchfiles.main | 1 change detected
2026-07-08 10:41:02,853 | INFO | watchfiles.main | 1 change detected
2026-07-08 10:41:03,256 | INFO | watchfiles.main | 1 change detected
2026-07-08 10:41:03,665 | INFO | watchfiles.main | 1 change detected
2026-07-08 10:41:04,074 | INFO | watchfiles.main | 1 change detected
2026-07-08 10:41:04,439 | INFO | watchfiles.main | 1 change detected
2026-07-08 10:41:04,856 | INFO | watchfiles.main | 1 change detected
2026-07-08 10:41:05,267 | INFO | watchfiles.main | 1 change detected
2026-07-08 10:41:05,689 | INFO | watchfiles.main | 1 change detected
2026-07-08 10:41:06,095 | INFO | watchfiles.main | 1 change detected
2026-07-08 10:41:06,502 | INFO | watchfiles.main | 1 change detected
2026-07-08 10:41:06,908 | INFO | watchfiles.main | 1 change detected
2026-07-08 10:41:07,312 | INFO | watchfiles.main | 1 change detected
2026-07-08 10:41:07,720 | INFO | watchfiles.main | 1 change detected
2026-07-08 10:41:08,130 | INFO | watchfiles.main | 1 change detected
2026-07-08 10:41:08,536 | INFO | watchfiles.main | 1 change detected
2026-07-08 10:41:08,955 | INFO | watchfiles.main | 1 change detected
2026-07-08 10:41:09,362 | INFO | watchfiles.main | 1 change detected
2026-07-08 10:41:09,780 | INFO | watchfiles.main | 1 change detected
2026-07-08 10:41:10,187 | INFO | watchfiles.main | 1 change detected
2026-07-08 10:41:10,595 | INFO | watchfiles.main | 1 change detected
2026-07-08 10:41:11,052 | INFO | watchfiles.main | 1 change detected
2026-07-08 10:41:11,462 | INFO | watchfiles.main | 1 change detected
2026-07-08 10:41:11,819 | INFO | watchfiles.main | 1 change detected
2026-07-08 10:41:12,233 | INFO | watchfiles.main | 1 change detected
2026-07-08 10:41:12,648 | INFO | watchfiles.main | 1 change detected
2026-07-08 10:41:13,007 | INFO | watchfiles.main | 1 change detected
2026-07-08 10:41:13,417 | INFO | watchfiles.main | 1 change detected
2026-07-08 10:41:13,829 | INFO | watchfiles.main | 1 change detected
2026-07-08 10:41:14,241 | INFO | watchfiles.main | 1 change detected
2026-07-08 10:41:14,602 | INFO | watchfiles.main | 1 change detected
2026-07-08 10:41:15,027 | INFO | watchfiles.main | 1 change detected
2026-07-08 10:41:15,431 | INFO | watchfiles.main | 1 change detected
2026-07-08 10:41:15,841 | INFO | watchfiles.main | 1 change detected
2026-07-08 10:41:16,252 | INFO | watchfiles.main | 1 change detected
2026-07-08 10:41:16,659 | INFO | watchfiles.main | 1 change detected
2026-07-08 10:41:17,065 | INFO | watchfiles.main | 1 change detected
2026-07-08 10:41:17,422 | INFO | watchfiles.main | 1 change detected
2026-07-08 10:41:17,831 | INFO | watchfiles.main | 1 change detected
2026-07-08 10:41:18,248 | INFO | watchfiles.main | 1 change detected
2026-07-08 10:41:18,658 | INFO | watchfiles.main | 1 change detected
2026-07-08 10:41:19,067 | INFO | watchfiles.main | 1 change detected
2026-07-08 10:41:19,434 | INFO | watchfiles.main | 1 change detected
2026-07-08 10:41:19,839 | INFO | watchfiles.main | 1 change detected
2026-07-08 10:41:20,249 | INFO | watchfiles.main | 1 change detected
2026-07-08 10:41:20,652 | INFO | watchfiles.main | 1 change detected
2026-07-08 10:41:21,060 | INFO | watchfiles.main | 1 change detected
2026-07-08 10:41:21,519 | INFO | watchfiles.main | 1 change detected
2026-07-08 10:41:21,884 | INFO | watchfiles.main | 1 change detected
2026-07-08 10:41:22,293 | INFO | watchfiles.main | 1 change detected
2026-07-08 10:41:22,701 | INFO | watchfiles.main | 1 change detected
2026-07-08 10:41:23,107 | INFO | watchfiles.main | 1 change detected
2026-07-08 10:41:23,517 | INFO | watchfiles.main | 1 change detected
2026-07-08 10:41:23,926 | INFO | watchfiles.main | 1 change detected
2026-07-08 10:41:24,288 | INFO | watchfiles.main | 1 change detected
2026-07-08 10:41:24,702 | INFO | watchfiles.main | 1 change detected
2026-07-08 10:41:25,110 | INFO | watchfiles.main | 1 change detected
2026-07-08 10:41:25,526 | INFO | watchfiles.main | 1 change detected
2026-07-08 10:41:25,934 | INFO | watchfiles.main | 1 change detected
2026-07-08 10:41:26,351 | INFO | watchfiles.main | 1 change detected
2026-07-08 10:41:26,759 | INFO | watchfiles.main | 1 change detected
2026-07-08 10:41:27,170 | INFO | watchfiles.main | 1 change detected
2026-07-08 10:41:27,579 | INFO | watchfiles.main | 1 change detected
2026-07-08 10:41:27,987 | INFO | watchfiles.main | 1 change detected
2026-07-08 10:41:28,397 | INFO | watchfiles.main | 1 change detected
2026-07-08 10:41:28,804 | INFO | watchfiles.main | 1 change detected
2026-07-08 10:41:29,207 | INFO | watchfiles.main | 1 change detected
2026-07-08 10:41:29,623 | INFO | watchfiles.main | 1 change detected
2026-07-08 10:41:30,029 | INFO | watchfiles.main | 1 change detected
2026-07-08 10:41:30,433 | INFO | watchfiles.main | 1 change detected
2026-07-08 10:41:30,841 | INFO | watchfiles.main | 1 change detected
2026-07-08 10:41:31,253 | INFO | watchfiles.main | 1 change detected
2026-07-08 10:41:31,662 | INFO | watchfiles.main | 1 change detected
2026-07-08 10:41:32,069 | INFO | watchfiles.main | 1 change detected
2026-07-08 10:41:32,472 | INFO | watchfiles.main | 1 change detected
2026-07-08 10:41:32,889 | INFO | watchfiles.main | 1 change detected
2026-07-08 10:41:33,296 | INFO | watchfiles.main | 1 change detected
2026-07-08 10:41:33,706 | INFO | watchfiles.main | 1 change detected
2026-07-08 10:41:34,116 | INFO | watchfiles.main | 1 change detected
2026-07-08 10:41:34,523 | INFO | watchfiles.main | 1 change detected
2026-07-08 10:41:34,941 | INFO | watchfiles.main | 1 change detected
2026-07-08 10:41:35,305 | INFO | watchfiles.main | 1 change detected
2026-07-08 10:41:35,722 | INFO | watchfiles.main | 1 change detected
2026-07-08 10:41:36,129 | INFO | watchfiles.main | 1 change detected
2026-07-08 10:41:36,549 | INFO | watchfiles.main | 1 change detected
2026-07-08 10:41:36,957 | INFO | watchfiles.main | 1 change detected
2026-07-08 10:41:37,367 | INFO | watchfiles.main | 1 change detected
2026-07-08 10:41:37,773 | INFO | watchfiles.main | 1 change detected
2026-07-08 10:41:38,183 | INFO | watchfiles.main | 1 change detected
2026-07-08 10:41:38,590 | INFO | watchfiles.main | 1 change detected
2026-07-08 10:41:39,000 | INFO | watchfiles.main | 1 change detected
2026-07-08 10:41:39,403 | INFO | watchfiles.main | 1 change detected
2026-07-08 10:41:39,765 | INFO | watchfiles.main | 1 change detected
2026-07-08 10:41:40,218 | INFO | watchfiles.main | 1 change detected
2026-07-08 10:41:40,576 | INFO | watchfiles.main | 1 change detected
2026-07-08 10:41:40,992 | INFO | watchfiles.main | 1 change detected
2026-07-08 10:41:41,454 | INFO | watchfiles.main | 1 change detected
2026-07-08 10:41:41,812 | INFO | watchfiles.main | 1 change detected
2026-07-08 10:41:42,223 | INFO | watchfiles.main | 1 change detected
2026-07-08 10:41:42,634 | INFO | watchfiles.main | 1 change detected
2026-07-08 10:41:43,042 | INFO | watchfiles.main | 1 change detected
2026-07-08 10:41:43,454 | INFO | watchfiles.main | 1 change detected
2026-07-08 10:41:43,857 | INFO | watchfiles.main | 1 change detected
2026-07-08 10:41:44,214 | INFO | watchfiles.main | 1 change detected
2026-07-08 10:41:44,626 | INFO | watchfiles.main | 1 change detected
2026-07-08 10:41:45,029 | INFO | watchfiles.main | 1 change detected
2026-07-08 10:41:45,440 | INFO | watchfiles.main | 1 change detected
2026-07-08 10:41:45,850 | INFO | watchfiles.main | 1 change detected
2026-07-08 10:41:46,260 | INFO | watchfiles.main | 1 change detected
2026-07-08 10:41:46,665 | INFO | watchfiles.main | 1 change detected
2026-07-08 10:41:47,075 | INFO | watchfiles.main | 1 change detected
2026-07-08 10:41:47,443 | INFO | watchfiles.main | 1 change detected
2026-07-08 10:41:47,850 | INFO | watchfiles.main | 1 change detected
2026-07-08 10:41:48,265 | INFO | watchfiles.main | 1 change detected
2026-07-08 10:41:48,671 | INFO | watchfiles.main | 1 change detected
2026-07-08 10:41:49,013 | INFO | lmsguard.requests | GET /platform/notifications -> 401 2.18ms
2026-07-08 10:41:49,074 | INFO | watchfiles.main | 1 change detected
2026-07-08 10:41:49,429 | INFO | watchfiles.main | 1 change detected
2026-07-08 10:41:49,785 | INFO | watchfiles.main | 1 change detected
2026-07-08 10:41:50,139 | INFO | watchfiles.main | 1 change detected
2026-07-08 10:41:50,499 | INFO | watchfiles.main | 1 change detected
2026-07-08 10:41:50,865 | INFO | watchfiles.main | 1 change detected
2026-07-08 10:41:51,220 | INFO | watchfiles.main | 1 change detected
2026-07-08 10:41:51,576 | INFO | watchfiles.main | 1 change detected
2026-07-08 10:41:51,992 | INFO | watchfiles.main | 1 change detected
2026-07-08 10:41:52,403 | INFO | watchfiles.main | 1 change detected
2026-07-08 10:41:52,770 | INFO | watchfiles.main | 1 change detected
2026-07-08 10:41:53,173 | INFO | watchfiles.main | 1 change detected
2026-07-08 10:41:53,589 | INFO | watchfiles.main | 1 change detected
2026-07-08 10:41:53,991 | INFO | watchfiles.main | 1 change detected
2026-07-08 10:41:54,348 | INFO | watchfiles.main | 1 change detected
2026-07-08 10:41:54,762 | INFO | watchfiles.main | 1 change detected
2026-07-08 10:41:55,168 | INFO | watchfiles.main | 1 change detected
2026-07-08 10:41:55,580 | INFO | watchfiles.main | 1 change detected
2026-07-08 10:41:55,985 | INFO | watchfiles.main | 1 change detected
2026-07-08 10:41:56,346 | INFO | watchfiles.main | 1 change detected
2026-07-08 10:41:56,754 | INFO | watchfiles.main | 1 change detected
2026-07-08 10:41:57,157 | INFO | watchfiles.main | 1 change detected
2026-07-08 10:41:57,560 | INFO | watchfiles.main | 1 change detected
2026-07-08 10:41:57,963 | INFO | watchfiles.main | 1 change detected
2026-07-08 10:41:58,372 | INFO | watchfiles.main | 1 change detected
2026-07-08 10:41:58,778 | INFO | watchfiles.main | 1 change detected
2026-07-08 10:41:59,186 | INFO | watchfiles.main | 1 change detected
2026-07-08 10:41:59,593 | INFO | watchfiles.main | 1 change detected
2026-07-08 10:42:00,004 | INFO | watchfiles.main | 1 change detected
2026-07-08 10:42:00,366 | INFO | watchfiles.main | 1 change detected
2026-07-08 10:42:00,782 | INFO | watchfiles.main | 1 change detected
2026-07-08 10:42:01,187 | INFO | watchfiles.main | 1 change detected
2026-07-08 10:42:01,594 | INFO | watchfiles.main | 1 change detected
2026-07-08 10:42:01,967 | INFO | watchfiles.main | 1 change detected
2026-07-08 10:42:02,383 | INFO | watchfiles.main | 1 change detected
2026-07-08 10:42:02,789 | INFO | watchfiles.main | 1 change detected
2026-07-08 10:42:03,245 | INFO | watchfiles.main | 1 change detected
2026-07-08 10:42:03,658 | INFO | watchfiles.main | 1 change detected
2026-07-08 10:42:04,064 | INFO | watchfiles.main | 1 change detected
2026-07-08 10:42:04,472 | INFO | watchfiles.main | 1 change detected
2026-07-08 10:42:04,839 | INFO | watchfiles.main | 1 change detected
2026-07-08 10:42:05,256 | INFO | watchfiles.main | 1 change detected
2026-07-08 10:42:05,667 | INFO | watchfiles.main | 1 change detected
2026-07-08 10:42:06,085 | INFO | watchfiles.main | 1 change detected
2026-07-08 10:42:06,491 | INFO | watchfiles.main | 1 change detected
2026-07-08 10:42:06,898 | INFO | watchfiles.main | 1 change detected
2026-07-08 10:42:07,304 | INFO | watchfiles.main | 1 change detected
2026-07-08 10:42:07,712 | INFO | watchfiles.main | 1 change detected
2026-07-08 10:42:08,121 | INFO | watchfiles.main | 1 change detected
2026-07-08 10:42:08,531 | INFO | watchfiles.main | 1 change detected
2026-07-08 10:42:08,939 | INFO | watchfiles.main | 1 change detected
2026-07-08 10:42:09,306 | INFO | watchfiles.main | 1 change detected
2026-07-08 10:42:09,723 | INFO | watchfiles.main | 1 change detected
2026-07-08 10:42:10,127 | INFO | watchfiles.main | 1 change detected
2026-07-08 10:42:10,539 | INFO | watchfiles.main | 1 change detected
2026-07-08 10:42:10,959 | INFO | watchfiles.main | 1 change detected
2026-07-08 10:42:11,370 | INFO | watchfiles.main | 1 change detected
2026-07-08 10:42:11,777 | INFO | watchfiles.main | 1 change detected
2026-07-08 10:42:12,187 | INFO | watchfiles.main | 1 change detected
2026-07-08 10:42:12,597 | INFO | watchfiles.main | 1 change detected
2026-07-08 10:42:12,966 | INFO | watchfiles.main | 1 change detected
2026-07-08 10:42:13,380 | INFO | watchfiles.main | 1 change detected
2026-07-08 10:42:13,786 | INFO | watchfiles.main | 1 change detected
2026-07-08 10:42:14,196 | INFO | watchfiles.main | 1 change detected
2026-07-08 10:42:14,608 | INFO | watchfiles.main | 1 change detected
2026-07-08 10:42:14,970 | INFO | watchfiles.main | 1 change detected
2026-07-08 10:42:15,423 | INFO | watchfiles.main | 1 change detected
2026-07-08 10:42:15,835 | INFO | watchfiles.main | 1 change detected
2026-07-08 10:42:16,242 | INFO | watchfiles.main | 1 change detected
2026-07-08 10:42:16,648 | INFO | watchfiles.main | 1 change detected
2026-07-08 10:42:17,007 | INFO | watchfiles.main | 1 change detected
2026-07-08 10:42:17,422 | INFO | watchfiles.main | 1 change detected
2026-07-08 10:42:17,828 | INFO | watchfiles.main | 1 change detected
2026-07-08 10:42:18,236 | INFO | watchfiles.main | 1 change detected
2026-07-08 10:42:18,644 | INFO | watchfiles.main | 1 change detected
2026-07-08 10:42:19,060 | INFO | watchfiles.main | 1 change detected
2026-07-08 10:42:19,471 | INFO | watchfiles.main | 1 change detected
2026-07-08 10:42:19,837 | INFO | watchfiles.main | 1 change detected
2026-07-08 10:42:20,253 | INFO | watchfiles.main | 1 change detected
2026-07-08 10:42:20,659 | INFO | watchfiles.main | 1 change detected
2026-07-08 10:42:21,065 | INFO | watchfiles.main | 1 change detected
2026-07-08 10:42:21,436 | INFO | watchfiles.main | 1 change detected
2026-07-08 10:42:21,852 | INFO | watchfiles.main | 1 change detected
2026-07-08 10:42:22,267 | INFO | watchfiles.main | 1 change detected
2026-07-08 10:42:22,635 | INFO | watchfiles.main | 1 change detected
2026-07-08 10:42:23,041 | INFO | watchfiles.main | 1 change detected
2026-07-08 10:42:23,452 | INFO | watchfiles.main | 1 change detected
2026-07-08 10:42:23,857 | INFO | watchfiles.main | 1 change detected
2026-07-08 10:42:24,268 | INFO | watchfiles.main | 1 change detected
2026-07-08 10:42:24,673 | INFO | watchfiles.main | 1 change detected
2026-07-08 10:42:25,088 | INFO | watchfiles.main | 1 change detected
2026-07-08 10:42:25,499 | INFO | watchfiles.main | 1 change detected
2026-07-08 10:42:25,905 | INFO | watchfiles.main | 1 change detected
2026-07-08 10:42:26,314 | INFO | watchfiles.main | 1 change detected
2026-07-08 10:42:26,724 | INFO | watchfiles.main | 1 change detected
2026-07-08 10:42:27,128 | INFO | watchfiles.main | 1 change detected
2026-07-08 10:42:27,540 | INFO | watchfiles.main | 1 change detected
2026-07-08 10:42:27,906 | INFO | watchfiles.main | 1 change detected
2026-07-08 10:42:28,322 | INFO | watchfiles.main | 1 change detected
2026-07-08 10:42:28,734 | INFO | watchfiles.main | 1 change detected
2026-07-08 10:42:29,141 | INFO | watchfiles.main | 1 change detected
2026-07-08 10:42:29,561 | INFO | watchfiles.main | 1 change detected
2026-07-08 10:42:29,966 | INFO | watchfiles.main | 1 change detected
2026-07-08 10:42:30,373 | INFO | watchfiles.main | 1 change detected
2026-07-08 10:42:30,788 | INFO | watchfiles.main | 1 change detected
2026-07-08 10:42:31,195 | INFO | watchfiles.main | 1 change detected
2026-07-08 10:42:31,567 | INFO | watchfiles.main | 1 change detected
2026-07-08 10:42:31,984 | INFO | watchfiles.main | 1 change detected
2026-07-08 10:42:32,391 | INFO | watchfiles.main | 1 change detected
2026-07-08 10:42:32,753 | INFO | watchfiles.main | 1 change detected
2026-07-08 10:42:33,158 | INFO | watchfiles.main | 1 change detected
2026-07-08 10:42:33,569 | INFO | watchfiles.main | 1 change detected
2026-07-08 10:42:33,974 | INFO | watchfiles.main | 1 change detected
2026-07-08 10:42:34,387 | INFO | watchfiles.main | 1 change detected
2026-07-08 10:42:34,801 | INFO | watchfiles.main | 1 change detected
2026-07-08 10:42:35,174 | INFO | watchfiles.main | 1 change detected
2026-07-08 10:42:35,580 | INFO | watchfiles.main | 1 change detected
2026-07-08 10:42:35,986 | INFO | watchfiles.main | 1 change detected
2026-07-08 10:42:36,391 | INFO | watchfiles.main | 1 change detected
2026-07-08 10:42:36,801 | INFO | watchfiles.main | 1 change detected
2026-07-08 10:42:37,164 | INFO | watchfiles.main | 1 change detected
2026-07-08 10:42:37,571 | INFO | watchfiles.main | 1 change detected
2026-07-08 10:42:37,976 | INFO | watchfiles.main | 1 change detected
2026-07-08 10:42:38,382 | INFO | watchfiles.main | 1 change detected
2026-07-08 10:42:38,795 | INFO | watchfiles.main | 1 change detected
2026-07-08 10:42:39,252 | INFO | watchfiles.main | 1 change detected
2026-07-08 10:42:39,619 | INFO | watchfiles.main | 1 change detected
2026-07-08 10:42:40,030 | INFO | watchfiles.main | 1 change detected
2026-07-08 10:42:40,436 | INFO | watchfiles.main | 1 change detected
2026-07-08 10:42:40,852 | INFO | watchfiles.main | 1 change detected
2026-07-08 10:42:41,270 | INFO | watchfiles.main | 1 change detected
2026-07-08 10:42:41,630 | INFO | watchfiles.main | 1 change detected
2026-07-08 10:42:42,044 | INFO | watchfiles.main | 1 change detected
2026-07-08 10:42:42,452 | INFO | watchfiles.main | 1 change detected
2026-07-08 10:42:42,862 | INFO | watchfiles.main | 1 change detected
2026-07-08 10:42:43,333 | INFO | watchfiles.main | 1 change detected
2026-07-08 10:42:43,736 | INFO | watchfiles.main | 1 change detected
2026-07-08 10:42:44,138 | INFO | watchfiles.main | 1 change detected
2026-07-08 10:42:44,554 | INFO | watchfiles.main | 1 change detected
2026-07-08 10:42:44,964 | INFO | watchfiles.main | 1 change detected
2026-07-08 10:42:45,367 | INFO | watchfiles.main | 1 change detected
2026-07-08 10:42:45,777 | INFO | watchfiles.main | 1 change detected
2026-07-08 10:42:46,185 | INFO | watchfiles.main | 1 change detected
2026-07-08 10:42:46,591 | INFO | watchfiles.main | 1 change detected
2026-07-08 10:42:47,000 | INFO | watchfiles.main | 1 change detected
2026-07-08 10:42:47,368 | INFO | watchfiles.main | 1 change detected
2026-07-08 10:42:47,825 | INFO | watchfiles.main | 1 change detected
2026-07-08 10:42:48,241 | INFO | watchfiles.main | 1 change detected
2026-07-08 10:42:48,647 | INFO | watchfiles.main | 1 change detected
2026-07-08 10:42:48,718 | INFO | lmsguard.requests | GET /platform/notifications -> 401 2.16ms
2026-07-08 10:42:49,006 | INFO | watchfiles.main | 1 change detected
2026-07-08 10:42:49,367 | INFO | watchfiles.main | 1 change detected
2026-07-08 10:42:49,721 | INFO | watchfiles.main | 1 change detected
2026-07-08 10:42:50,075 | INFO | watchfiles.main | 1 change detected
2026-07-08 10:42:50,435 | INFO | watchfiles.main | 1 change detected
2026-07-08 10:42:50,845 | INFO | watchfiles.main | 1 change detected
2026-07-08 10:42:51,253 | INFO | watchfiles.main | 1 change detected
2026-07-08 10:42:51,662 | INFO | watchfiles.main | 1 change detected
2026-07-08 10:42:52,064 | INFO | watchfiles.main | 1 change detected
2026-07-08 10:42:52,471 | INFO | watchfiles.main | 1 change detected
2026-07-08 10:42:52,839 | INFO | watchfiles.main | 1 change detected
2026-07-08 10:42:53,293 | INFO | watchfiles.main | 1 change detected
2026-07-08 10:42:53,708 | INFO | watchfiles.main | 1 change detected
2026-07-08 10:42:54,122 | INFO | watchfiles.main | 1 change detected
2026-07-08 10:42:54,531 | INFO | watchfiles.main | 1 change detected
2026-07-08 10:42:54,941 | INFO | watchfiles.main | 1 change detected
2026-07-08 10:42:55,307 | INFO | watchfiles.main | 1 change detected
2026-07-08 10:42:55,713 | INFO | watchfiles.main | 1 change detected
2026-07-08 10:42:56,124 | INFO | watchfiles.main | 1 change detected
2026-07-08 10:42:56,485 | INFO | watchfiles.main | 1 change detected
2026-07-08 10:42:56,895 | INFO | watchfiles.main | 1 change detected
2026-07-08 10:42:57,302 | INFO | watchfiles.main | 1 change detected
2026-07-08 10:42:57,713 | INFO | watchfiles.main | 1 change detected
2026-07-08 10:42:58,072 | INFO | watchfiles.main | 1 change detected
2026-07-08 10:42:58,484 | INFO | watchfiles.main | 1 change detected
2026-07-08 10:42:58,898 | INFO | watchfiles.main | 1 change detected
2026-07-08 10:42:59,309 | INFO | watchfiles.main | 1 change detected
2026-07-08 10:42:59,669 | INFO | watchfiles.main | 1 change detected
2026-07-08 10:43:00,086 | INFO | watchfiles.main | 1 change detected
2026-07-08 10:43:00,499 | INFO | watchfiles.main | 1 change detected
2026-07-08 10:43:00,908 | INFO | watchfiles.main | 1 change detected
2026-07-08 10:43:01,314 | INFO | watchfiles.main | 1 change detected
2026-07-08 10:43:01,720 | INFO | watchfiles.main | 1 change detected
2026-07-08 10:43:02,128 | INFO | watchfiles.main | 1 change detected
2026-07-08 10:43:02,530 | INFO | watchfiles.main | 1 change detected
2026-07-08 10:43:02,939 | INFO | watchfiles.main | 1 change detected
2026-07-08 10:43:03,305 | INFO | watchfiles.main | 1 change detected
2026-07-08 10:43:03,761 | INFO | watchfiles.main | 1 change detected
2026-07-08 10:43:04,177 | INFO | watchfiles.main | 1 change detected
2026-07-08 10:43:04,583 | INFO | watchfiles.main | 1 change detected
2026-07-08 10:43:05,000 | INFO | watchfiles.main | 1 change detected
2026-07-08 10:43:05,355 | INFO | watchfiles.main | 1 change detected
2026-07-08 10:43:05,767 | INFO | watchfiles.main | 1 change detected
2026-07-08 10:43:06,177 | INFO | watchfiles.main | 1 change detected
2026-07-08 10:43:06,585 | INFO | watchfiles.main | 1 change detected
2026-07-08 10:43:06,988 | INFO | watchfiles.main | 1 change detected
2026-07-08 10:43:07,400 | INFO | watchfiles.main | 1 change detected
2026-07-08 10:43:07,806 | INFO | watchfiles.main | 1 change detected
2026-07-08 10:43:08,172 | INFO | watchfiles.main | 1 change detected
2026-07-08 10:43:08,625 | INFO | watchfiles.main | 1 change detected
2026-07-08 10:43:09,040 | INFO | watchfiles.main | 1 change detected
2026-07-08 10:43:09,449 | INFO | watchfiles.main | 1 change detected
2026-07-08 10:43:09,807 | INFO | watchfiles.main | 1 change detected
2026-07-08 10:43:10,221 | INFO | watchfiles.main | 1 change detected
2026-07-08 10:43:10,629 | INFO | watchfiles.main | 1 change detected
2026-07-08 10:43:11,035 | INFO | watchfiles.main | 1 change detected
2026-07-08 10:43:11,444 | INFO | watchfiles.main | 1 change detected
2026-07-08 10:43:11,807 | INFO | watchfiles.main | 1 change detected
2026-07-08 10:43:12,223 | INFO | watchfiles.main | 1 change detected
2026-07-08 10:43:12,629 | INFO | watchfiles.main | 1 change detected
2026-07-08 10:43:13,035 | INFO | watchfiles.main | 1 change detected
2026-07-08 10:43:13,444 | INFO | watchfiles.main | 1 change detected
2026-07-08 10:43:13,854 | INFO | watchfiles.main | 1 change detected
2026-07-08 10:43:14,212 | INFO | watchfiles.main | 1 change detected
2026-07-08 10:43:14,621 | INFO | watchfiles.main | 1 change detected
2026-07-08 10:43:15,032 | INFO | watchfiles.main | 1 change detected
2026-07-08 10:43:15,442 | INFO | watchfiles.main | 1 change detected
2026-07-08 10:43:15,845 | INFO | watchfiles.main | 1 change detected
2026-07-08 10:43:16,253 | INFO | watchfiles.main | 1 change detected
2026-07-08 10:43:16,658 | INFO | watchfiles.main | 1 change detected
2026-07-08 10:43:17,061 | INFO | watchfiles.main | 1 change detected
2026-07-08 10:43:17,467 | INFO | watchfiles.main | 1 change detected
2026-07-08 10:43:17,873 | INFO | watchfiles.main | 1 change detected
2026-07-08 10:43:18,288 | INFO | watchfiles.main | 1 change detected
2026-07-08 10:43:18,742 | INFO | watchfiles.main | 1 change detected
2026-07-08 10:43:19,101 | INFO | watchfiles.main | 1 change detected
2026-07-08 10:43:19,516 | INFO | watchfiles.main | 1 change detected
2026-07-08 10:43:19,922 | INFO | watchfiles.main | 1 change detected
2026-07-08 10:43:20,335 | INFO | watchfiles.main | 1 change detected
2026-07-08 10:43:20,702 | INFO | watchfiles.main | 1 change detected
2026-07-08 10:43:21,105 | INFO | watchfiles.main | 1 change detected
2026-07-08 10:43:21,510 | INFO | watchfiles.main | 1 change detected
2026-07-08 10:43:21,920 | INFO | watchfiles.main | 1 change detected
2026-07-08 10:43:22,329 | INFO | watchfiles.main | 1 change detected
2026-07-08 10:43:22,741 | INFO | watchfiles.main | 1 change detected
2026-07-08 10:43:23,155 | INFO | watchfiles.main | 1 change detected
2026-07-08 10:43:23,567 | INFO | watchfiles.main | 1 change detected
2026-07-08 10:43:23,977 | INFO | watchfiles.main | 1 change detected
2026-07-08 10:43:24,388 | INFO | watchfiles.main | 1 change detected
2026-07-08 10:43:24,798 | INFO | watchfiles.main | 1 change detected
2026-07-08 10:43:25,200 | INFO | watchfiles.main | 1 change detected
2026-07-08 10:43:25,566 | INFO | watchfiles.main | 1 change detected
2026-07-08 10:43:25,977 | INFO | watchfiles.main | 1 change detected
2026-07-08 10:43:26,384 | INFO | watchfiles.main | 1 change detected
2026-07-08 10:43:26,799 | INFO | watchfiles.main | 1 change detected
2026-07-08 10:43:27,203 | INFO | watchfiles.main | 1 change detected
2026-07-08 10:43:27,574 | INFO | watchfiles.main | 1 change detected
2026-07-08 10:43:27,991 | INFO | watchfiles.main | 1 change detected
2026-07-08 10:43:28,399 | INFO | watchfiles.main | 1 change detected
2026-07-08 10:43:28,766 | INFO | watchfiles.main | 1 change detected
2026-07-08 10:43:29,170 | INFO | watchfiles.main | 1 change detected
2026-07-08 10:43:29,583 | INFO | watchfiles.main | 1 change detected
2026-07-08 10:43:29,946 | INFO | watchfiles.main | 1 change detected
2026-07-08 10:43:30,363 | INFO | watchfiles.main | 1 change detected
2026-07-08 10:43:30,779 | INFO | watchfiles.main | 1 change detected
2026-07-08 10:43:31,185 | INFO | watchfiles.main | 1 change detected
2026-07-08 10:43:31,551 | INFO | watchfiles.main | 1 change detected
2026-07-08 10:43:31,967 | INFO | watchfiles.main | 1 change detected
2026-07-08 10:43:32,382 | INFO | watchfiles.main | 1 change detected
2026-07-08 10:43:32,735 | INFO | watchfiles.main | 1 change detected
2026-07-08 10:43:33,137 | INFO | watchfiles.main | 1 change detected
2026-07-08 10:43:33,548 | INFO | watchfiles.main | 1 change detected
2026-07-08 10:43:33,954 | INFO | watchfiles.main | 1 change detected
2026-07-08 10:43:34,357 | INFO | watchfiles.main | 1 change detected
2026-07-08 10:43:34,767 | INFO | watchfiles.main | 1 change detected
2026-07-08 10:43:35,177 | INFO | watchfiles.main | 1 change detected
2026-07-08 10:43:35,592 | INFO | watchfiles.main | 1 change detected
2026-07-08 10:43:35,950 | INFO | watchfiles.main | 1 change detected
2026-07-08 10:43:36,364 | INFO | watchfiles.main | 1 change detected
2026-07-08 10:43:36,774 | INFO | watchfiles.main | 1 change detected
2026-07-08 10:43:37,184 | INFO | watchfiles.main | 1 change detected
2026-07-08 10:43:37,591 | INFO | watchfiles.main | 1 change detected
2026-07-08 10:43:37,952 | INFO | watchfiles.main | 1 change detected
2026-07-08 10:43:38,364 | INFO | watchfiles.main | 1 change detected
2026-07-08 10:43:38,821 | INFO | watchfiles.main | 1 change detected
2026-07-08 10:43:39,236 | INFO | watchfiles.main | 1 change detected
2026-07-08 10:43:39,640 | INFO | watchfiles.main | 1 change detected
2026-07-08 10:43:40,007 | INFO | watchfiles.main | 1 change detected
2026-07-08 10:43:40,422 | INFO | watchfiles.main | 1 change detected
2026-07-08 10:43:40,835 | INFO | watchfiles.main | 1 change detected
2026-07-08 10:43:41,245 | INFO | watchfiles.main | 1 change detected
2026-07-08 10:43:41,656 | INFO | watchfiles.main | 1 change detected
2026-07-08 10:43:42,014 | INFO | watchfiles.main | 1 change detected
2026-07-08 10:43:42,422 | INFO | watchfiles.main | 1 change detected
2026-07-08 10:43:42,830 | INFO | watchfiles.main | 1 change detected
2026-07-08 10:43:43,246 | INFO | watchfiles.main | 1 change detected
2026-07-08 10:43:43,604 | INFO | watchfiles.main | 1 change detected
2026-07-08 10:43:44,028 | INFO | watchfiles.main | 1 change detected
2026-07-08 10:43:44,438 | INFO | watchfiles.main | 1 change detected
2026-07-08 10:43:44,849 | INFO | watchfiles.main | 1 change detected
2026-07-08 10:43:45,204 | INFO | watchfiles.main | 1 change detected
2026-07-08 10:43:45,617 | INFO | watchfiles.main | 1 change detected
2026-07-08 10:43:46,025 | INFO | watchfiles.main | 1 change detected
2026-07-08 10:43:46,439 | INFO | watchfiles.main | 1 change detected
2026-07-08 10:43:46,852 | INFO | watchfiles.main | 1 change detected
2026-07-08 10:43:47,256 | INFO | watchfiles.main | 1 change detected
2026-07-08 10:43:47,665 | INFO | watchfiles.main | 1 change detected
2026-07-08 10:43:48,035 | INFO | watchfiles.main | 1 change detected
2026-07-08 10:43:48,441 | INFO | watchfiles.main | 1 change detected
2026-07-08 10:43:48,853 | INFO | watchfiles.main | 1 change detected
2026-07-08 10:43:49,002 | INFO | lmsguard.requests | GET /platform/notifications -> 401 2.24ms
2026-07-08 10:43:49,220 | INFO | watchfiles.main | 1 change detected
2026-07-08 10:43:49,583 | INFO | watchfiles.main | 1 change detected
2026-07-08 10:43:49,950 | INFO | watchfiles.main | 1 change detected
2026-07-08 10:43:50,303 | INFO | watchfiles.main | 1 change detected
2026-07-08 10:43:50,709 | INFO | watchfiles.main | 1 change detected
2026-07-08 10:43:51,113 | INFO | watchfiles.main | 1 change detected
2026-07-08 10:43:51,524 | INFO | watchfiles.main | 1 change detected
2026-07-08 10:43:51,930 | INFO | watchfiles.main | 1 change detected
2026-07-08 10:43:52,289 | INFO | watchfiles.main | 1 change detected
2026-07-08 10:43:52,701 | INFO | watchfiles.main | 1 change detected
2026-07-08 10:43:53,108 | INFO | watchfiles.main | 1 change detected
2026-07-08 10:43:53,522 | INFO | watchfiles.main | 1 change detected
2026-07-08 10:43:53,882 | INFO | watchfiles.main | 1 change detected
2026-07-08 10:43:54,297 | INFO | watchfiles.main | 1 change detected
2026-07-08 10:43:54,710 | INFO | watchfiles.main | 1 change detected
2026-07-08 10:43:55,072 | INFO | watchfiles.main | 1 change detected
2026-07-08 10:43:55,490 | INFO | watchfiles.main | 1 change detected
2026-07-08 10:43:55,899 | INFO | watchfiles.main | 1 change detected
2026-07-08 10:43:56,308 | INFO | watchfiles.main | 1 change detected
2026-07-08 10:43:56,720 | INFO | watchfiles.main | 1 change detected
2026-07-08 10:43:57,076 | INFO | watchfiles.main | 1 change detected
2026-07-08 10:43:57,495 | INFO | watchfiles.main | 1 change detected
2026-07-08 10:43:57,899 | INFO | watchfiles.main | 1 change detected
2026-07-08 10:43:58,305 | INFO | watchfiles.main | 1 change detected
2026-07-08 10:43:58,715 | INFO | watchfiles.main | 1 change detected
2026-07-08 10:43:59,127 | INFO | watchfiles.main | 1 change detected
2026-07-08 10:43:59,537 | INFO | watchfiles.main | 1 change detected
2026-07-08 10:43:59,948 | INFO | watchfiles.main | 1 change detected
2026-07-08 10:44:00,360 | INFO | watchfiles.main | 1 change detected
2026-07-08 10:44:00,775 | INFO | watchfiles.main | 1 change detected
2026-07-08 10:44:01,135 | INFO | watchfiles.main | 1 change detected
2026-07-08 10:44:01,538 | INFO | watchfiles.main | 1 change detected
2026-07-08 10:44:01,945 | INFO | watchfiles.main | 1 change detected
2026-07-08 10:44:02,361 | INFO | watchfiles.main | 1 change detected
2026-07-08 10:44:02,771 | INFO | watchfiles.main | 1 change detected
2026-07-08 10:44:03,182 | INFO | watchfiles.main | 1 change detected
2026-07-08 10:44:03,589 | INFO | watchfiles.main | 1 change detected
2026-07-08 10:44:03,953 | INFO | watchfiles.main | 1 change detected
2026-07-08 10:44:04,358 | INFO | watchfiles.main | 1 change detected
2026-07-08 10:44:04,774 | INFO | watchfiles.main | 1 change detected
2026-07-08 10:44:05,179 | INFO | watchfiles.main | 1 change detected
2026-07-08 10:44:05,596 | INFO | watchfiles.main | 1 change detected
2026-07-08 10:44:05,965 | INFO | watchfiles.main | 1 change detected
2026-07-08 10:44:06,371 | INFO | watchfiles.main | 1 change detected
2026-07-08 10:44:06,781 | INFO | watchfiles.main | 1 change detected
2026-07-08 10:44:07,199 | INFO | watchfiles.main | 1 change detected
2026-07-08 10:44:07,570 | INFO | watchfiles.main | 1 change detected
2026-07-08 10:44:07,977 | INFO | watchfiles.main | 1 change detected
2026-07-08 10:44:08,393 | INFO | watchfiles.main | 1 change detected
2026-07-08 10:44:08,798 | INFO | watchfiles.main | 1 change detected
2026-07-08 10:44:09,164 | INFO | watchfiles.main | 1 change detected
2026-07-08 10:44:09,574 | INFO | watchfiles.main | 1 change detected
2026-07-08 10:44:09,981 | INFO | watchfiles.main | 1 change detected
2026-07-08 10:44:10,339 | INFO | watchfiles.main | 1 change detected
2026-07-08 10:44:10,748 | INFO | watchfiles.main | 1 change detected
2026-07-08 10:44:11,160 | INFO | watchfiles.main | 1 change detected
2026-07-08 10:44:11,574 | INFO | watchfiles.main | 1 change detected
2026-07-08 10:44:11,937 | INFO | watchfiles.main | 1 change detected
2026-07-08 10:44:12,350 | INFO | watchfiles.main | 1 change detected
2026-07-08 10:44:12,760 | INFO | watchfiles.main | 1 change detected
2026-07-08 10:44:13,164 | INFO | watchfiles.main | 1 change detected
2026-07-08 10:44:13,573 | INFO | watchfiles.main | 1 change detected
2026-07-08 10:44:13,987 | INFO | watchfiles.main | 1 change detected
2026-07-08 10:44:14,398 | INFO | watchfiles.main | 1 change detected
2026-07-08 10:44:14,765 | INFO | watchfiles.main | 1 change detected
2026-07-08 10:44:15,182 | INFO | watchfiles.main | 1 change detected
2026-07-08 10:44:15,595 | INFO | watchfiles.main | 1 change detected
2026-07-08 10:44:15,964 | INFO | watchfiles.main | 1 change detected
2026-07-08 10:44:16,369 | INFO | watchfiles.main | 1 change detected
2026-07-08 10:44:16,781 | INFO | watchfiles.main | 1 change detected
2026-07-08 10:44:17,185 | INFO | watchfiles.main | 1 change detected
2026-07-08 10:44:17,598 | INFO | watchfiles.main | 1 change detected
2026-07-08 10:44:18,014 | INFO | watchfiles.main | 1 change detected
2026-07-08 10:44:18,376 | INFO | watchfiles.main | 1 change detected
2026-07-08 10:44:18,782 | INFO | watchfiles.main | 1 change detected
2026-07-08 10:44:19,194 | INFO | watchfiles.main | 1 change detected
2026-07-08 10:44:19,553 | INFO | watchfiles.main | 1 change detected
2026-07-08 10:44:19,966 | INFO | watchfiles.main | 1 change detected
2026-07-08 10:44:20,374 | INFO | watchfiles.main | 1 change detected
2026-07-08 10:44:20,789 | INFO | watchfiles.main | 1 change detected
2026-07-08 10:44:21,198 | INFO | watchfiles.main | 1 change detected
2026-07-08 10:44:21,565 | INFO | watchfiles.main | 1 change detected
2026-07-08 10:44:21,969 | INFO | watchfiles.main | 1 change detected
2026-07-08 10:44:22,376 | INFO | watchfiles.main | 1 change detected
2026-07-08 10:44:22,789 | INFO | watchfiles.main | 1 change detected
2026-07-08 10:44:23,201 | INFO | watchfiles.main | 1 change detected
2026-07-08 10:44:23,566 | INFO | watchfiles.main | 1 change detected
2026-07-08 10:44:23,980 | INFO | watchfiles.main | 1 change detected
2026-07-08 10:44:24,393 | INFO | watchfiles.main | 1 change detected
2026-07-08 10:44:24,755 | INFO | watchfiles.main | 1 change detected
2026-07-08 10:44:25,166 | INFO | watchfiles.main | 1 change detected
2026-07-08 10:44:25,576 | INFO | watchfiles.main | 1 change detected
2026-07-08 10:44:25,936 | INFO | watchfiles.main | 1 change detected
2026-07-08 10:44:26,349 | INFO | watchfiles.main | 1 change detected
2026-07-08 10:44:26,758 | INFO | watchfiles.main | 1 change detected
2026-07-08 10:44:27,164 | INFO | watchfiles.main | 1 change detected
2026-07-08 10:44:27,572 | INFO | watchfiles.main | 1 change detected
2026-07-08 10:44:27,979 | INFO | watchfiles.main | 1 change detected
2026-07-08 10:44:28,385 | INFO | watchfiles.main | 1 change detected
2026-07-08 10:44:28,795 | INFO | watchfiles.main | 1 change detected
2026-07-08 10:44:29,163 | INFO | watchfiles.main | 1 change detected
2026-07-08 10:44:29,567 | INFO | watchfiles.main | 1 change detected
2026-07-08 10:44:30,026 | INFO | watchfiles.main | 1 change detected
2026-07-08 10:44:30,441 | INFO | watchfiles.main | 1 change detected
2026-07-08 10:44:30,848 | INFO | watchfiles.main | 1 change detected
2026-07-08 10:44:31,250 | INFO | watchfiles.main | 1 change detected
2026-07-08 10:44:31,655 | INFO | watchfiles.main | 1 change detected
2026-07-08 10:44:32,064 | INFO | watchfiles.main | 1 change detected
2026-07-08 10:44:32,431 | INFO | watchfiles.main | 1 change detected
2026-07-08 10:44:32,893 | INFO | watchfiles.main | 1 change detected
2026-07-08 10:44:33,305 | INFO | watchfiles.main | 1 change detected
2026-07-08 10:44:33,716 | INFO | watchfiles.main | 1 change detected
2026-07-08 10:44:34,124 | INFO | watchfiles.main | 1 change detected
2026-07-08 10:44:34,483 | INFO | watchfiles.main | 1 change detected
2026-07-08 10:44:34,894 | INFO | watchfiles.main | 1 change detected
2026-07-08 10:44:35,310 | INFO | watchfiles.main | 1 change detected
2026-07-08 10:44:35,722 | INFO | watchfiles.main | 1 change detected
2026-07-08 10:44:36,132 | INFO | watchfiles.main | 1 change detected
2026-07-08 10:44:36,502 | INFO | watchfiles.main | 1 change detected
2026-07-08 10:44:36,909 | INFO | watchfiles.main | 1 change detected
2026-07-08 10:44:37,316 | INFO | watchfiles.main | 1 change detected
2026-07-08 10:44:37,725 | INFO | watchfiles.main | 1 change detected
2026-07-08 10:44:38,129 | INFO | watchfiles.main | 1 change detected
2026-07-08 10:44:38,549 | INFO | watchfiles.main | 1 change detected
2026-07-08 10:44:38,958 | INFO | watchfiles.main | 1 change detected
2026-07-08 10:44:39,363 | INFO | watchfiles.main | 1 change detected
2026-07-08 10:44:39,775 | INFO | watchfiles.main | 1 change detected
2026-07-08 10:44:40,182 | INFO | watchfiles.main | 1 change detected
2026-07-08 10:44:40,588 | INFO | watchfiles.main | 1 change detected
2026-07-08 10:44:41,048 | INFO | watchfiles.main | 1 change detected
2026-07-08 10:44:41,459 | INFO | watchfiles.main | 1 change detected
2026-07-08 10:44:41,866 | INFO | watchfiles.main | 1 change detected
2026-07-08 10:44:42,230 | INFO | watchfiles.main | 1 change detected
2026-07-08 10:44:42,638 | INFO | watchfiles.main | 1 change detected
2026-07-08 10:44:43,099 | INFO | watchfiles.main | 1 change detected
2026-07-08 10:44:43,508 | INFO | watchfiles.main | 1 change detected
2026-07-08 10:44:43,871 | INFO | watchfiles.main | 1 change detected
2026-07-08 10:44:44,274 | INFO | watchfiles.main | 1 change detected
2026-07-08 10:44:44,688 | INFO | watchfiles.main | 1 change detected
2026-07-08 10:44:45,097 | INFO | watchfiles.main | 1 change detected
2026-07-08 10:44:45,501 | INFO | watchfiles.main | 1 change detected
2026-07-08 10:44:45,909 | INFO | watchfiles.main | 1 change detected
2026-07-08 10:44:46,319 | INFO | watchfiles.main | 1 change detected
2026-07-08 10:44:46,727 | INFO | watchfiles.main | 1 change detected
2026-07-08 10:44:47,134 | INFO | watchfiles.main | 1 change detected
2026-07-08 10:44:47,551 | INFO | watchfiles.main | 1 change detected
2026-07-08 10:44:47,964 | INFO | watchfiles.main | 1 change detected
2026-07-08 10:44:48,374 | INFO | watchfiles.main | 1 change detected
2026-07-08 10:44:48,698 | INFO | lmsguard.requests | GET /platform/notifications -> 401 1.93ms
2026-07-08 10:44:48,781 | INFO | watchfiles.main | 1 change detected
2026-07-08 10:44:49,140 | INFO | watchfiles.main | 1 change detected
2026-07-08 10:45:49,005 | INFO | lmsguard.requests | OPTIONS /platform/notifications -> 200 0.49ms
2026-07-08 10:45:49,011 | INFO | lmsguard.requests | GET /platform/notifications -> 401 6.59ms
2026-07-08 10:45:49,061 | INFO | watchfiles.main | 1 change detected
2026-07-08 10:45:49,420 | INFO | watchfiles.main | 1 change detected
2026-07-08 10:45:49,784 | INFO | watchfiles.main | 1 change detected
2026-07-08 10:45:50,149 | INFO | watchfiles.main | 1 change detected
2026-07-08 10:45:50,511 | INFO | watchfiles.main | 1 change detected
2026-07-08 10:45:50,867 | INFO | watchfiles.main | 1 change detected
2026-07-08 10:45:51,242 | INFO | watchfiles.main | 1 change detected
2026-07-08 10:45:51,597 | INFO | watchfiles.main | 1 change detected
2026-07-08 10:45:52,049 | INFO | watchfiles.main | 1 change detected
2026-07-08 10:45:52,466 | INFO | watchfiles.main | 1 change detected
2026-07-08 10:45:52,869 | INFO | watchfiles.main | 1 change detected
2026-07-08 10:45:53,241 | INFO | watchfiles.main | 1 change detected
2026-07-08 10:45:53,655 | INFO | watchfiles.main | 1 change detected
2026-07-08 10:45:54,064 | INFO | watchfiles.main | 1 change detected
2026-07-08 10:45:54,482 | INFO | watchfiles.main | 1 change detected
2026-07-08 10:45:54,888 | INFO | watchfiles.main | 1 change detected
2026-07-08 10:45:55,296 | INFO | watchfiles.main | 1 change detected
2026-07-08 10:45:55,710 | INFO | watchfiles.main | 1 change detected
2026-07-08 10:45:56,118 | INFO | watchfiles.main | 1 change detected
2026-07-08 10:45:56,480 | INFO | watchfiles.main | 1 change detected
2026-07-08 10:45:56,890 | INFO | watchfiles.main | 1 change detected
2026-07-08 10:45:57,298 | INFO | watchfiles.main | 1 change detected
2026-07-08 10:45:57,707 | INFO | watchfiles.main | 1 change detected
2026-07-08 10:45:58,112 | INFO | watchfiles.main | 1 change detected
2026-07-08 10:45:58,519 | INFO | watchfiles.main | 1 change detected
2026-07-08 10:45:58,927 | INFO | watchfiles.main | 1 change detected
2026-07-08 10:45:59,332 | INFO | watchfiles.main | 1 change detected
2026-07-08 10:45:59,697 | INFO | watchfiles.main | 1 change detected
2026-07-08 10:46:00,099 | INFO | watchfiles.main | 1 change detected
2026-07-08 10:46:00,510 | INFO | watchfiles.main | 1 change detected
2026-07-08 10:46:00,915 | INFO | watchfiles.main | 1 change detected
2026-07-08 10:46:01,329 | INFO | watchfiles.main | 1 change detected
2026-07-08 10:46:01,686 | INFO | watchfiles.main | 1 change detected
2026-07-08 10:46:02,093 | INFO | watchfiles.main | 1 change detected
2026-07-08 10:46:02,499 | INFO | watchfiles.main | 1 change detected
2026-07-08 10:46:02,905 | INFO | watchfiles.main | 1 change detected
2026-07-08 10:46:03,310 | INFO | watchfiles.main | 1 change detected
2026-07-08 10:46:03,717 | INFO | watchfiles.main | 1 change detected
2026-07-08 10:46:04,124 | INFO | watchfiles.main | 1 change detected
2026-07-08 10:46:04,531 | INFO | watchfiles.main | 1 change detected
2026-07-08 10:46:04,888 | INFO | watchfiles.main | 1 change detected
2026-07-08 10:46:05,299 | INFO | watchfiles.main | 1 change detected
2026-07-08 10:46:05,706 | INFO | watchfiles.main | 1 change detected
2026-07-08 10:46:06,110 | INFO | watchfiles.main | 1 change detected
2026-07-08 10:46:06,525 | INFO | watchfiles.main | 1 change detected
2026-07-08 10:46:06,901 | INFO | watchfiles.main | 1 change detected
2026-07-08 10:46:07,307 | INFO | watchfiles.main | 1 change detected
2026-07-08 10:46:07,718 | INFO | watchfiles.main | 1 change detected
2026-07-08 10:46:08,127 | INFO | watchfiles.main | 1 change detected
2026-07-08 10:46:08,536 | INFO | watchfiles.main | 1 change detected
2026-07-08 10:46:08,899 | INFO | watchfiles.main | 1 change detected
2026-07-08 10:46:09,304 | INFO | watchfiles.main | 1 change detected
2026-07-08 10:46:09,710 | INFO | watchfiles.main | 1 change detected
2026-07-08 10:46:10,122 | INFO | watchfiles.main | 1 change detected
2026-07-08 10:46:10,582 | INFO | watchfiles.main | 1 change detected
2026-07-08 10:46:10,990 | INFO | watchfiles.main | 1 change detected
2026-07-08 10:46:11,351 | INFO | watchfiles.main | 1 change detected
2026-07-08 10:46:11,761 | INFO | watchfiles.main | 1 change detected
2026-07-08 10:46:12,169 | INFO | watchfiles.main | 1 change detected
2026-07-08 10:46:12,578 | INFO | watchfiles.main | 1 change detected
2026-07-08 10:46:12,988 | INFO | watchfiles.main | 1 change detected
2026-07-08 10:46:13,346 | INFO | watchfiles.main | 1 change detected
2026-07-08 10:46:13,752 | INFO | watchfiles.main | 1 change detected
2026-07-08 10:46:14,160 | INFO | watchfiles.main | 1 change detected
2026-07-08 10:46:14,565 | INFO | watchfiles.main | 1 change detected
2026-07-08 10:46:14,981 | INFO | watchfiles.main | 1 change detected
2026-07-08 10:46:15,387 | INFO | watchfiles.main | 1 change detected
2026-07-08 10:46:15,793 | INFO | watchfiles.main | 1 change detected
2026-07-08 10:46:16,197 | INFO | watchfiles.main | 1 change detected
2026-07-08 10:46:16,564 | INFO | watchfiles.main | 1 change detected
2026-07-08 10:46:16,968 | INFO | watchfiles.main | 1 change detected
2026-07-08 10:46:17,426 | INFO | watchfiles.main | 1 change detected
2026-07-08 10:46:17,837 | INFO | watchfiles.main | 1 change detected
2026-07-08 10:46:18,244 | INFO | watchfiles.main | 1 change detected
2026-07-08 10:46:18,651 | INFO | watchfiles.main | 1 change detected
2026-07-08 10:46:19,060 | INFO | watchfiles.main | 1 change detected
2026-07-08 10:46:19,470 | INFO | watchfiles.main | 1 change detected
2026-07-08 10:46:19,842 | INFO | watchfiles.main | 1 change detected
2026-07-08 10:46:20,246 | INFO | watchfiles.main | 1 change detected
2026-07-08 10:46:20,654 | INFO | watchfiles.main | 1 change detected
2026-07-08 10:46:21,065 | INFO | watchfiles.main | 1 change detected
2026-07-08 10:46:21,471 | INFO | watchfiles.main | 1 change detected
2026-07-08 10:46:21,836 | INFO | watchfiles.main | 1 change detected
2026-07-08 10:46:22,289 | INFO | watchfiles.main | 1 change detected
2026-07-08 10:46:22,702 | INFO | watchfiles.main | 1 change detected
2026-07-08 10:46:23,057 | INFO | watchfiles.main | 1 change detected
2026-07-08 10:46:23,462 | INFO | watchfiles.main | 1 change detected
2026-07-08 10:46:23,884 | INFO | watchfiles.main | 1 change detected
2026-07-08 10:46:24,295 | INFO | watchfiles.main | 1 change detected
2026-07-08 10:46:24,707 | INFO | watchfiles.main | 1 change detected
2026-07-08 10:46:25,113 | INFO | watchfiles.main | 1 change detected
2026-07-08 10:46:25,522 | INFO | watchfiles.main | 1 change detected
2026-07-08 10:46:25,880 | INFO | watchfiles.main | 1 change detected
2026-07-08 10:46:26,294 | INFO | watchfiles.main | 1 change detected
2026-07-08 10:46:26,701 | INFO | watchfiles.main | 1 change detected
2026-07-08 10:46:27,109 | INFO | watchfiles.main | 1 change detected
2026-07-08 10:46:27,515 | INFO | watchfiles.main | 1 change detected
2026-07-08 10:46:27,880 | INFO | watchfiles.main | 1 change detected
2026-07-08 10:46:28,295 | INFO | watchfiles.main | 1 change detected
2026-07-08 10:46:28,699 | INFO | watchfiles.main | 1 change detected
2026-07-08 10:46:29,110 | INFO | watchfiles.main | 1 change detected
2026-07-08 10:46:29,513 | INFO | watchfiles.main | 1 change detected
2026-07-08 10:46:29,919 | INFO | watchfiles.main | 1 change detected
2026-07-08 10:46:30,324 | INFO | watchfiles.main | 1 change detected
2026-07-08 10:46:30,781 | INFO | watchfiles.main | 1 change detected
2026-07-08 10:46:31,196 | INFO | watchfiles.main | 1 change detected
2026-07-08 10:46:31,565 | INFO | watchfiles.main | 1 change detected
2026-07-08 10:46:31,970 | INFO | watchfiles.main | 1 change detected
2026-07-08 10:46:32,427 | INFO | watchfiles.main | 1 change detected
2026-07-08 10:46:32,837 | INFO | watchfiles.main | 1 change detected
2026-07-08 10:46:33,247 | INFO | watchfiles.main | 1 change detected
2026-07-08 10:46:33,605 | INFO | watchfiles.main | 1 change detected
2026-07-08 10:46:34,015 | INFO | watchfiles.main | 1 change detected
2026-07-08 10:46:34,424 | INFO | watchfiles.main | 1 change detected
2026-07-08 10:46:34,830 | INFO | watchfiles.main | 1 change detected
2026-07-08 10:46:35,245 | INFO | watchfiles.main | 1 change detected
2026-07-08 10:46:35,648 | INFO | watchfiles.main | 1 change detected
2026-07-08 10:46:36,053 | INFO | watchfiles.main | 1 change detected
2026-07-08 10:46:36,463 | INFO | watchfiles.main | 1 change detected
2026-07-08 10:46:36,871 | INFO | watchfiles.main | 1 change detected
2026-07-08 10:46:37,236 | INFO | watchfiles.main | 1 change detected
2026-07-08 10:46:37,654 | INFO | watchfiles.main | 1 change detected
2026-07-08 10:46:38,117 | INFO | watchfiles.main | 1 change detected
2026-07-08 10:46:38,523 | INFO | watchfiles.main | 1 change detected
2026-07-08 10:46:38,880 | INFO | watchfiles.main | 1 change detected
2026-07-08 10:46:39,294 | INFO | watchfiles.main | 1 change detected
2026-07-08 10:46:39,697 | INFO | watchfiles.main | 1 change detected
2026-07-08 10:46:40,103 | INFO | watchfiles.main | 1 change detected
2026-07-08 10:46:40,509 | INFO | watchfiles.main | 1 change detected
2026-07-08 10:46:40,916 | INFO | watchfiles.main | 1 change detected
2026-07-08 10:46:41,281 | INFO | watchfiles.main | 1 change detected
2026-07-08 10:46:41,689 | INFO | watchfiles.main | 1 change detected
2026-07-08 10:46:42,095 | INFO | watchfiles.main | 1 change detected
2026-07-08 10:46:42,499 | INFO | watchfiles.main | 1 change detected
2026-07-08 10:46:42,905 | INFO | watchfiles.main | 1 change detected
2026-07-08 10:46:43,313 | INFO | watchfiles.main | 1 change detected
2026-07-08 10:46:43,718 | INFO | watchfiles.main | 1 change detected
2026-07-08 10:46:44,127 | INFO | watchfiles.main | 1 change detected
2026-07-08 10:46:44,532 | INFO | watchfiles.main | 1 change detected
2026-07-08 10:46:44,904 | INFO | watchfiles.main | 1 change detected
2026-07-08 10:46:45,358 | INFO | watchfiles.main | 1 change detected
2026-07-08 10:46:45,774 | INFO | watchfiles.main | 1 change detected
2026-07-08 10:46:46,181 | INFO | watchfiles.main | 1 change detected
2026-07-08 10:46:46,600 | INFO | watchfiles.main | 1 change detected
2026-07-08 10:46:46,966 | INFO | watchfiles.main | 1 change detected
2026-07-08 10:46:47,382 | INFO | watchfiles.main | 1 change detected
2026-07-08 10:46:47,750 | INFO | watchfiles.main | 1 change detected
2026-07-08 10:46:48,158 | INFO | watchfiles.main | 1 change detected
2026-07-08 10:46:48,569 | INFO | watchfiles.main | 1 change detected
2026-07-08 10:46:48,699 | INFO | lmsguard.requests | GET /platform/notifications -> 401 2.55ms
2026-07-08 10:46:48,930 | INFO | watchfiles.main | 1 change detected
2026-07-08 10:46:49,284 | INFO | watchfiles.main | 1 change detected
2026-07-08 10:46:49,650 | INFO | watchfiles.main | 1 change detected
2026-07-08 10:46:50,005 | INFO | watchfiles.main | 1 change detected
2026-07-08 10:46:50,418 | INFO | watchfiles.main | 1 change detected
2026-07-08 10:46:50,829 | INFO | watchfiles.main | 1 change detected
2026-07-08 10:46:51,193 | INFO | watchfiles.main | 1 change detected
2026-07-08 10:46:51,646 | INFO | watchfiles.main | 1 change detected
2026-07-08 10:46:52,059 | INFO | watchfiles.main | 1 change detected
2026-07-08 10:46:52,435 | INFO | watchfiles.main | 1 change detected
2026-07-08 10:46:52,845 | INFO | watchfiles.main | 1 change detected
2026-07-08 10:46:53,257 | INFO | watchfiles.main | 1 change detected
2026-07-08 10:46:53,621 | INFO | watchfiles.main | 1 change detected
2026-07-08 10:46:54,034 | INFO | watchfiles.main | 1 change detected
2026-07-08 10:46:54,441 | INFO | watchfiles.main | 1 change detected
2026-07-08 10:46:54,855 | INFO | watchfiles.main | 1 change detected
2026-07-08 10:46:55,216 | INFO | watchfiles.main | 1 change detected
2026-07-08 10:46:55,629 | INFO | watchfiles.main | 1 change detected
2026-07-08 10:46:56,035 | INFO | watchfiles.main | 1 change detected
2026-07-08 10:46:56,441 | INFO | watchfiles.main | 1 change detected
2026-07-08 10:46:56,849 | INFO | watchfiles.main | 1 change detected
2026-07-08 10:46:57,259 | INFO | watchfiles.main | 1 change detected
2026-07-08 10:46:57,670 | INFO | watchfiles.main | 1 change detected
2026-07-08 10:46:58,037 | INFO | watchfiles.main | 1 change detected
2026-07-08 10:46:58,496 | INFO | watchfiles.main | 1 change detected
2026-07-08 10:46:58,906 | INFO | watchfiles.main | 1 change detected
2026-07-08 10:46:59,262 | INFO | watchfiles.main | 1 change detected
2026-07-08 10:46:59,671 | INFO | watchfiles.main | 1 change detected
2026-07-08 10:47:00,089 | INFO | watchfiles.main | 1 change detected
2026-07-08 10:47:00,500 | INFO | watchfiles.main | 1 change detected
2026-07-08 10:47:00,912 | INFO | watchfiles.main | 1 change detected
2026-07-08 10:47:01,318 | INFO | watchfiles.main | 1 change detected
2026-07-08 10:47:01,681 | INFO | watchfiles.main | 1 change detected
2026-07-08 10:47:02,083 | INFO | watchfiles.main | 1 change detected
2026-07-08 10:47:02,489 | INFO | watchfiles.main | 1 change detected
2026-07-08 10:47:02,906 | INFO | watchfiles.main | 1 change detected
2026-07-08 10:47:03,270 | INFO | watchfiles.main | 1 change detected
2026-07-08 10:47:03,682 | INFO | watchfiles.main | 1 change detected
2026-07-08 10:47:04,096 | INFO | watchfiles.main | 1 change detected
2026-07-08 10:47:04,501 | INFO | watchfiles.main | 1 change detected
2026-07-08 10:47:04,909 | INFO | watchfiles.main | 1 change detected
2026-07-08 10:47:05,325 | INFO | watchfiles.main | 1 change detected
2026-07-08 10:47:05,731 | INFO | watchfiles.main | 1 change detected
2026-07-08 10:47:06,151 | INFO | watchfiles.main | 1 change detected
2026-07-08 10:47:06,561 | INFO | watchfiles.main | 1 change detected
2026-07-08 10:47:06,974 | INFO | watchfiles.main | 1 change detected
2026-07-08 10:47:07,392 | INFO | watchfiles.main | 1 change detected
2026-07-08 10:47:07,752 | INFO | watchfiles.main | 1 change detected
2026-07-08 10:47:08,168 | INFO | watchfiles.main | 1 change detected
2026-07-08 10:47:08,579 | INFO | watchfiles.main | 1 change detected
2026-07-08 10:47:08,993 | INFO | watchfiles.main | 1 change detected
2026-07-08 10:47:09,364 | INFO | watchfiles.main | 1 change detected
2026-07-08 10:47:09,772 | INFO | watchfiles.main | 1 change detected
2026-07-08 10:47:10,181 | INFO | watchfiles.main | 1 change detected
2026-07-08 10:47:10,589 | INFO | watchfiles.main | 1 change detected
2026-07-08 10:47:10,997 | INFO | watchfiles.main | 1 change detected
2026-07-08 10:47:11,368 | INFO | watchfiles.main | 1 change detected
2026-07-08 10:47:11,828 | INFO | watchfiles.main | 1 change detected
2026-07-08 10:47:12,231 | INFO | watchfiles.main | 1 change detected
2026-07-08 10:47:12,638 | INFO | watchfiles.main | 1 change detected
2026-07-08 10:47:13,005 | INFO | watchfiles.main | 1 change detected
2026-07-08 10:47:13,418 | INFO | watchfiles.main | 1 change detected
2026-07-08 10:47:13,830 | INFO | watchfiles.main | 1 change detected
2026-07-08 10:47:14,245 | INFO | watchfiles.main | 1 change detected
2026-07-08 10:47:14,653 | INFO | watchfiles.main | 1 change detected
2026-07-08 10:47:15,017 | INFO | watchfiles.main | 1 change detected
2026-07-08 10:47:15,430 | INFO | watchfiles.main | 1 change detected
2026-07-08 10:47:15,839 | INFO | watchfiles.main | 1 change detected
2026-07-08 10:47:16,201 | INFO | watchfiles.main | 1 change detected
2026-07-08 10:47:16,604 | INFO | watchfiles.main | 1 change detected
2026-07-08 10:47:17,028 | INFO | watchfiles.main | 1 change detected
2026-07-08 10:47:17,441 | INFO | watchfiles.main | 1 change detected
2026-07-08 10:47:17,804 | INFO | watchfiles.main | 1 change detected
2026-07-08 10:47:18,222 | INFO | watchfiles.main | 1 change detected
2026-07-08 10:47:18,628 | INFO | watchfiles.main | 1 change detected
2026-07-08 10:47:19,041 | INFO | watchfiles.main | 1 change detected
2026-07-08 10:47:19,447 | INFO | watchfiles.main | 1 change detected
2026-07-08 10:47:19,810 | INFO | watchfiles.main | 1 change detected
2026-07-08 10:47:20,228 | INFO | watchfiles.main | 1 change detected
2026-07-08 10:47:20,640 | INFO | watchfiles.main | 1 change detected
2026-07-08 10:47:21,001 | INFO | watchfiles.main | 1 change detected
2026-07-08 10:47:21,418 | INFO | watchfiles.main | 1 change detected
2026-07-08 10:47:21,822 | INFO | watchfiles.main | 1 change detected
2026-07-08 10:47:22,233 | INFO | watchfiles.main | 1 change detected
2026-07-08 10:47:22,586 | INFO | watchfiles.main | 1 change detected
2026-07-08 10:47:22,998 | INFO | watchfiles.main | 1 change detected
2026-07-08 10:47:23,419 | INFO | watchfiles.main | 1 change detected
2026-07-08 10:47:23,830 | INFO | watchfiles.main | 1 change detected
2026-07-08 10:47:24,241 | INFO | watchfiles.main | 1 change detected
2026-07-08 10:47:24,647 | INFO | watchfiles.main | 1 change detected
2026-07-08 10:47:25,049 | INFO | watchfiles.main | 1 change detected
2026-07-08 10:47:25,460 | INFO | watchfiles.main | 1 change detected
2026-07-08 10:47:25,819 | INFO | watchfiles.main | 1 change detected
2026-07-08 10:47:26,233 | INFO | watchfiles.main | 1 change detected
2026-07-08 10:47:26,648 | INFO | watchfiles.main | 1 change detected
2026-07-08 10:47:27,058 | INFO | watchfiles.main | 1 change detected
2026-07-08 10:47:27,430 | INFO | watchfiles.main | 1 change detected
2026-07-08 10:47:27,836 | INFO | watchfiles.main | 1 change detected
2026-07-08 10:47:28,249 | INFO | watchfiles.main | 1 change detected
2026-07-08 10:47:28,664 | INFO | watchfiles.main | 1 change detected
2026-07-08 10:47:29,037 | INFO | watchfiles.main | 1 change detected
2026-07-08 10:47:29,446 | INFO | watchfiles.main | 1 change detected
2026-07-08 10:47:29,861 | INFO | watchfiles.main | 1 change detected
2026-07-08 10:47:30,230 | INFO | watchfiles.main | 1 change detected
2026-07-08 10:47:30,637 | INFO | watchfiles.main | 1 change detected
2026-07-08 10:47:31,049 | INFO | watchfiles.main | 1 change detected
2026-07-08 10:47:31,462 | INFO | watchfiles.main | 1 change detected
2026-07-08 10:47:31,833 | INFO | watchfiles.main | 1 change detected
2026-07-08 10:47:32,238 | INFO | watchfiles.main | 1 change detected
2026-07-08 10:47:32,650 | INFO | watchfiles.main | 1 change detected
2026-07-08 10:47:33,012 | INFO | watchfiles.main | 1 change detected
2026-07-08 10:47:33,428 | INFO | watchfiles.main | 1 change detected
2026-07-08 10:47:33,840 | INFO | watchfiles.main | 1 change detected
2026-07-08 10:47:34,251 | INFO | watchfiles.main | 1 change detected
2026-07-08 10:47:34,653 | INFO | watchfiles.main | 1 change detected
2026-07-08 10:47:35,062 | INFO | watchfiles.main | 1 change detected
2026-07-08 10:47:35,478 | INFO | watchfiles.main | 1 change detected
2026-07-08 10:47:35,880 | INFO | watchfiles.main | 1 change detected
2026-07-08 10:47:36,289 | INFO | watchfiles.main | 1 change detected
2026-07-08 10:47:36,703 | INFO | watchfiles.main | 1 change detected
2026-07-08 10:47:37,112 | INFO | watchfiles.main | 1 change detected
2026-07-08 10:47:37,476 | INFO | watchfiles.main | 1 change detected
2026-07-08 10:47:37,894 | INFO | watchfiles.main | 1 change detected
2026-07-08 10:47:38,306 | INFO | watchfiles.main | 1 change detected
2026-07-08 10:47:38,670 | INFO | watchfiles.main | 1 change detected
2026-07-08 10:47:39,083 | INFO | watchfiles.main | 1 change detected
2026-07-08 10:47:39,498 | INFO | watchfiles.main | 1 change detected
2026-07-08 10:47:39,911 | INFO | watchfiles.main | 1 change detected
2026-07-08 10:47:40,319 | INFO | watchfiles.main | 1 change detected
2026-07-08 10:47:40,732 | INFO | watchfiles.main | 1 change detected
2026-07-08 10:47:41,104 | INFO | watchfiles.main | 1 change detected
2026-07-08 10:47:41,511 | INFO | watchfiles.main | 1 change detected
2026-07-08 10:47:41,921 | INFO | watchfiles.main | 1 change detected
2026-07-08 10:47:42,281 | INFO | watchfiles.main | 1 change detected
2026-07-08 10:47:42,695 | INFO | watchfiles.main | 1 change detected
2026-07-08 10:47:43,101 | INFO | watchfiles.main | 1 change detected
2026-07-08 10:47:43,516 | INFO | watchfiles.main | 1 change detected
2026-07-08 10:47:43,923 | INFO | watchfiles.main | 1 change detected
2026-07-08 10:47:44,287 | INFO | watchfiles.main | 1 change detected
2026-07-08 10:47:44,705 | INFO | watchfiles.main | 1 change detected
2026-07-08 10:47:45,108 | INFO | watchfiles.main | 1 change detected
2026-07-08 10:47:45,521 | INFO | watchfiles.main | 1 change detected
2026-07-08 10:47:45,926 | INFO | watchfiles.main | 1 change detected
2026-07-08 10:47:46,298 | INFO | watchfiles.main | 1 change detected
2026-07-08 10:47:46,705 | INFO | watchfiles.main | 1 change detected
2026-07-08 10:47:47,114 | INFO | watchfiles.main | 1 change detected
2026-07-08 10:47:47,527 | INFO | watchfiles.main | 1 change detected
2026-07-08 10:47:47,950 | INFO | watchfiles.main | 1 change detected
2026-07-08 10:47:48,364 | INFO | watchfiles.main | 1 change detected
2026-07-08 10:47:48,779 | INFO | watchfiles.main | 1 change detected
2026-07-08 10:47:49,008 | INFO | lmsguard.requests | GET /platform/notifications -> 401 2.61ms
2026-07-08 10:47:49,138 | INFO | watchfiles.main | 1 change detected
2026-07-08 10:47:49,508 | INFO | watchfiles.main | 1 change detected
2026-07-08 10:47:49,912 | INFO | watchfiles.main | 1 change detected
2026-07-08 10:47:50,321 | INFO | watchfiles.main | 1 change detected
2026-07-08 10:47:50,738 | INFO | watchfiles.main | 1 change detected
2026-07-08 10:47:51,108 | INFO | watchfiles.main | 1 change detected
2026-07-08 10:47:51,514 | INFO | watchfiles.main | 1 change detected
2026-07-08 10:47:51,929 | INFO | watchfiles.main | 1 change detected
2026-07-08 10:47:52,300 | INFO | watchfiles.main | 1 change detected
2026-07-08 10:47:52,704 | INFO | watchfiles.main | 1 change detected
2026-07-08 10:47:53,119 | INFO | watchfiles.main | 1 change detected
2026-07-08 10:47:53,475 | INFO | watchfiles.main | 1 change detected
2026-07-08 10:47:53,886 | INFO | watchfiles.main | 1 change detected
2026-07-08 10:47:54,297 | INFO | watchfiles.main | 1 change detected
2026-07-08 10:47:54,714 | INFO | watchfiles.main | 1 change detected
2026-07-08 10:47:55,075 | INFO | watchfiles.main | 1 change detected
2026-07-08 10:47:55,490 | INFO | watchfiles.main | 1 change detected
2026-07-08 10:47:55,895 | INFO | watchfiles.main | 1 change detected
2026-07-08 10:47:56,305 | INFO | watchfiles.main | 1 change detected
2026-07-08 10:47:56,670 | INFO | watchfiles.main | 1 change detected
2026-07-08 10:47:57,089 | INFO | watchfiles.main | 1 change detected
2026-07-08 10:47:57,452 | INFO | watchfiles.main | 1 change detected
2026-07-08 10:47:57,855 | INFO | watchfiles.main | 1 change detected
2026-07-08 10:47:58,277 | INFO | watchfiles.main | 1 change detected
2026-07-08 10:47:58,686 | INFO | watchfiles.main | 1 change detected
2026-07-08 10:47:59,088 | INFO | watchfiles.main | 1 change detected
2026-07-08 10:47:59,493 | INFO | watchfiles.main | 1 change detected
2026-07-08 10:47:59,904 | INFO | watchfiles.main | 1 change detected
2026-07-08 10:48:00,312 | INFO | watchfiles.main | 1 change detected
2026-07-08 10:48:00,673 | INFO | watchfiles.main | 1 change detected
2026-07-08 10:48:01,085 | INFO | watchfiles.main | 1 change detected
2026-07-08 10:48:01,489 | INFO | watchfiles.main | 1 change detected
2026-07-08 10:48:01,893 | INFO | watchfiles.main | 1 change detected
2026-07-08 10:48:02,299 | INFO | watchfiles.main | 1 change detected
2026-07-08 10:48:02,715 | INFO | watchfiles.main | 1 change detected
2026-07-08 10:48:03,125 | INFO | watchfiles.main | 1 change detected
2026-07-08 10:48:03,527 | INFO | watchfiles.main | 1 change detected
2026-07-08 10:48:03,931 | INFO | watchfiles.main | 1 change detected
2026-07-08 10:48:04,337 | INFO | watchfiles.main | 1 change detected
2026-07-08 10:48:04,703 | INFO | watchfiles.main | 1 change detected
2026-07-08 10:48:05,109 | INFO | watchfiles.main | 1 change detected
2026-07-08 10:48:05,515 | INFO | watchfiles.main | 1 change detected
2026-07-08 10:48:05,925 | INFO | watchfiles.main | 1 change detected
2026-07-08 10:48:06,297 | INFO | watchfiles.main | 1 change detected
2026-07-08 10:48:06,715 | INFO | watchfiles.main | 1 change detected
2026-07-08 10:48:07,120 | INFO | watchfiles.main | 1 change detected
2026-07-08 10:48:07,533 | INFO | watchfiles.main | 1 change detected
2026-07-08 10:48:07,895 | INFO | watchfiles.main | 1 change detected
2026-07-08 10:48:08,304 | INFO | watchfiles.main | 1 change detected
2026-07-08 10:48:08,721 | INFO | watchfiles.main | 1 change detected
2026-07-08 10:48:09,132 | INFO | watchfiles.main | 1 change detected
2026-07-08 10:48:09,498 | INFO | watchfiles.main | 1 change detected
2026-07-08 10:48:09,909 | INFO | watchfiles.main | 1 change detected
2026-07-08 10:48:10,275 | INFO | watchfiles.main | 1 change detected
2026-07-08 10:48:10,677 | INFO | watchfiles.main | 1 change detected
2026-07-08 10:48:11,085 | INFO | watchfiles.main | 1 change detected
2026-07-08 10:48:11,486 | INFO | watchfiles.main | 1 change detected
2026-07-08 10:48:11,898 | INFO | watchfiles.main | 1 change detected
2026-07-08 10:48:12,313 | INFO | watchfiles.main | 1 change detected
2026-07-08 10:48:12,724 | INFO | watchfiles.main | 1 change detected
2026-07-08 10:48:13,083 | INFO | watchfiles.main | 1 change detected
2026-07-08 10:48:13,484 | INFO | watchfiles.main | 1 change detected
2026-07-08 10:48:13,899 | INFO | watchfiles.main | 1 change detected
2026-07-08 10:48:14,303 | INFO | watchfiles.main | 1 change detected
2026-07-08 10:48:14,711 | INFO | watchfiles.main | 1 change detected
2026-07-08 10:48:15,120 | INFO | watchfiles.main | 1 change detected
2026-07-08 10:48:15,478 | INFO | watchfiles.main | 1 change detected
2026-07-08 10:48:15,883 | INFO | watchfiles.main | 1 change detected
2026-07-08 10:48:16,292 | INFO | watchfiles.main | 1 change detected
2026-07-08 10:48:16,699 | INFO | watchfiles.main | 1 change detected
2026-07-08 10:48:17,104 | INFO | watchfiles.main | 1 change detected
2026-07-08 10:48:17,463 | INFO | watchfiles.main | 1 change detected
2026-07-08 10:48:17,918 | INFO | watchfiles.main | 1 change detected
2026-07-08 10:48:18,285 | INFO | watchfiles.main | 1 change detected
2026-07-08 10:48:18,700 | INFO | watchfiles.main | 1 change detected
2026-07-08 10:48:19,109 | INFO | watchfiles.main | 1 change detected
2026-07-08 10:48:19,512 | INFO | watchfiles.main | 1 change detected
2026-07-08 10:48:19,924 | INFO | watchfiles.main | 1 change detected
2026-07-08 10:48:20,296 | INFO | watchfiles.main | 1 change detected
2026-07-08 10:48:20,704 | INFO | watchfiles.main | 1 change detected
2026-07-08 10:48:21,109 | INFO | watchfiles.main | 1 change detected
2026-07-08 10:48:21,514 | INFO | watchfiles.main | 1 change detected
2026-07-08 10:48:21,922 | INFO | watchfiles.main | 1 change detected
2026-07-08 10:48:22,285 | INFO | watchfiles.main | 1 change detected
2026-07-08 10:48:22,697 | INFO | watchfiles.main | 1 change detected
2026-07-08 10:48:23,108 | INFO | watchfiles.main | 1 change detected
2026-07-08 10:48:23,518 | INFO | watchfiles.main | 1 change detected
2026-07-08 10:48:23,933 | INFO | watchfiles.main | 1 change detected
2026-07-08 10:48:24,303 | INFO | watchfiles.main | 1 change detected
2026-07-08 10:48:24,716 | INFO | watchfiles.main | 1 change detected
2026-07-08 10:48:25,121 | INFO | watchfiles.main | 1 change detected
2026-07-08 10:48:25,485 | INFO | watchfiles.main | 1 change detected
2026-07-08 10:48:25,903 | INFO | watchfiles.main | 1 change detected
2026-07-08 10:48:26,306 | INFO | watchfiles.main | 1 change detected
2026-07-08 10:48:26,714 | INFO | watchfiles.main | 1 change detected
2026-07-08 10:48:27,130 | INFO | watchfiles.main | 1 change detected
2026-07-08 10:48:27,536 | INFO | watchfiles.main | 1 change detected
2026-07-08 10:48:27,908 | INFO | watchfiles.main | 1 change detected
2026-07-08 10:48:28,314 | INFO | watchfiles.main | 1 change detected
2026-07-08 10:48:28,721 | INFO | watchfiles.main | 1 change detected
2026-07-08 10:48:29,126 | INFO | watchfiles.main | 1 change detected
2026-07-08 10:48:29,529 | INFO | watchfiles.main | 1 change detected
2026-07-08 10:48:29,933 | INFO | watchfiles.main | 1 change detected
2026-07-08 10:48:30,296 | INFO | watchfiles.main | 1 change detected
2026-07-08 10:48:30,698 | INFO | watchfiles.main | 1 change detected
2026-07-08 10:48:31,105 | INFO | watchfiles.main | 1 change detected
2026-07-08 10:48:31,521 | INFO | watchfiles.main | 1 change detected
2026-07-08 10:48:31,896 | INFO | watchfiles.main | 1 change detected
2026-07-08 10:48:32,307 | INFO | watchfiles.main | 1 change detected
2026-07-08 10:48:32,712 | INFO | watchfiles.main | 1 change detected
2026-07-08 10:48:33,118 | INFO | watchfiles.main | 1 change detected
2026-07-08 10:48:33,533 | INFO | watchfiles.main | 1 change detected
2026-07-08 10:48:33,952 | INFO | watchfiles.main | 1 change detected
2026-07-08 10:48:34,355 | INFO | watchfiles.main | 1 change detected
2026-07-08 10:48:34,757 | INFO | watchfiles.main | 1 change detected
2026-07-08 10:48:35,161 | INFO | watchfiles.main | 1 change detected
2026-07-08 10:48:35,566 | INFO | watchfiles.main | 1 change detected
2026-07-08 10:48:35,970 | INFO | watchfiles.main | 1 change detected
2026-07-08 10:48:36,384 | INFO | watchfiles.main | 1 change detected
2026-07-08 10:48:36,798 | INFO | watchfiles.main | 1 change detected
2026-07-08 10:48:37,173 | INFO | watchfiles.main | 1 change detected
2026-07-08 10:48:37,578 | INFO | watchfiles.main | 1 change detected
2026-07-08 10:48:37,945 | INFO | watchfiles.main | 1 change detected
2026-07-08 10:48:38,352 | INFO | watchfiles.main | 1 change detected
2026-07-08 10:48:38,766 | INFO | watchfiles.main | 1 change detected
2026-07-08 10:48:39,170 | INFO | watchfiles.main | 1 change detected
2026-07-08 10:48:39,585 | INFO | watchfiles.main | 1 change detected
2026-07-08 10:48:39,992 | INFO | watchfiles.main | 1 change detected
2026-07-08 10:48:40,363 | INFO | watchfiles.main | 1 change detected
2026-07-08 10:48:40,776 | INFO | watchfiles.main | 1 change detected
2026-07-08 10:48:41,184 | INFO | watchfiles.main | 1 change detected
2026-07-08 10:48:41,589 | INFO | watchfiles.main | 1 change detected
2026-07-08 10:48:42,001 | INFO | watchfiles.main | 1 change detected
2026-07-08 10:48:42,362 | INFO | watchfiles.main | 1 change detected
2026-07-08 10:48:42,780 | INFO | watchfiles.main | 1 change detected
2026-07-08 10:48:43,197 | INFO | watchfiles.main | 1 change detected
2026-07-08 10:48:43,599 | INFO | watchfiles.main | 1 change detected
2026-07-08 10:48:43,961 | INFO | watchfiles.main | 1 change detected
2026-07-08 10:48:44,371 | INFO | watchfiles.main | 1 change detected
2026-07-08 10:48:44,774 | INFO | watchfiles.main | 1 change detected
2026-07-08 10:48:45,190 | INFO | watchfiles.main | 1 change detected
2026-07-08 10:48:45,560 | INFO | watchfiles.main | 1 change detected
2026-07-08 10:48:45,967 | INFO | watchfiles.main | 1 change detected
2026-07-08 10:48:46,375 | INFO | watchfiles.main | 1 change detected
2026-07-08 10:48:46,779 | INFO | watchfiles.main | 1 change detected
2026-07-08 10:48:47,190 | INFO | watchfiles.main | 1 change detected
2026-07-08 10:48:47,552 | INFO | watchfiles.main | 1 change detected
2026-07-08 10:48:47,969 | INFO | watchfiles.main | 1 change detected
2026-07-08 10:48:48,382 | INFO | watchfiles.main | 1 change detected
2026-07-08 10:48:48,717 | INFO | lmsguard.requests | GET /platform/notifications -> 401 2.27ms
2026-07-08 10:48:48,789 | INFO | watchfiles.main | 1 change detected
2026-07-08 10:48:49,145 | INFO | watchfiles.main | 1 change detected
2026-07-08 10:49:49,030 | INFO | lmsguard.requests | GET /platform/notifications -> 401 3.39ms
2026-07-08 10:49:49,097 | INFO | watchfiles.main | 1 change detected
2026-07-08 10:49:49,459 | INFO | watchfiles.main | 1 change detected
2026-07-08 10:49:49,878 | INFO | watchfiles.main | 1 change detected
2026-07-08 10:49:50,292 | INFO | watchfiles.main | 1 change detected
2026-07-08 10:49:50,701 | INFO | watchfiles.main | 1 change detected
2026-07-08 10:49:51,107 | INFO | watchfiles.main | 1 change detected
2026-07-08 10:49:51,522 | INFO | watchfiles.main | 1 change detected
2026-07-08 10:49:51,886 | INFO | watchfiles.main | 1 change detected
2026-07-08 10:49:52,293 | INFO | watchfiles.main | 1 change detected
2026-07-08 10:49:52,697 | INFO | watchfiles.main | 1 change detected
2026-07-08 10:49:53,113 | INFO | watchfiles.main | 1 change detected
2026-07-08 10:49:53,523 | INFO | watchfiles.main | 1 change detected
2026-07-08 10:49:53,882 | INFO | watchfiles.main | 1 change detected
2026-07-08 10:49:54,289 | INFO | watchfiles.main | 1 change detected
2026-07-08 10:49:54,699 | INFO | watchfiles.main | 1 change detected
2026-07-08 10:49:55,106 | INFO | watchfiles.main | 1 change detected
2026-07-08 10:49:55,518 | INFO | watchfiles.main | 1 change detected
2026-07-08 10:49:55,923 | INFO | watchfiles.main | 1 change detected
2026-07-08 10:49:56,336 | INFO | watchfiles.main | 1 change detected
2026-07-08 10:49:56,695 | INFO | watchfiles.main | 1 change detected
2026-07-08 10:49:57,110 | INFO | watchfiles.main | 1 change detected
2026-07-08 10:49:57,525 | INFO | watchfiles.main | 1 change detected
2026-07-08 10:49:57,877 | INFO | watchfiles.main | 1 change detected
2026-07-08 10:49:58,292 | INFO | watchfiles.main | 1 change detected
2026-07-08 10:49:58,703 | INFO | watchfiles.main | 1 change detected
2026-07-08 10:49:59,069 | INFO | watchfiles.main | 1 change detected
2026-07-08 10:49:59,479 | INFO | watchfiles.main | 1 change detected
2026-07-08 10:49:59,890 | INFO | watchfiles.main | 1 change detected
2026-07-08 10:50:00,299 | INFO | watchfiles.main | 1 change detected
2026-07-08 10:50:00,710 | INFO | watchfiles.main | 1 change detected
2026-07-08 10:50:01,071 | INFO | watchfiles.main | 1 change detected
2026-07-08 10:50:01,480 | INFO | watchfiles.main | 1 change detected
2026-07-08 10:50:01,892 | INFO | watchfiles.main | 1 change detected
2026-07-08 10:50:02,304 | INFO | watchfiles.main | 1 change detected
2026-07-08 10:50:02,709 | INFO | watchfiles.main | 1 change detected
2026-07-08 10:50:03,068 | INFO | watchfiles.main | 1 change detected
2026-07-08 10:50:03,488 | INFO | watchfiles.main | 1 change detected
2026-07-08 10:50:03,905 | INFO | watchfiles.main | 1 change detected
2026-07-08 10:50:04,310 | INFO | watchfiles.main | 1 change detected
2026-07-08 10:50:04,666 | INFO | watchfiles.main | 1 change detected
2026-07-08 10:50:05,077 | INFO | watchfiles.main | 1 change detected
2026-07-08 10:50:05,486 | INFO | watchfiles.main | 1 change detected
2026-07-08 10:50:05,901 | INFO | watchfiles.main | 1 change detected
2026-07-08 10:50:06,316 | INFO | watchfiles.main | 1 change detected
2026-07-08 10:50:06,680 | INFO | watchfiles.main | 1 change detected
2026-07-08 10:50:07,084 | INFO | watchfiles.main | 1 change detected
2026-07-08 10:50:07,501 | INFO | watchfiles.main | 1 change detected
2026-07-08 10:50:07,917 | INFO | watchfiles.main | 1 change detected
2026-07-08 10:50:08,281 | INFO | watchfiles.main | 1 change detected
2026-07-08 10:50:08,690 | INFO | watchfiles.main | 1 change detected
2026-07-08 10:50:09,099 | INFO | watchfiles.main | 1 change detected
2026-07-08 10:50:09,514 | INFO | watchfiles.main | 1 change detected
2026-07-08 10:50:09,917 | INFO | watchfiles.main | 1 change detected
2026-07-08 10:50:10,278 | INFO | watchfiles.main | 1 change detected
2026-07-08 10:50:10,694 | INFO | watchfiles.main | 1 change detected
2026-07-08 10:50:11,101 | INFO | watchfiles.main | 1 change detected
2026-07-08 10:50:11,509 | INFO | watchfiles.main | 1 change detected
2026-07-08 10:50:11,876 | INFO | watchfiles.main | 1 change detected
2026-07-08 10:50:12,286 | INFO | watchfiles.main | 1 change detected
2026-07-08 10:50:12,697 | INFO | watchfiles.main | 1 change detected
2026-07-08 10:50:13,109 | INFO | watchfiles.main | 1 change detected
2026-07-08 10:50:13,470 | INFO | watchfiles.main | 1 change detected
2026-07-08 10:50:13,883 | INFO | watchfiles.main | 1 change detected
2026-07-08 10:50:14,287 | INFO | watchfiles.main | 1 change detected
2026-07-08 10:50:14,694 | INFO | watchfiles.main | 1 change detected
2026-07-08 10:50:15,109 | INFO | watchfiles.main | 1 change detected
2026-07-08 10:50:15,516 | INFO | watchfiles.main | 1 change detected
2026-07-08 10:50:15,876 | INFO | watchfiles.main | 1 change detected
2026-07-08 10:50:16,291 | INFO | watchfiles.main | 1 change detected
2026-07-08 10:50:16,704 | INFO | watchfiles.main | 1 change detected
2026-07-08 10:50:17,107 | INFO | watchfiles.main | 1 change detected
2026-07-08 10:50:17,513 | INFO | watchfiles.main | 1 change detected
2026-07-08 10:50:17,876 | INFO | watchfiles.main | 1 change detected
2026-07-08 10:50:18,282 | INFO | watchfiles.main | 1 change detected
2026-07-08 10:50:18,699 | INFO | watchfiles.main | 1 change detected
2026-07-08 10:50:19,104 | INFO | watchfiles.main | 1 change detected
2026-07-08 10:50:19,515 | INFO | watchfiles.main | 1 change detected
2026-07-08 10:50:19,924 | INFO | watchfiles.main | 1 change detected
2026-07-08 10:50:20,296 | INFO | watchfiles.main | 1 change detected
2026-07-08 10:50:20,711 | INFO | watchfiles.main | 1 change detected
2026-07-08 10:50:21,115 | INFO | watchfiles.main | 1 change detected
2026-07-08 10:50:21,529 | INFO | watchfiles.main | 1 change detected
2026-07-08 10:50:21,898 | INFO | watchfiles.main | 1 change detected
2026-07-08 10:50:22,305 | INFO | watchfiles.main | 1 change detected
2026-07-08 10:50:22,718 | INFO | watchfiles.main | 1 change detected
2026-07-08 10:50:23,120 | INFO | watchfiles.main | 1 change detected
2026-07-08 10:50:23,480 | INFO | watchfiles.main | 1 change detected
2026-07-08 10:50:23,894 | INFO | watchfiles.main | 1 change detected
2026-07-08 10:50:24,305 | INFO | watchfiles.main | 1 change detected
2026-07-08 10:50:24,717 | INFO | watchfiles.main | 1 change detected
2026-07-08 10:50:25,129 | INFO | watchfiles.main | 1 change detected
2026-07-08 10:50:25,498 | INFO | watchfiles.main | 1 change detected
2026-07-08 10:50:25,903 | INFO | watchfiles.main | 1 change detected
2026-07-08 10:50:26,312 | INFO | watchfiles.main | 1 change detected
2026-07-08 10:50:26,679 | INFO | watchfiles.main | 1 change detected
2026-07-08 10:50:27,090 | INFO | watchfiles.main | 1 change detected
2026-07-08 10:50:27,494 | INFO | watchfiles.main | 1 change detected
2026-07-08 10:50:27,909 | INFO | watchfiles.main | 1 change detected
2026-07-08 10:50:28,317 | INFO | watchfiles.main | 1 change detected
2026-07-08 10:50:28,678 | INFO | watchfiles.main | 1 change detected
2026-07-08 10:50:29,093 | INFO | watchfiles.main | 1 change detected
2026-07-08 10:50:29,504 | INFO | watchfiles.main | 1 change detected
2026-07-08 10:50:29,866 | INFO | watchfiles.main | 1 change detected
2026-07-08 10:50:30,281 | INFO | watchfiles.main | 1 change detected
2026-07-08 10:50:30,694 | INFO | watchfiles.main | 1 change detected
2026-07-08 10:50:31,103 | INFO | watchfiles.main | 1 change detected
2026-07-08 10:50:31,514 | INFO | watchfiles.main | 1 change detected
2026-07-08 10:50:31,877 | INFO | watchfiles.main | 1 change detected
2026-07-08 10:50:32,291 | INFO | watchfiles.main | 1 change detected
2026-07-08 10:50:32,703 | INFO | watchfiles.main | 1 change detected
2026-07-08 10:50:33,108 | INFO | watchfiles.main | 1 change detected
2026-07-08 10:50:33,460 | INFO | watchfiles.main | 1 change detected
2026-07-08 10:50:33,867 | INFO | watchfiles.main | 1 change detected
2026-07-08 10:50:34,330 | INFO | watchfiles.main | 1 change detected
2026-07-08 10:50:34,698 | INFO | watchfiles.main | 1 change detected
2026-07-08 10:50:35,103 | INFO | watchfiles.main | 1 change detected
2026-07-08 10:50:35,508 | INFO | watchfiles.main | 1 change detected
2026-07-08 10:50:35,911 | INFO | watchfiles.main | 1 change detected
2026-07-08 10:50:36,321 | INFO | watchfiles.main | 1 change detected
2026-07-08 10:50:36,731 | INFO | watchfiles.main | 1 change detected
2026-07-08 10:50:37,152 | INFO | watchfiles.main | 1 change detected
2026-07-08 10:50:37,566 | INFO | watchfiles.main | 1 change detected
2026-07-08 10:50:37,931 | INFO | watchfiles.main | 1 change detected
2026-07-08 10:50:38,386 | INFO | watchfiles.main | 1 change detected
2026-07-08 10:50:38,760 | INFO | watchfiles.main | 1 change detected
2026-07-08 10:50:39,165 | INFO | watchfiles.main | 1 change detected
2026-07-08 10:50:39,575 | INFO | watchfiles.main | 1 change detected
2026-07-08 10:50:39,990 | INFO | watchfiles.main | 1 change detected
2026-07-08 10:50:40,396 | INFO | watchfiles.main | 1 change detected
2026-07-08 10:50:40,801 | INFO | watchfiles.main | 1 change detected
2026-07-08 10:50:41,168 | INFO | watchfiles.main | 1 change detected
2026-07-08 10:50:41,577 | INFO | watchfiles.main | 1 change detected
2026-07-08 10:50:41,982 | INFO | watchfiles.main | 1 change detected
2026-07-08 10:50:42,393 | INFO | watchfiles.main | 1 change detected
2026-07-08 10:50:42,766 | INFO | watchfiles.main | 1 change detected
2026-07-08 10:50:43,173 | INFO | watchfiles.main | 1 change detected
2026-07-08 10:50:43,578 | INFO | watchfiles.main | 1 change detected
2026-07-08 10:50:43,990 | INFO | watchfiles.main | 1 change detected
2026-07-08 10:50:44,402 | INFO | watchfiles.main | 1 change detected
2026-07-08 10:50:44,769 | INFO | watchfiles.main | 1 change detected
2026-07-08 10:50:45,224 | INFO | watchfiles.main | 1 change detected
2026-07-08 10:50:45,631 | INFO | watchfiles.main | 1 change detected
2026-07-08 10:50:45,984 | INFO | watchfiles.main | 1 change detected
2026-07-08 10:50:46,396 | INFO | watchfiles.main | 1 change detected
2026-07-08 10:50:46,812 | INFO | watchfiles.main | 1 change detected
2026-07-08 10:50:47,219 | INFO | watchfiles.main | 1 change detected
2026-07-08 10:50:47,634 | INFO | watchfiles.main | 1 change detected
2026-07-08 10:50:48,049 | INFO | watchfiles.main | 1 change detected
2026-07-08 10:50:48,413 | INFO | watchfiles.main | 1 change detected
2026-07-08 10:50:48,705 | INFO | lmsguard.requests | GET /platform/notifications -> 401 2.17ms
2026-07-08 10:50:48,770 | INFO | watchfiles.main | 1 change detected
2026-07-08 10:50:49,182 | INFO | watchfiles.main | 1 change detected
2026-07-08 10:50:49,592 | INFO | watchfiles.main | 1 change detected
2026-07-08 10:50:49,966 | INFO | watchfiles.main | 1 change detected
2026-07-08 10:50:50,375 | INFO | watchfiles.main | 1 change detected
2026-07-08 10:50:50,782 | INFO | watchfiles.main | 1 change detected
2026-07-08 10:50:51,195 | INFO | watchfiles.main | 1 change detected
2026-07-08 10:50:51,562 | INFO | watchfiles.main | 1 change detected
2026-07-08 10:50:51,968 | INFO | watchfiles.main | 1 change detected
2026-07-08 10:50:52,382 | INFO | watchfiles.main | 1 change detected
2026-07-08 10:50:52,785 | INFO | watchfiles.main | 1 change detected
2026-07-08 10:50:53,197 | INFO | watchfiles.main | 1 change detected
2026-07-08 10:50:53,566 | INFO | watchfiles.main | 1 change detected
2026-07-08 10:50:53,975 | INFO | watchfiles.main | 1 change detected
2026-07-08 10:50:54,385 | INFO | watchfiles.main | 1 change detected
2026-07-08 10:50:54,800 | INFO | watchfiles.main | 1 change detected
2026-07-08 10:50:55,217 | INFO | watchfiles.main | 1 change detected
2026-07-08 10:50:55,622 | INFO | watchfiles.main | 1 change detected
2026-07-08 10:50:56,029 | INFO | watchfiles.main | 1 change detected
2026-07-08 10:50:56,442 | INFO | watchfiles.main | 1 change detected
2026-07-08 10:50:56,846 | INFO | watchfiles.main | 1 change detected
2026-07-08 10:50:57,204 | INFO | watchfiles.main | 1 change detected
2026-07-08 10:50:57,615 | INFO | watchfiles.main | 1 change detected
2026-07-08 10:50:58,030 | INFO | watchfiles.main | 1 change detected
2026-07-08 10:50:58,438 | INFO | watchfiles.main | 1 change detected
2026-07-08 10:50:58,795 | INFO | watchfiles.main | 1 change detected
2026-07-08 10:50:59,210 | INFO | watchfiles.main | 1 change detected
2026-07-08 10:50:59,619 | INFO | watchfiles.main | 1 change detected
2026-07-08 10:51:00,024 | INFO | watchfiles.main | 1 change detected
2026-07-08 10:51:00,433 | INFO | watchfiles.main | 1 change detected
2026-07-08 10:51:00,844 | INFO | watchfiles.main | 1 change detected
2026-07-08 10:51:01,207 | INFO | watchfiles.main | 1 change detected
2026-07-08 10:51:01,623 | INFO | watchfiles.main | 1 change detected
2026-07-08 10:51:02,027 | INFO | watchfiles.main | 1 change detected
2026-07-08 10:51:02,436 | INFO | watchfiles.main | 1 change detected
2026-07-08 10:51:02,798 | INFO | watchfiles.main | 1 change detected
2026-07-08 10:51:03,209 | INFO | watchfiles.main | 1 change detected
2026-07-08 10:51:03,620 | INFO | watchfiles.main | 1 change detected
2026-07-08 10:51:04,034 | INFO | watchfiles.main | 1 change detected
2026-07-08 10:51:04,436 | INFO | watchfiles.main | 1 change detected
2026-07-08 10:51:04,840 | INFO | watchfiles.main | 1 change detected
2026-07-08 10:51:05,249 | INFO | watchfiles.main | 1 change detected
2026-07-08 10:51:05,607 | INFO | watchfiles.main | 1 change detected
2026-07-08 10:51:06,013 | INFO | watchfiles.main | 1 change detected
2026-07-08 10:51:06,416 | INFO | watchfiles.main | 1 change detected
2026-07-08 10:51:06,827 | INFO | watchfiles.main | 1 change detected
2026-07-08 10:51:07,237 | INFO | watchfiles.main | 1 change detected
2026-07-08 10:51:07,595 | INFO | watchfiles.main | 1 change detected
2026-07-08 10:51:07,997 | INFO | watchfiles.main | 1 change detected
2026-07-08 10:51:08,412 | INFO | watchfiles.main | 1 change detected
2026-07-08 10:51:08,821 | INFO | watchfiles.main | 1 change detected
2026-07-08 10:51:09,234 | INFO | watchfiles.main | 1 change detected
2026-07-08 10:51:09,642 | INFO | watchfiles.main | 1 change detected
2026-07-08 10:51:10,006 | INFO | watchfiles.main | 1 change detected
2026-07-08 10:51:10,412 | INFO | watchfiles.main | 1 change detected
2026-07-08 10:51:10,823 | INFO | watchfiles.main | 1 change detected
2026-07-08 10:51:11,231 | INFO | watchfiles.main | 1 change detected
2026-07-08 10:51:11,647 | INFO | watchfiles.main | 1 change detected
2026-07-08 10:51:12,052 | INFO | watchfiles.main | 1 change detected
2026-07-08 10:51:12,410 | INFO | watchfiles.main | 1 change detected
2026-07-08 10:51:12,825 | INFO | watchfiles.main | 1 change detected
2026-07-08 10:51:13,230 | INFO | watchfiles.main | 1 change detected
2026-07-08 10:51:13,641 | INFO | watchfiles.main | 1 change detected
2026-07-08 10:51:14,058 | INFO | watchfiles.main | 1 change detected
2026-07-08 10:51:14,467 | INFO | watchfiles.main | 1 change detected
2026-07-08 10:51:14,834 | INFO | watchfiles.main | 1 change detected
2026-07-08 10:51:15,288 | INFO | watchfiles.main | 1 change detected
2026-07-08 10:51:15,694 | INFO | watchfiles.main | 1 change detected
2026-07-08 10:51:16,105 | INFO | watchfiles.main | 1 change detected
2026-07-08 10:51:16,462 | INFO | watchfiles.main | 1 change detected
2026-07-08 10:51:16,879 | INFO | watchfiles.main | 1 change detected
2026-07-08 10:51:17,283 | INFO | watchfiles.main | 1 change detected
2026-07-08 10:51:17,687 | INFO | watchfiles.main | 1 change detected
2026-07-08 10:51:18,097 | INFO | watchfiles.main | 1 change detected
2026-07-08 10:51:18,503 | INFO | watchfiles.main | 1 change detected
2026-07-08 10:51:18,914 | INFO | watchfiles.main | 1 change detected
2026-07-08 10:51:19,327 | INFO | watchfiles.main | 1 change detected
2026-07-08 10:51:19,697 | INFO | watchfiles.main | 1 change detected
2026-07-08 10:51:20,104 | INFO | watchfiles.main | 1 change detected
2026-07-08 10:51:20,518 | INFO | watchfiles.main | 1 change detected
2026-07-08 10:51:20,877 | INFO | watchfiles.main | 1 change detected
2026-07-08 10:51:21,281 | INFO | watchfiles.main | 1 change detected
2026-07-08 10:51:21,684 | INFO | watchfiles.main | 1 change detected
2026-07-08 10:51:22,098 | INFO | watchfiles.main | 1 change detected
2026-07-08 10:51:22,516 | INFO | watchfiles.main | 1 change detected
2026-07-08 10:51:22,879 | INFO | watchfiles.main | 1 change detected
2026-07-08 10:51:23,292 | INFO | watchfiles.main | 1 change detected
2026-07-08 10:51:23,701 | INFO | watchfiles.main | 1 change detected
2026-07-08 10:51:24,118 | INFO | watchfiles.main | 1 change detected
2026-07-08 10:51:24,483 | INFO | watchfiles.main | 1 change detected
2026-07-08 10:51:24,893 | INFO | watchfiles.main | 1 change detected
2026-07-08 10:51:25,297 | INFO | watchfiles.main | 1 change detected
2026-07-08 10:51:25,702 | INFO | watchfiles.main | 1 change detected
2026-07-08 10:51:26,110 | INFO | watchfiles.main | 1 change detected
2026-07-08 10:51:26,515 | INFO | watchfiles.main | 1 change detected
2026-07-08 10:51:26,918 | INFO | watchfiles.main | 1 change detected
2026-07-08 10:51:27,327 | INFO | watchfiles.main | 1 change detected
2026-07-08 10:51:27,736 | INFO | watchfiles.main | 1 change detected
2026-07-08 10:51:28,155 | INFO | watchfiles.main | 1 change detected
2026-07-08 10:51:28,565 | INFO | watchfiles.main | 1 change detected
2026-07-08 10:51:28,976 | INFO | watchfiles.main | 1 change detected
2026-07-08 10:51:29,383 | INFO | watchfiles.main | 1 change detected
2026-07-08 10:51:29,795 | INFO | watchfiles.main | 1 change detected
2026-07-08 10:51:30,214 | INFO | watchfiles.main | 1 change detected
2026-07-08 10:51:30,619 | INFO | watchfiles.main | 1 change detected
2026-07-08 10:51:31,030 | INFO | watchfiles.main | 1 change detected
2026-07-08 10:51:31,436 | INFO | watchfiles.main | 1 change detected
2026-07-08 10:51:31,853 | INFO | watchfiles.main | 1 change detected
2026-07-08 10:51:32,258 | INFO | watchfiles.main | 1 change detected
2026-07-08 10:51:32,616 | INFO | watchfiles.main | 1 change detected
2026-07-08 10:51:33,032 | INFO | watchfiles.main | 1 change detected
2026-07-08 10:51:33,444 | INFO | watchfiles.main | 1 change detected
2026-07-08 10:51:33,850 | INFO | watchfiles.main | 1 change detected
2026-07-08 10:51:34,211 | INFO | watchfiles.main | 1 change detected
2026-07-08 10:51:34,613 | INFO | watchfiles.main | 1 change detected
2026-07-08 10:51:35,027 | INFO | watchfiles.main | 1 change detected
2026-07-08 10:51:35,434 | INFO | watchfiles.main | 1 change detected
2026-07-08 10:51:35,841 | INFO | watchfiles.main | 1 change detected
2026-07-08 10:51:36,202 | INFO | watchfiles.main | 1 change detected
2026-07-08 10:51:36,612 | INFO | watchfiles.main | 1 change detected
2026-07-08 10:51:37,020 | INFO | watchfiles.main | 1 change detected
2026-07-08 10:51:37,431 | INFO | watchfiles.main | 1 change detected
2026-07-08 10:51:37,840 | INFO | watchfiles.main | 1 change detected
2026-07-08 10:51:38,252 | INFO | watchfiles.main | 1 change detected
2026-07-08 10:51:38,656 | INFO | watchfiles.main | 1 change detected
2026-07-08 10:51:39,027 | INFO | watchfiles.main | 1 change detected
2026-07-08 10:51:39,431 | INFO | watchfiles.main | 1 change detected
2026-07-08 10:51:39,842 | INFO | watchfiles.main | 1 change detected
2026-07-08 10:51:40,254 | INFO | watchfiles.main | 1 change detected
2026-07-08 10:51:40,661 | INFO | watchfiles.main | 1 change detected
2026-07-08 10:51:41,077 | INFO | watchfiles.main | 1 change detected
2026-07-08 10:51:41,484 | INFO | watchfiles.main | 1 change detected
2026-07-08 10:51:41,950 | INFO | watchfiles.main | 1 change detected
2026-07-08 10:51:42,353 | INFO | watchfiles.main | 1 change detected
2026-07-08 10:51:42,764 | INFO | watchfiles.main | 1 change detected
2026-07-08 10:51:43,169 | INFO | watchfiles.main | 1 change detected
2026-07-08 10:51:43,575 | INFO | watchfiles.main | 1 change detected
2026-07-08 10:51:43,988 | INFO | watchfiles.main | 1 change detected
2026-07-08 10:51:44,409 | INFO | watchfiles.main | 1 change detected
2026-07-08 10:51:44,814 | INFO | watchfiles.main | 1 change detected
2026-07-08 10:51:45,227 | INFO | watchfiles.main | 1 change detected
2026-07-08 10:51:45,633 | INFO | watchfiles.main | 1 change detected
2026-07-08 10:51:46,041 | INFO | watchfiles.main | 1 change detected
2026-07-08 10:51:46,452 | INFO | watchfiles.main | 1 change detected
2026-07-08 10:51:46,809 | INFO | watchfiles.main | 1 change detected
2026-07-08 10:51:47,224 | INFO | watchfiles.main | 1 change detected
2026-07-08 10:51:47,630 | INFO | watchfiles.main | 1 change detected
2026-07-08 10:51:48,034 | INFO | watchfiles.main | 1 change detected
2026-07-08 10:51:48,446 | INFO | watchfiles.main | 1 change detected
2026-07-08 10:51:48,849 | INFO | watchfiles.main | 1 change detected
2026-07-08 10:51:49,013 | INFO | lmsguard.requests | GET /platform/notifications -> 401 3.48ms
2026-07-08 10:51:49,212 | INFO | watchfiles.main | 1 change detected
2026-07-08 10:51:49,575 | INFO | watchfiles.main | 1 change detected
2026-07-08 10:51:49,938 | INFO | watchfiles.main | 1 change detected
2026-07-08 10:51:50,298 | INFO | watchfiles.main | 1 change detected
2026-07-08 10:51:50,710 | INFO | watchfiles.main | 1 change detected
2026-07-08 10:51:51,076 | INFO | watchfiles.main | 1 change detected
2026-07-08 10:51:51,484 | INFO | watchfiles.main | 1 change detected
2026-07-08 10:51:51,886 | INFO | watchfiles.main | 1 change detected
2026-07-08 10:51:52,294 | INFO | watchfiles.main | 1 change detected
2026-07-08 10:51:52,703 | INFO | watchfiles.main | 1 change detected
2026-07-08 10:51:53,113 | INFO | watchfiles.main | 1 change detected
2026-07-08 10:51:53,515 | INFO | watchfiles.main | 1 change detected
2026-07-08 10:51:53,868 | INFO | watchfiles.main | 1 change detected
2026-07-08 10:51:54,287 | INFO | watchfiles.main | 1 change detected
2026-07-08 10:51:54,692 | INFO | watchfiles.main | 1 change detected
2026-07-08 10:51:55,106 | INFO | watchfiles.main | 1 change detected
2026-07-08 10:51:55,469 | INFO | watchfiles.main | 1 change detected
2026-07-08 10:51:55,873 | INFO | watchfiles.main | 1 change detected
2026-07-08 10:51:56,285 | INFO | watchfiles.main | 1 change detected
2026-07-08 10:51:56,690 | INFO | watchfiles.main | 1 change detected
2026-07-08 10:51:57,099 | INFO | watchfiles.main | 1 change detected
2026-07-08 10:51:57,516 | INFO | watchfiles.main | 1 change detected
2026-07-08 10:51:57,878 | INFO | watchfiles.main | 1 change detected
2026-07-08 10:51:58,289 | INFO | watchfiles.main | 1 change detected
2026-07-08 10:51:58,694 | INFO | watchfiles.main | 1 change detected
2026-07-08 10:51:59,106 | INFO | watchfiles.main | 1 change detected
2026-07-08 10:51:59,508 | INFO | watchfiles.main | 1 change detected
2026-07-08 10:51:59,925 | INFO | watchfiles.main | 1 change detected
2026-07-08 10:52:00,297 | INFO | watchfiles.main | 1 change detected
2026-07-08 10:52:00,705 | INFO | watchfiles.main | 1 change detected
2026-07-08 10:52:01,115 | INFO | watchfiles.main | 1 change detected
2026-07-08 10:52:01,525 | INFO | watchfiles.main | 1 change detected
2026-07-08 10:52:01,891 | INFO | watchfiles.main | 1 change detected
2026-07-08 10:52:02,299 | INFO | watchfiles.main | 1 change detected
2026-07-08 10:52:02,705 | INFO | watchfiles.main | 1 change detected
2026-07-08 10:52:03,111 | INFO | watchfiles.main | 1 change detected
2026-07-08 10:52:03,526 | INFO | watchfiles.main | 1 change detected
2026-07-08 10:52:03,891 | INFO | watchfiles.main | 1 change detected
2026-07-08 10:52:04,296 | INFO | watchfiles.main | 1 change detected
2026-07-08 10:52:04,702 | INFO | watchfiles.main | 1 change detected
2026-07-08 10:52:05,104 | INFO | watchfiles.main | 1 change detected
2026-07-08 10:52:05,464 | INFO | watchfiles.main | 1 change detected
2026-07-08 10:52:05,875 | INFO | watchfiles.main | 1 change detected
2026-07-08 10:52:06,283 | INFO | watchfiles.main | 1 change detected
2026-07-08 10:52:06,697 | INFO | watchfiles.main | 1 change detected
2026-07-08 10:52:07,107 | INFO | watchfiles.main | 1 change detected
2026-07-08 10:52:07,470 | INFO | watchfiles.main | 1 change detected
2026-07-08 10:52:07,883 | INFO | watchfiles.main | 1 change detected
2026-07-08 10:52:08,284 | INFO | watchfiles.main | 1 change detected
2026-07-08 10:52:08,698 | INFO | watchfiles.main | 1 change detected
2026-07-08 10:52:09,112 | INFO | watchfiles.main | 1 change detected
2026-07-08 10:52:09,468 | INFO | watchfiles.main | 1 change detected
2026-07-08 10:52:09,886 | INFO | watchfiles.main | 1 change detected
2026-07-08 10:52:10,294 | INFO | watchfiles.main | 1 change detected
2026-07-08 10:52:10,700 | INFO | watchfiles.main | 1 change detected
2026-07-08 10:52:11,059 | INFO | watchfiles.main | 1 change detected
2026-07-08 10:52:11,470 | INFO | watchfiles.main | 1 change detected
2026-07-08 10:52:11,882 | INFO | watchfiles.main | 1 change detected
2026-07-08 10:52:12,243 | INFO | watchfiles.main | 1 change detected
2026-07-08 10:52:12,655 | INFO | watchfiles.main | 1 change detected
2026-07-08 10:52:13,066 | INFO | watchfiles.main | 1 change detected
2026-07-08 10:52:13,429 | INFO | watchfiles.main | 1 change detected
2026-07-08 10:52:13,884 | INFO | watchfiles.main | 1 change detected
2026-07-08 10:52:14,300 | INFO | watchfiles.main | 1 change detected
2026-07-08 10:52:14,715 | INFO | watchfiles.main | 1 change detected
2026-07-08 10:52:15,068 | INFO | watchfiles.main | 1 change detected
2026-07-08 10:52:15,489 | INFO | watchfiles.main | 1 change detected
2026-07-08 10:52:15,898 | INFO | watchfiles.main | 1 change detected
2026-07-08 10:52:16,265 | INFO | watchfiles.main | 1 change detected
2026-07-08 10:52:16,680 | INFO | watchfiles.main | 1 change detected
2026-07-08 10:52:17,094 | INFO | watchfiles.main | 1 change detected
2026-07-08 10:52:17,511 | INFO | watchfiles.main | 1 change detected
2026-07-08 10:52:17,923 | INFO | watchfiles.main | 1 change detected
2026-07-08 10:52:18,283 | INFO | watchfiles.main | 1 change detected
2026-07-08 10:52:18,687 | INFO | watchfiles.main | 1 change detected
2026-07-08 10:52:19,090 | INFO | watchfiles.main | 1 change detected
2026-07-08 10:52:19,492 | INFO | watchfiles.main | 1 change detected
2026-07-08 10:52:19,905 | INFO | watchfiles.main | 1 change detected
2026-07-08 10:52:20,264 | INFO | watchfiles.main | 1 change detected
2026-07-08 10:52:20,667 | INFO | watchfiles.main | 1 change detected
2026-07-08 10:52:21,120 | INFO | watchfiles.main | 1 change detected
2026-07-08 10:52:21,530 | INFO | watchfiles.main | 1 change detected
2026-07-08 10:52:21,900 | INFO | watchfiles.main | 1 change detected
2026-07-08 10:52:22,313 | INFO | watchfiles.main | 1 change detected
2026-07-08 10:52:22,718 | INFO | watchfiles.main | 1 change detected
2026-07-08 10:52:23,127 | INFO | watchfiles.main | 1 change detected
2026-07-08 10:52:23,530 | INFO | watchfiles.main | 1 change detected
2026-07-08 10:52:23,959 | INFO | watchfiles.main | 1 change detected
2026-07-08 10:52:24,321 | INFO | watchfiles.main | 1 change detected
2026-07-08 10:52:24,726 | INFO | watchfiles.main | 1 change detected
2026-07-08 10:52:25,149 | INFO | watchfiles.main | 1 change detected
2026-07-08 10:52:25,559 | INFO | watchfiles.main | 1 change detected
2026-07-08 10:52:25,966 | INFO | watchfiles.main | 1 change detected
2026-07-08 10:52:26,331 | INFO | watchfiles.main | 1 change detected
2026-07-08 10:52:26,751 | INFO | watchfiles.main | 1 change detected
2026-07-08 10:52:27,166 | INFO | watchfiles.main | 1 change detected
2026-07-08 10:52:27,583 | INFO | watchfiles.main | 1 change detected
2026-07-08 10:52:27,945 | INFO | watchfiles.main | 1 change detected
2026-07-08 10:52:28,352 | INFO | watchfiles.main | 1 change detected
2026-07-08 10:52:28,760 | INFO | watchfiles.main | 1 change detected
2026-07-08 10:52:29,170 | INFO | watchfiles.main | 1 change detected
2026-07-08 10:52:29,573 | INFO | watchfiles.main | 1 change detected
2026-07-08 10:52:29,932 | INFO | watchfiles.main | 1 change detected
2026-07-08 10:52:30,348 | INFO | watchfiles.main | 1 change detected
2026-07-08 10:52:30,750 | INFO | watchfiles.main | 1 change detected
2026-07-08 10:52:31,155 | INFO | watchfiles.main | 1 change detected
2026-07-08 10:52:31,561 | INFO | watchfiles.main | 1 change detected
2026-07-08 10:52:31,975 | INFO | watchfiles.main | 1 change detected
2026-07-08 10:52:32,385 | INFO | watchfiles.main | 1 change detected
2026-07-08 10:52:32,798 | INFO | watchfiles.main | 1 change detected
2026-07-08 10:52:33,218 | INFO | watchfiles.main | 1 change detected
2026-07-08 10:52:33,629 | INFO | watchfiles.main | 1 change detected
2026-07-08 10:52:34,036 | INFO | watchfiles.main | 1 change detected
2026-07-08 10:52:34,408 | INFO | watchfiles.main | 1 change detected
2026-07-08 10:52:34,811 | INFO | watchfiles.main | 1 change detected
2026-07-08 10:52:35,227 | INFO | watchfiles.main | 1 change detected
2026-07-08 10:52:35,646 | INFO | watchfiles.main | 1 change detected
2026-07-08 10:52:36,009 | INFO | watchfiles.main | 1 change detected
2026-07-08 10:52:36,411 | INFO | watchfiles.main | 1 change detected
2026-07-08 10:52:36,815 | INFO | watchfiles.main | 1 change detected
2026-07-08 10:52:37,229 | INFO | watchfiles.main | 1 change detected
2026-07-08 10:52:37,638 | INFO | watchfiles.main | 1 change detected
2026-07-08 10:52:38,053 | INFO | watchfiles.main | 1 change detected
2026-07-08 10:52:38,464 | INFO | watchfiles.main | 1 change detected
2026-07-08 10:52:38,831 | INFO | watchfiles.main | 1 change detected
2026-07-08 10:52:39,240 | INFO | watchfiles.main | 1 change detected
2026-07-08 10:52:39,655 | INFO | watchfiles.main | 1 change detected
2026-07-08 10:52:40,027 | INFO | watchfiles.main | 1 change detected
2026-07-08 10:52:40,442 | INFO | watchfiles.main | 1 change detected
2026-07-08 10:52:40,855 | INFO | watchfiles.main | 1 change detected
2026-07-08 10:52:41,265 | INFO | watchfiles.main | 1 change detected
2026-07-08 10:52:41,680 | INFO | watchfiles.main | 1 change detected
2026-07-08 10:52:42,088 | INFO | watchfiles.main | 1 change detected
2026-07-08 10:52:42,490 | INFO | watchfiles.main | 1 change detected
2026-07-08 10:52:42,896 | INFO | watchfiles.main | 1 change detected
2026-07-08 10:52:43,310 | INFO | watchfiles.main | 1 change detected
2026-07-08 10:52:43,676 | INFO | watchfiles.main | 1 change detected
2026-07-08 10:52:44,091 | INFO | watchfiles.main | 1 change detected
2026-07-08 10:52:44,499 | INFO | watchfiles.main | 1 change detected
2026-07-08 10:52:44,911 | INFO | watchfiles.main | 1 change detected
2026-07-08 10:52:45,268 | INFO | watchfiles.main | 1 change detected
2026-07-08 10:52:45,684 | INFO | watchfiles.main | 1 change detected
2026-07-08 10:52:46,095 | INFO | watchfiles.main | 1 change detected
2026-07-08 10:52:46,458 | INFO | watchfiles.main | 1 change detected
2026-07-08 10:52:46,870 | INFO | watchfiles.main | 1 change detected
2026-07-08 10:52:47,282 | INFO | watchfiles.main | 1 change detected
2026-07-08 10:52:47,640 | INFO | watchfiles.main | 1 change detected
2026-07-08 10:52:48,054 | INFO | watchfiles.main | 1 change detected
2026-07-08 10:52:48,464 | INFO | watchfiles.main | 1 change detected
2026-07-08 10:52:48,715 | INFO | lmsguard.requests | GET /platform/notifications -> 401 3.43ms
2026-07-08 10:52:48,825 | INFO | watchfiles.main | 1 change detected
2026-07-08 10:52:49,184 | INFO | watchfiles.main | 1 change detected
2026-07-08 10:52:49,599 | INFO | watchfiles.main | 1 change detected
2026-07-08 10:52:49,959 | INFO | watchfiles.main | 1 change detected
2026-07-08 10:52:50,371 | INFO | watchfiles.main | 1 change detected
2026-07-08 10:52:50,782 | INFO | watchfiles.main | 1 change detected
2026-07-08 10:52:51,192 | INFO | watchfiles.main | 1 change detected
2026-07-08 10:52:51,612 | INFO | watchfiles.main | 1 change detected
2026-07-08 10:52:52,014 | INFO | watchfiles.main | 1 change detected
2026-07-08 10:52:52,427 | INFO | watchfiles.main | 1 change detected
2026-07-08 10:52:52,833 | INFO | watchfiles.main | 1 change detected
2026-07-08 10:52:53,205 | INFO | watchfiles.main | 1 change detected
2026-07-08 10:52:53,620 | INFO | watchfiles.main | 1 change detected
2026-07-08 10:52:54,026 | INFO | watchfiles.main | 1 change detected
2026-07-08 10:52:54,428 | INFO | watchfiles.main | 1 change detected
2026-07-08 10:52:54,798 | INFO | watchfiles.main | 1 change detected
2026-07-08 10:52:55,209 | INFO | watchfiles.main | 1 change detected
2026-07-08 10:52:55,616 | INFO | watchfiles.main | 1 change detected
2026-07-08 10:52:56,032 | INFO | watchfiles.main | 1 change detected
2026-07-08 10:52:56,438 | INFO | watchfiles.main | 1 change detected
2026-07-08 10:52:56,802 | INFO | watchfiles.main | 1 change detected
2026-07-08 10:52:57,215 | INFO | watchfiles.main | 1 change detected
2026-07-08 10:52:57,630 | INFO | watchfiles.main | 1 change detected
2026-07-08 10:52:58,042 | INFO | watchfiles.main | 1 change detected
2026-07-08 10:52:58,450 | INFO | watchfiles.main | 1 change detected
2026-07-08 10:52:58,864 | INFO | watchfiles.main | 1 change detected
2026-07-08 10:52:59,271 | INFO | watchfiles.main | 1 change detected
2026-07-08 10:52:59,677 | INFO | watchfiles.main | 1 change detected
2026-07-08 10:53:00,080 | INFO | watchfiles.main | 1 change detected
2026-07-08 10:53:00,492 | INFO | watchfiles.main | 1 change detected
2026-07-08 10:53:00,897 | INFO | watchfiles.main | 1 change detected
2026-07-08 10:53:01,303 | INFO | watchfiles.main | 1 change detected
2026-07-08 10:53:01,715 | INFO | watchfiles.main | 1 change detected
2026-07-08 10:53:02,117 | INFO | watchfiles.main | 1 change detected
2026-07-08 10:53:02,522 | INFO | watchfiles.main | 1 change detected
2026-07-08 10:53:02,927 | INFO | watchfiles.main | 1 change detected
2026-07-08 10:53:03,333 | INFO | watchfiles.main | 1 change detected
2026-07-08 10:53:03,749 | INFO | watchfiles.main | 1 change detected
2026-07-08 10:53:04,160 | INFO | watchfiles.main | 1 change detected
2026-07-08 10:53:04,573 | INFO | watchfiles.main | 1 change detected
2026-07-08 10:53:04,976 | INFO | watchfiles.main | 1 change detected
2026-07-08 10:53:05,380 | INFO | watchfiles.main | 1 change detected
2026-07-08 10:53:05,737 | INFO | watchfiles.main | 1 change detected
2026-07-08 10:53:06,142 | INFO | watchfiles.main | 1 change detected
2026-07-08 10:53:06,551 | INFO | watchfiles.main | 1 change detected
2026-07-08 10:53:06,957 | INFO | watchfiles.main | 1 change detected
2026-07-08 10:53:07,372 | INFO | watchfiles.main | 1 change detected
2026-07-08 10:53:07,786 | INFO | watchfiles.main | 1 change detected
2026-07-08 10:53:08,194 | INFO | watchfiles.main | 1 change detected
2026-07-08 10:53:08,599 | INFO | watchfiles.main | 1 change detected
2026-07-08 10:53:08,955 | INFO | watchfiles.main | 1 change detected
2026-07-08 10:53:09,364 | INFO | watchfiles.main | 1 change detected
2026-07-08 10:53:09,770 | INFO | watchfiles.main | 1 change detected
2026-07-08 10:53:10,177 | INFO | watchfiles.main | 1 change detected
2026-07-08 10:53:10,590 | INFO | watchfiles.main | 1 change detected
2026-07-08 10:53:10,944 | INFO | watchfiles.main | 1 change detected
2026-07-08 10:53:11,360 | INFO | watchfiles.main | 1 change detected
2026-07-08 10:53:11,767 | INFO | watchfiles.main | 1 change detected
2026-07-08 10:53:12,182 | INFO | watchfiles.main | 1 change detected
2026-07-08 10:53:12,599 | INFO | watchfiles.main | 1 change detected
2026-07-08 10:53:12,960 | INFO | watchfiles.main | 1 change detected
2026-07-08 10:53:13,364 | INFO | watchfiles.main | 1 change detected
2026-07-08 10:53:13,776 | INFO | watchfiles.main | 1 change detected
2026-07-08 10:53:14,186 | INFO | watchfiles.main | 1 change detected
2026-07-08 10:53:14,547 | INFO | watchfiles.main | 1 change detected
2026-07-08 10:53:14,963 | INFO | watchfiles.main | 1 change detected
2026-07-08 10:53:15,373 | INFO | watchfiles.main | 1 change detected
2026-07-08 10:53:15,787 | INFO | watchfiles.main | 1 change detected
2026-07-08 10:53:16,204 | INFO | watchfiles.main | 1 change detected
2026-07-08 10:53:16,565 | INFO | watchfiles.main | 1 change detected
2026-07-08 10:53:16,974 | INFO | watchfiles.main | 1 change detected
2026-07-08 10:53:17,376 | INFO | watchfiles.main | 1 change detected
2026-07-08 10:53:17,780 | INFO | watchfiles.main | 1 change detected
2026-07-08 10:53:18,193 | INFO | watchfiles.main | 1 change detected
2026-07-08 10:53:18,548 | INFO | watchfiles.main | 1 change detected
2026-07-08 10:53:18,975 | INFO | watchfiles.main | 1 change detected
2026-07-08 10:53:19,337 | INFO | watchfiles.main | 1 change detected
2026-07-08 10:53:19,803 | INFO | watchfiles.main | 1 change detected
2026-07-08 10:53:20,163 | INFO | watchfiles.main | 1 change detected
2026-07-08 10:53:20,568 | INFO | watchfiles.main | 1 change detected
2026-07-08 10:53:20,989 | INFO | watchfiles.main | 1 change detected
2026-07-08 10:53:21,365 | INFO | watchfiles.main | 1 change detected
2026-07-08 10:53:21,830 | INFO | watchfiles.main | 1 change detected
2026-07-08 10:53:22,194 | INFO | watchfiles.main | 1 change detected
2026-07-08 10:53:22,616 | INFO | watchfiles.main | 1 change detected
2026-07-08 10:53:23,021 | INFO | watchfiles.main | 1 change detected
2026-07-08 10:53:23,473 | INFO | watchfiles.main | 1 change detected
2026-07-08 10:53:23,876 | INFO | watchfiles.main | 1 change detected
2026-07-08 10:53:24,292 | INFO | watchfiles.main | 1 change detected
2026-07-08 10:53:24,699 | INFO | watchfiles.main | 1 change detected
2026-07-08 10:53:25,103 | INFO | watchfiles.main | 1 change detected
2026-07-08 10:53:25,471 | INFO | watchfiles.main | 1 change detected
2026-07-08 10:53:25,890 | INFO | watchfiles.main | 1 change detected
2026-07-08 10:53:26,308 | INFO | watchfiles.main | 1 change detected
2026-07-08 10:53:26,719 | INFO | watchfiles.main | 1 change detected
2026-07-08 10:53:27,080 | INFO | watchfiles.main | 1 change detected
2026-07-08 10:53:27,492 | INFO | watchfiles.main | 1 change detected
2026-07-08 10:53:27,901 | INFO | watchfiles.main | 1 change detected
2026-07-08 10:53:28,318 | INFO | watchfiles.main | 1 change detected
2026-07-08 10:53:28,731 | INFO | watchfiles.main | 1 change detected
2026-07-08 10:53:29,139 | INFO | watchfiles.main | 1 change detected
2026-07-08 10:53:29,555 | INFO | watchfiles.main | 1 change detected
2026-07-08 10:53:29,965 | INFO | watchfiles.main | 1 change detected
2026-07-08 10:53:30,370 | INFO | watchfiles.main | 1 change detected
2026-07-08 10:53:30,723 | INFO | watchfiles.main | 1 change detected
2026-07-08 10:53:31,130 | INFO | watchfiles.main | 1 change detected
2026-07-08 10:53:31,547 | INFO | watchfiles.main | 1 change detected
2026-07-08 10:53:31,965 | INFO | watchfiles.main | 1 change detected
2026-07-08 10:53:32,380 | INFO | watchfiles.main | 1 change detected
2026-07-08 10:53:32,752 | INFO | watchfiles.main | 1 change detected
2026-07-08 10:53:33,168 | INFO | watchfiles.main | 1 change detected
2026-07-08 10:53:33,572 | INFO | watchfiles.main | 1 change detected
2026-07-08 10:53:33,989 | INFO | watchfiles.main | 1 change detected
2026-07-08 10:53:34,351 | INFO | watchfiles.main | 1 change detected
2026-07-08 10:53:34,753 | INFO | watchfiles.main | 1 change detected
2026-07-08 10:53:35,211 | INFO | watchfiles.main | 1 change detected
2026-07-08 10:53:35,564 | INFO | watchfiles.main | 1 change detected
2026-07-08 10:53:36,031 | INFO | watchfiles.main | 1 change detected
2026-07-08 10:53:36,394 | INFO | watchfiles.main | 1 change detected
2026-07-08 10:53:36,806 | INFO | watchfiles.main | 1 change detected
2026-07-08 10:53:37,224 | INFO | watchfiles.main | 1 change detected
2026-07-08 10:53:37,645 | INFO | watchfiles.main | 1 change detected
2026-07-08 10:53:38,017 | INFO | watchfiles.main | 1 change detected
2026-07-08 10:53:38,427 | INFO | watchfiles.main | 1 change detected
2026-07-08 10:53:38,841 | INFO | watchfiles.main | 1 change detected
2026-07-08 10:53:39,256 | INFO | watchfiles.main | 1 change detected
2026-07-08 10:53:39,713 | INFO | watchfiles.main | 1 change detected
2026-07-08 10:53:40,116 | INFO | watchfiles.main | 1 change detected
2026-07-08 10:53:40,521 | INFO | watchfiles.main | 1 change detected
2026-07-08 10:53:40,947 | INFO | watchfiles.main | 1 change detected
2026-07-08 10:53:41,356 | INFO | watchfiles.main | 1 change detected
2026-07-08 10:53:41,759 | INFO | watchfiles.main | 1 change detected
2026-07-08 10:53:42,176 | INFO | watchfiles.main | 1 change detected
2026-07-08 10:53:42,540 | INFO | watchfiles.main | 1 change detected
2026-07-08 10:53:42,944 | INFO | watchfiles.main | 1 change detected
2026-07-08 10:53:43,348 | INFO | watchfiles.main | 1 change detected
2026-07-08 10:53:43,776 | INFO | watchfiles.main | 1 change detected
2026-07-08 10:53:44,186 | INFO | watchfiles.main | 1 change detected
2026-07-08 10:53:44,590 | INFO | watchfiles.main | 1 change detected
2026-07-08 10:53:45,011 | INFO | watchfiles.main | 1 change detected
2026-07-08 10:53:45,427 | INFO | watchfiles.main | 1 change detected
2026-07-08 10:53:45,839 | INFO | watchfiles.main | 1 change detected
2026-07-08 10:53:46,204 | INFO | watchfiles.main | 1 change detected
2026-07-08 10:53:46,617 | INFO | watchfiles.main | 1 change detected
2026-07-08 10:53:47,030 | INFO | watchfiles.main | 1 change detected
2026-07-08 10:53:47,446 | INFO | watchfiles.main | 1 change detected
2026-07-08 10:53:47,850 | INFO | watchfiles.main | 1 change detected
2026-07-08 10:53:48,206 | INFO | watchfiles.main | 1 change detected
2026-07-08 10:53:48,661 | INFO | watchfiles.main | 1 change detected
2026-07-08 10:53:49,014 | INFO | lmsguard.requests | GET /platform/notifications -> 401 1.84ms
2026-07-08 10:53:49,065 | INFO | watchfiles.main | 1 change detected
2026-07-08 10:53:49,428 | INFO | watchfiles.main | 1 change detected
2026-07-08 11:08:53,548 | INFO | lmsguard.requests | OPTIONS /platform/notifications -> 200 0.39ms
2026-07-08 11:08:53,557 | INFO | lmsguard.requests | GET /platform/notifications -> 401 3.55ms
2026-07-08 11:08:53,607 | INFO | watchfiles.main | 1 change detected
2026-07-08 11:08:53,966 | INFO | watchfiles.main | 1 change detected
2026-07-08 11:08:54,320 | INFO | watchfiles.main | 1 change detected
2026-07-08 11:08:54,684 | INFO | watchfiles.main | 1 change detected
2026-07-08 11:08:55,050 | INFO | watchfiles.main | 1 change detected
2026-07-08 11:08:55,414 | INFO | watchfiles.main | 1 change detected
2026-07-08 11:08:55,871 | INFO | watchfiles.main | 1 change detected
2026-07-08 11:08:56,434 | INFO | watchfiles.main | 1 change detected
2026-07-08 11:08:56,800 | INFO | watchfiles.main | 1 change detected
2026-07-08 11:08:57,214 | INFO | watchfiles.main | 1 change detected
2026-07-08 11:08:57,577 | INFO | watchfiles.main | 1 change detected
2026-07-08 11:08:57,992 | INFO | watchfiles.main | 1 change detected
2026-07-08 11:08:58,395 | INFO | watchfiles.main | 1 change detected
2026-07-08 11:08:58,797 | INFO | watchfiles.main | 1 change detected
2026-07-08 11:08:59,150 | INFO | watchfiles.main | 1 change detected
2026-07-08 11:08:59,555 | INFO | watchfiles.main | 1 change detected
2026-07-08 11:08:59,965 | INFO | watchfiles.main | 1 change detected
2026-07-08 11:09:00,368 | INFO | watchfiles.main | 1 change detected
2026-07-08 11:09:00,785 | INFO | watchfiles.main | 1 change detected
2026-07-08 11:09:01,188 | INFO | watchfiles.main | 1 change detected
2026-07-08 11:09:01,599 | INFO | watchfiles.main | 1 change detected
2026-07-08 11:09:02,006 | INFO | watchfiles.main | 1 change detected
2026-07-08 11:09:02,417 | INFO | watchfiles.main | 1 change detected
2026-07-08 11:09:02,818 | INFO | watchfiles.main | 1 change detected
2026-07-08 11:09:03,222 | INFO | watchfiles.main | 1 change detected
2026-07-08 11:09:03,573 | INFO | watchfiles.main | 1 change detected
2026-07-08 11:09:03,979 | INFO | watchfiles.main | 1 change detected
2026-07-08 11:09:04,384 | INFO | watchfiles.main | 1 change detected
2026-07-08 11:09:04,749 | INFO | watchfiles.main | 1 change detected
2026-07-08 11:09:05,159 | INFO | watchfiles.main | 1 change detected
2026-07-08 11:09:05,517 | INFO | watchfiles.main | 1 change detected
2026-07-08 11:09:05,925 | INFO | watchfiles.main | 1 change detected
2026-07-08 11:09:06,340 | INFO | watchfiles.main | 1 change detected
2026-07-08 11:09:06,743 | INFO | watchfiles.main | 1 change detected
2026-07-08 11:09:07,100 | INFO | watchfiles.main | 1 change detected
2026-07-08 11:09:07,502 | INFO | watchfiles.main | 1 change detected
2026-07-08 11:09:07,912 | INFO | watchfiles.main | 1 change detected
2026-07-08 11:09:08,318 | INFO | watchfiles.main | 1 change detected
2026-07-08 11:09:08,722 | INFO | watchfiles.main | 1 change detected
2026-07-08 11:09:09,087 | INFO | watchfiles.main | 1 change detected
2026-07-08 11:09:09,500 | INFO | watchfiles.main | 1 change detected
2026-07-08 11:09:09,904 | INFO | watchfiles.main | 1 change detected
2026-07-08 11:09:10,261 | INFO | watchfiles.main | 1 change detected
2026-07-08 11:09:10,669 | INFO | watchfiles.main | 1 change detected
2026-07-08 11:09:11,078 | INFO | watchfiles.main | 1 change detected
2026-07-08 11:09:11,485 | INFO | watchfiles.main | 1 change detected
2026-07-08 11:09:11,837 | INFO | watchfiles.main | 1 change detected
2026-07-08 11:09:12,252 | INFO | watchfiles.main | 1 change detected
2026-07-08 11:09:12,656 | INFO | watchfiles.main | 1 change detected
2026-07-08 11:09:13,066 | INFO | watchfiles.main | 1 change detected
2026-07-08 11:09:13,430 | INFO | watchfiles.main | 1 change detected
2026-07-08 11:09:13,840 | INFO | watchfiles.main | 1 change detected
2026-07-08 11:09:14,395 | INFO | watchfiles.main | 1 change detected
2026-07-08 11:09:14,811 | INFO | watchfiles.main | 1 change detected
2026-07-08 11:09:15,213 | INFO | watchfiles.main | 1 change detected
2026-07-08 11:09:15,721 | INFO | watchfiles.main | 1 change detected
2026-07-08 11:09:16,123 | INFO | watchfiles.main | 1 change detected
2026-07-08 11:09:16,529 | INFO | watchfiles.main | 1 change detected
2026-07-08 11:09:16,883 | INFO | watchfiles.main | 1 change detected
2026-07-08 11:09:17,291 | INFO | watchfiles.main | 1 change detected
2026-07-08 11:09:17,704 | INFO | watchfiles.main | 1 change detected
2026-07-08 11:09:18,113 | INFO | watchfiles.main | 1 change detected
2026-07-08 11:09:18,465 | INFO | watchfiles.main | 1 change detected
2026-07-08 11:09:18,871 | INFO | watchfiles.main | 1 change detected
2026-07-08 11:09:19,380 | INFO | watchfiles.main | 1 change detected
2026-07-08 11:09:19,795 | INFO | watchfiles.main | 1 change detected
2026-07-08 11:09:20,216 | INFO | watchfiles.main | 1 change detected
2026-07-08 11:09:20,634 | INFO | watchfiles.main | 1 change detected
2026-07-08 11:09:21,045 | INFO | watchfiles.main | 1 change detected
2026-07-08 11:09:21,455 | INFO | watchfiles.main | 1 change detected
2026-07-08 11:09:21,857 | INFO | watchfiles.main | 1 change detected
2026-07-08 11:09:22,262 | INFO | watchfiles.main | 1 change detected
2026-07-08 11:09:22,665 | INFO | watchfiles.main | 1 change detected
2026-07-08 11:09:23,075 | INFO | watchfiles.main | 1 change detected
2026-07-08 11:09:23,434 | INFO | watchfiles.main | 1 change detected
2026-07-08 11:09:23,846 | INFO | watchfiles.main | 1 change detected
2026-07-08 11:09:24,257 | INFO | watchfiles.main | 1 change detected
2026-07-08 11:09:24,671 | INFO | watchfiles.main | 1 change detected
2026-07-08 11:09:25,078 | INFO | watchfiles.main | 1 change detected
2026-07-08 11:09:25,482 | INFO | watchfiles.main | 1 change detected
2026-07-08 11:09:25,888 | INFO | watchfiles.main | 1 change detected
2026-07-08 11:09:26,296 | INFO | watchfiles.main | 1 change detected
2026-07-08 11:09:26,653 | INFO | watchfiles.main | 1 change detected
2026-07-08 11:09:27,070 | INFO | watchfiles.main | 1 change detected
2026-07-08 11:09:27,477 | INFO | watchfiles.main | 1 change detected
2026-07-08 11:09:27,833 | INFO | watchfiles.main | 1 change detected
2026-07-08 11:09:28,294 | INFO | watchfiles.main | 1 change detected
2026-07-08 11:09:28,649 | INFO | watchfiles.main | 1 change detected
2026-07-08 11:09:29,063 | INFO | watchfiles.main | 1 change detected
2026-07-08 11:09:29,470 | INFO | watchfiles.main | 1 change detected
2026-07-08 11:09:29,834 | INFO | watchfiles.main | 1 change detected
2026-07-08 11:09:30,244 | INFO | watchfiles.main | 1 change detected
2026-07-08 11:09:30,605 | INFO | watchfiles.main | 1 change detected
2026-07-08 11:09:31,018 | INFO | watchfiles.main | 1 change detected
2026-07-08 11:09:31,630 | INFO | watchfiles.main | 1 change detected
2026-07-08 11:09:32,086 | INFO | watchfiles.main | 1 change detected
2026-07-08 11:09:32,494 | INFO | watchfiles.main | 1 change detected
2026-07-08 11:09:32,910 | INFO | watchfiles.main | 1 change detected
2026-07-08 11:09:33,396 | INFO | watchfiles.main | 1 change detected
2026-07-08 11:09:33,759 | INFO | watchfiles.main | 1 change detected
2026-07-08 11:09:34,270 | INFO | watchfiles.main | 1 change detected
2026-07-08 11:09:34,879 | INFO | watchfiles.main | 1 change detected
2026-07-08 11:09:35,291 | INFO | watchfiles.main | 1 change detected
2026-07-08 11:09:35,702 | INFO | watchfiles.main | 1 change detected
2026-07-08 11:09:36,111 | INFO | watchfiles.main | 1 change detected
2026-07-08 11:09:36,514 | INFO | watchfiles.main | 1 change detected
2026-07-08 11:09:36,873 | INFO | watchfiles.main | 1 change detected
2026-07-08 11:09:37,282 | INFO | watchfiles.main | 1 change detected
2026-07-08 11:09:37,687 | INFO | watchfiles.main | 1 change detected
2026-07-08 11:09:38,344 | INFO | watchfiles.main | 1 change detected
2026-07-08 11:09:38,698 | INFO | watchfiles.main | 1 change detected
2026-07-08 11:09:39,102 | INFO | watchfiles.main | 1 change detected
2026-07-08 11:09:39,491 | INFO | lmsguard.requests | OPTIONS /auth/firebase-session -> 200 0.29ms
2026-07-08 11:09:39,515 | INFO | watchfiles.main | 1 change detected
2026-07-08 11:09:39,695 | INFO | lmsguard.auth | successful firebase session user_id=1
2026-07-08 11:09:39,711 | INFO | lmsguard.requests | POST /auth/firebase-session -> 200 216.32ms
2026-07-08 11:09:39,784 | INFO | lmsguard.requests | GET /platform/notifications -> 200 3.47ms
2026-07-08 11:09:39,817 | INFO | lmsguard.requests | OPTIONS /platform/security-policy -> 200 0.22ms
2026-07-08 11:09:39,819 | INFO | lmsguard.requests | GET /platform/security-policy -> 200 5.41ms
2026-07-08 11:09:39,829 | INFO | lmsguard.requests | GET /platform/notifications -> 200 7.01ms
2026-07-08 11:09:39,831 | INFO | lmsguard.requests | GET /platform/security-policy -> 200 3.35ms
2026-07-08 11:09:39,869 | INFO | watchfiles.main | 4 changes detected
2026-07-08 11:09:40,331 | INFO | watchfiles.main | 1 change detected
2026-07-08 11:09:40,737 | INFO | watchfiles.main | 1 change detected
2026-07-08 11:09:41,141 | INFO | watchfiles.main | 1 change detected
2026-07-08 11:09:41,495 | INFO | watchfiles.main | 1 change detected
2026-07-08 11:09:41,910 | INFO | watchfiles.main | 1 change detected
2026-07-08 11:09:42,471 | INFO | watchfiles.main | 1 change detected
2026-07-08 11:09:42,838 | INFO | watchfiles.main | 1 change detected
2026-07-08 11:09:43,301 | INFO | lmsguard.requests | OPTIONS /health -> 200 0.52ms
2026-07-08 11:09:43,315 | INFO | lmsguard.requests | GET /health -> 200 6.22ms
2026-07-08 11:09:43,402 | INFO | watchfiles.main | 1 change detected
2026-07-08 11:09:43,544 | INFO | lmsguard.requests | GET /health -> 200 5.62ms
2026-07-08 11:09:43,762 | INFO | watchfiles.main | 1 change detected
2026-07-08 11:09:44,123 | INFO | watchfiles.main | 1 change detected
2026-07-08 11:09:44,410 | INFO | lmsguard.auth | successful firebase session user_id=1
2026-07-08 11:09:44,414 | INFO | lmsguard.requests | POST /auth/firebase-session -> 200 409.73ms
2026-07-08 11:09:44,417 | INFO | lmsguard.auth | successful firebase session user_id=1
2026-07-08 11:09:44,417 | INFO | lmsguard.requests | POST /auth/firebase-session -> 200 411.09ms
2026-07-08 11:09:44,484 | INFO | watchfiles.main | 4 changes detected
2026-07-08 11:09:44,939 | INFO | watchfiles.main | 1 change detected
2026-07-08 11:09:45,447 | INFO | watchfiles.main | 1 change detected
2026-07-08 11:09:45,854 | INFO | watchfiles.main | 1 change detected
2026-07-08 11:09:46,257 | INFO | watchfiles.main | 1 change detected
2026-07-08 11:09:46,665 | INFO | watchfiles.main | 1 change detected
2026-07-08 11:09:47,025 | INFO | watchfiles.main | 1 change detected
2026-07-08 11:09:47,436 | INFO | watchfiles.main | 1 change detected
2026-07-08 11:09:47,845 | INFO | watchfiles.main | 1 change detected
2026-07-08 11:09:48,199 | INFO | watchfiles.main | 1 change detected
2026-07-08 11:09:48,603 | INFO | watchfiles.main | 1 change detected
2026-07-08 11:09:49,009 | INFO | watchfiles.main | 1 change detected
2026-07-08 11:09:49,411 | INFO | watchfiles.main | 1 change detected
2026-07-08 11:09:49,818 | INFO | watchfiles.main | 1 change detected
2026-07-08 11:09:50,222 | INFO | watchfiles.main | 1 change detected
2026-07-08 11:09:50,580 | INFO | watchfiles.main | 1 change detected
2026-07-08 11:09:50,991 | INFO | watchfiles.main | 1 change detected
2026-07-08 11:09:51,395 | INFO | watchfiles.main | 1 change detected
2026-07-08 11:09:51,805 | INFO | watchfiles.main | 1 change detected
2026-07-08 11:09:52,213 | INFO | watchfiles.main | 1 change detected
2026-07-08 11:09:52,566 | INFO | watchfiles.main | 1 change detected
2026-07-08 11:09:52,971 | INFO | watchfiles.main | 1 change detected
2026-07-08 11:09:53,375 | INFO | watchfiles.main | 1 change detected
2026-07-08 11:09:53,781 | INFO | watchfiles.main | 1 change detected
2026-07-08 11:09:54,185 | INFO | watchfiles.main | 1 change detected
2026-07-08 11:09:54,595 | INFO | watchfiles.main | 1 change detected
2026-07-08 11:09:55,001 | INFO | watchfiles.main | 1 change detected
2026-07-08 11:09:55,354 | INFO | lmsguard.requests | GET /platform/notifications -> 200 12.88ms
2026-07-08 11:09:55,359 | INFO | watchfiles.main | 1 change detected
2026-07-08 11:09:55,711 | INFO | watchfiles.main | 1 change detected
2026-07-08 11:10:10,667 | INFO | lmsguard.requests | GET /platform/notifications -> 200 8.13ms
2026-07-08 11:10:10,759 | INFO | watchfiles.main | 1 change detected
2026-07-08 11:10:11,115 | INFO | watchfiles.main | 1 change detected
2026-07-08 11:10:11,469 | INFO | watchfiles.main | 1 change detected
2026-07-08 11:10:11,824 | INFO | watchfiles.main | 1 change detected
2026-07-08 11:10:12,187 | INFO | watchfiles.main | 1 change detected
2026-07-08 11:10:12,595 | INFO | watchfiles.main | 1 change detected
2026-07-08 11:10:12,951 | INFO | watchfiles.main | 1 change detected
2026-07-08 11:10:13,360 | INFO | watchfiles.main | 1 change detected
2026-07-08 11:10:13,777 | INFO | watchfiles.main | 1 change detected
2026-07-08 11:10:14,178 | INFO | watchfiles.main | 1 change detected
2026-07-08 11:10:14,532 | INFO | watchfiles.main | 1 change detected
2026-07-08 11:10:14,935 | INFO | watchfiles.main | 1 change detected
2026-07-08 11:10:15,338 | INFO | watchfiles.main | 1 change detected
2026-07-08 11:10:15,741 | INFO | watchfiles.main | 1 change detected
2026-07-08 11:10:16,148 | INFO | watchfiles.main | 1 change detected
2026-07-08 11:10:16,610 | INFO | watchfiles.main | 1 change detected
2026-07-08 11:10:16,966 | INFO | watchfiles.main | 1 change detected
2026-07-08 11:10:17,384 | INFO | watchfiles.main | 1 change detected
2026-07-08 11:10:17,740 | INFO | watchfiles.main | 1 change detected
2026-07-08 11:10:18,146 | INFO | watchfiles.main | 1 change detected
2026-07-08 11:10:18,547 | INFO | watchfiles.main | 1 change detected
2026-07-08 11:10:18,949 | INFO | watchfiles.main | 1 change detected
2026-07-08 11:10:19,362 | INFO | watchfiles.main | 1 change detected
2026-07-08 11:10:19,718 | INFO | watchfiles.main | 1 change detected
2026-07-08 11:10:20,120 | INFO | watchfiles.main | 1 change detected
2026-07-08 11:10:20,532 | INFO | watchfiles.main | 1 change detected
2026-07-08 11:10:20,892 | INFO | watchfiles.main | 1 change detected
2026-07-08 11:10:21,303 | INFO | watchfiles.main | 1 change detected
2026-07-08 11:10:21,709 | INFO | watchfiles.main | 1 change detected
2026-07-08 11:10:22,113 | INFO | watchfiles.main | 1 change detected
2026-07-08 11:10:22,529 | INFO | watchfiles.main | 1 change detected
2026-07-08 11:10:22,936 | INFO | watchfiles.main | 1 change detected
2026-07-08 11:10:23,347 | INFO | watchfiles.main | 1 change detected
2026-07-08 11:10:23,751 | INFO | watchfiles.main | 1 change detected
2026-07-08 11:10:24,160 | INFO | watchfiles.main | 1 change detected
2026-07-08 11:10:24,572 | INFO | watchfiles.main | 1 change detected
2026-07-08 11:10:24,924 | INFO | watchfiles.main | 1 change detected
2026-07-08 11:10:25,327 | INFO | watchfiles.main | 1 change detected
2026-07-08 11:10:25,351 | INFO | lmsguard.requests | GET /platform/notifications -> 200 4.88ms
2026-07-08 11:10:25,686 | INFO | watchfiles.main | 1 change detected
2026-07-08 11:10:40,671 | INFO | lmsguard.requests | GET /platform/notifications -> 200 2.71ms
2026-07-08 11:10:40,741 | INFO | watchfiles.main | 1 change detected
2026-07-08 11:10:41,107 | INFO | watchfiles.main | 1 change detected
2026-07-08 11:10:41,509 | INFO | watchfiles.main | 1 change detected
2026-07-08 11:10:41,873 | INFO | watchfiles.main | 1 change detected
2026-07-08 11:10:42,276 | INFO | watchfiles.main | 1 change detected
2026-07-08 11:10:42,681 | INFO | watchfiles.main | 1 change detected
2026-07-08 11:10:43,084 | INFO | watchfiles.main | 1 change detected
2026-07-08 11:10:43,499 | INFO | watchfiles.main | 1 change detected
2026-07-08 11:10:43,908 | INFO | watchfiles.main | 1 change detected
2026-07-08 11:10:44,314 | INFO | watchfiles.main | 1 change detected
2026-07-08 11:10:44,678 | INFO | watchfiles.main | 1 change detected
2026-07-08 11:10:45,080 | INFO | watchfiles.main | 1 change detected
2026-07-08 11:10:45,496 | INFO | watchfiles.main | 1 change detected
2026-07-08 11:10:45,913 | INFO | watchfiles.main | 1 change detected
2026-07-08 11:10:46,319 | INFO | watchfiles.main | 1 change detected
2026-07-08 11:10:46,684 | INFO | watchfiles.main | 1 change detected
2026-07-08 11:10:47,101 | INFO | watchfiles.main | 1 change detected
2026-07-08 11:10:47,510 | INFO | watchfiles.main | 1 change detected
2026-07-08 11:10:47,916 | INFO | watchfiles.main | 1 change detected
2026-07-08 11:10:48,331 | INFO | watchfiles.main | 1 change detected
2026-07-08 11:10:48,695 | INFO | watchfiles.main | 1 change detected
2026-07-08 11:10:49,109 | INFO | watchfiles.main | 1 change detected
2026-07-08 11:10:49,524 | INFO | watchfiles.main | 1 change detected
2026-07-08 11:10:49,940 | INFO | watchfiles.main | 1 change detected
2026-07-08 11:10:50,307 | INFO | watchfiles.main | 1 change detected
2026-07-08 11:10:50,723 | INFO | watchfiles.main | 1 change detected
2026-07-08 11:10:51,131 | INFO | watchfiles.main | 1 change detected
2026-07-08 11:10:51,540 | INFO | watchfiles.main | 1 change detected
2026-07-08 11:10:51,943 | INFO | watchfiles.main | 1 change detected
2026-07-08 11:10:52,308 | INFO | watchfiles.main | 1 change detected
2026-07-08 11:10:52,712 | INFO | watchfiles.main | 1 change detected
2026-07-08 11:10:53,127 | INFO | watchfiles.main | 1 change detected
2026-07-08 11:10:53,542 | INFO | watchfiles.main | 1 change detected
2026-07-08 11:10:53,908 | INFO | watchfiles.main | 1 change detected
2026-07-08 11:10:54,319 | INFO | watchfiles.main | 1 change detected
2026-07-08 11:10:54,727 | INFO | watchfiles.main | 1 change detected
2026-07-08 11:10:55,132 | INFO | watchfiles.main | 1 change detected
2026-07-08 11:10:55,354 | INFO | lmsguard.requests | GET /platform/notifications -> 200 3.98ms
2026-07-08 11:10:55,491 | INFO | watchfiles.main | 1 change detected
2026-07-08 11:10:55,857 | INFO | watchfiles.main | 1 change detected
2026-07-08 11:10:56,213 | INFO | watchfiles.main | 1 change detected
2026-07-08 11:10:56,615 | INFO | watchfiles.main | 1 change detected
2026-07-08 11:10:57,020 | INFO | watchfiles.main | 1 change detected
2026-07-08 11:10:57,433 | INFO | watchfiles.main | 1 change detected
2026-07-08 11:10:57,787 | INFO | watchfiles.main | 1 change detected
2026-07-08 11:10:58,193 | INFO | watchfiles.main | 1 change detected
2026-07-08 11:10:58,606 | INFO | watchfiles.main | 1 change detected
2026-07-08 11:10:58,970 | INFO | watchfiles.main | 1 change detected
2026-07-08 11:10:59,387 | INFO | watchfiles.main | 1 change detected
2026-07-08 11:10:59,801 | INFO | watchfiles.main | 1 change detected
2026-07-08 11:11:00,164 | INFO | watchfiles.main | 1 change detected
2026-07-08 11:11:00,580 | INFO | watchfiles.main | 1 change detected
2026-07-08 11:11:00,994 | INFO | watchfiles.main | 1 change detected
2026-07-08 11:11:01,403 | INFO | watchfiles.main | 1 change detected
2026-07-08 11:11:01,807 | INFO | watchfiles.main | 1 change detected
2026-07-08 11:11:02,209 | INFO | watchfiles.main | 1 change detected
2026-07-08 11:11:02,623 | INFO | watchfiles.main | 1 change detected
2026-07-08 11:11:02,986 | INFO | watchfiles.main | 1 change detected
2026-07-08 11:11:03,397 | INFO | watchfiles.main | 1 change detected
2026-07-08 11:11:03,807 | INFO | watchfiles.main | 1 change detected
2026-07-08 11:11:04,222 | INFO | watchfiles.main | 1 change detected
2026-07-08 11:11:04,625 | INFO | watchfiles.main | 1 change detected
2026-07-08 11:11:04,990 | INFO | watchfiles.main | 1 change detected
2026-07-08 11:11:05,397 | INFO | watchfiles.main | 1 change detected
2026-07-08 11:11:05,801 | INFO | watchfiles.main | 1 change detected
2026-07-08 11:11:06,204 | INFO | watchfiles.main | 1 change detected
2026-07-08 11:11:06,567 | INFO | watchfiles.main | 1 change detected
2026-07-08 11:11:06,969 | INFO | watchfiles.main | 1 change detected
2026-07-08 11:11:07,380 | INFO | watchfiles.main | 1 change detected
2026-07-08 11:11:07,784 | INFO | watchfiles.main | 1 change detected
2026-07-08 11:11:08,189 | INFO | watchfiles.main | 1 change detected
2026-07-08 11:11:08,608 | INFO | watchfiles.main | 1 change detected
2026-07-08 11:11:08,974 | INFO | watchfiles.main | 1 change detected
2026-07-08 11:11:09,388 | INFO | watchfiles.main | 1 change detected
2026-07-08 11:11:09,797 | INFO | watchfiles.main | 1 change detected
2026-07-08 11:11:10,154 | INFO | watchfiles.main | 1 change detected
2026-07-08 11:11:10,566 | INFO | watchfiles.main | 1 change detected
2026-07-08 11:11:10,658 | INFO | lmsguard.requests | GET /platform/notifications -> 200 4.28ms
2026-07-08 11:11:10,926 | INFO | watchfiles.main | 1 change detected
2026-07-08 11:11:11,289 | INFO | watchfiles.main | 1 change detected
2026-07-08 11:11:11,641 | INFO | watchfiles.main | 1 change detected
2026-07-08 11:11:12,003 | INFO | watchfiles.main | 1 change detected
2026-07-08 11:11:12,367 | INFO | watchfiles.main | 1 change detected
2026-07-08 11:11:12,732 | INFO | watchfiles.main | 1 change detected
2026-07-08 11:11:13,144 | INFO | watchfiles.main | 1 change detected
2026-07-08 11:11:13,507 | INFO | watchfiles.main | 1 change detected
2026-07-08 11:11:13,919 | INFO | watchfiles.main | 1 change detected
2026-07-08 11:11:14,329 | INFO | watchfiles.main | 1 change detected
2026-07-08 11:11:14,688 | INFO | watchfiles.main | 1 change detected
2026-07-08 11:11:15,104 | INFO | watchfiles.main | 1 change detected
2026-07-08 11:11:15,518 | INFO | watchfiles.main | 1 change detected
2026-07-08 11:11:15,931 | INFO | watchfiles.main | 1 change detected
2026-07-08 11:11:16,337 | INFO | watchfiles.main | 1 change detected
2026-07-08 11:11:16,746 | INFO | watchfiles.main | 1 change detected
2026-07-08 11:11:17,149 | INFO | watchfiles.main | 1 change detected
2026-07-08 11:11:17,551 | INFO | watchfiles.main | 1 change detected
2026-07-08 11:11:17,968 | INFO | watchfiles.main | 1 change detected
2026-07-08 11:11:18,371 | INFO | watchfiles.main | 1 change detected
2026-07-08 11:11:18,725 | INFO | watchfiles.main | 1 change detected
2026-07-08 11:11:19,132 | INFO | watchfiles.main | 1 change detected
2026-07-08 11:11:19,549 | INFO | watchfiles.main | 1 change detected
2026-07-08 11:11:19,970 | INFO | watchfiles.main | 1 change detected
2026-07-08 11:11:20,324 | INFO | watchfiles.main | 1 change detected
2026-07-08 11:11:20,745 | INFO | watchfiles.main | 1 change detected
2026-07-08 11:11:21,113 | INFO | watchfiles.main | 1 change detected
2026-07-08 11:11:21,517 | INFO | watchfiles.main | 1 change detected
2026-07-08 11:11:21,924 | INFO | watchfiles.main | 1 change detected
2026-07-08 11:11:22,337 | INFO | watchfiles.main | 1 change detected
2026-07-08 11:11:22,749 | INFO | watchfiles.main | 1 change detected
2026-07-08 11:11:23,152 | INFO | watchfiles.main | 1 change detected
2026-07-08 11:11:23,556 | INFO | watchfiles.main | 1 change detected
2026-07-08 11:11:23,970 | INFO | watchfiles.main | 1 change detected
2026-07-08 11:11:24,378 | INFO | watchfiles.main | 1 change detected
2026-07-08 11:11:24,791 | INFO | watchfiles.main | 1 change detected
2026-07-08 11:11:25,203 | INFO | watchfiles.main | 1 change detected
2026-07-08 11:11:25,621 | INFO | watchfiles.main | 1 change detected
2026-07-08 11:11:26,041 | INFO | watchfiles.main | 1 change detected
2026-07-08 11:11:26,444 | INFO | watchfiles.main | 1 change detected
2026-07-08 11:11:26,857 | INFO | watchfiles.main | 1 change detected
2026-07-08 11:11:27,261 | INFO | watchfiles.main | 1 change detected
2026-07-08 11:11:27,665 | INFO | watchfiles.main | 1 change detected
2026-07-08 11:11:28,075 | INFO | watchfiles.main | 1 change detected
2026-07-08 11:11:28,486 | INFO | watchfiles.main | 1 change detected
2026-07-08 11:11:28,940 | INFO | watchfiles.main | 1 change detected
2026-07-08 11:11:29,299 | INFO | watchfiles.main | 1 change detected
2026-07-08 11:11:29,711 | INFO | watchfiles.main | 1 change detected
2026-07-08 11:11:30,121 | INFO | watchfiles.main | 1 change detected
2026-07-08 11:11:30,532 | INFO | watchfiles.main | 1 change detected
2026-07-08 11:11:30,951 | INFO | watchfiles.main | 1 change detected
2026-07-08 11:11:31,309 | INFO | watchfiles.main | 1 change detected
2026-07-08 11:11:31,763 | INFO | watchfiles.main | 1 change detected
2026-07-08 11:11:32,121 | INFO | watchfiles.main | 1 change detected
2026-07-08 11:11:32,531 | INFO | watchfiles.main | 1 change detected
2026-07-08 11:11:32,987 | INFO | watchfiles.main | 1 change detected
2026-07-08 11:11:33,349 | INFO | watchfiles.main | 1 change detected
2026-07-08 11:11:33,763 | INFO | watchfiles.main | 1 change detected
2026-07-08 11:11:34,168 | INFO | watchfiles.main | 1 change detected
2026-07-08 11:11:34,587 | INFO | watchfiles.main | 1 change detected
2026-07-08 11:11:35,000 | INFO | watchfiles.main | 1 change detected
2026-07-08 11:11:35,410 | INFO | watchfiles.main | 1 change detected
2026-07-08 11:11:35,864 | INFO | watchfiles.main | 1 change detected
2026-07-08 11:11:36,231 | INFO | watchfiles.main | 1 change detected
2026-07-08 11:11:36,644 | INFO | watchfiles.main | 1 change detected
2026-07-08 11:11:37,063 | INFO | watchfiles.main | 1 change detected
2026-07-08 11:11:37,483 | INFO | watchfiles.main | 1 change detected
2026-07-08 11:11:37,900 | INFO | watchfiles.main | 1 change detected
2026-07-08 11:11:38,310 | INFO | watchfiles.main | 1 change detected
2026-07-08 11:11:38,722 | INFO | watchfiles.main | 1 change detected
2026-07-08 11:11:39,135 | INFO | watchfiles.main | 1 change detected
2026-07-08 11:11:39,503 | INFO | watchfiles.main | 1 change detected
2026-07-08 11:11:39,907 | INFO | watchfiles.main | 1 change detected
2026-07-08 11:11:40,317 | INFO | watchfiles.main | 1 change detected
2026-07-08 11:11:40,728 | INFO | watchfiles.main | 1 change detected
2026-07-08 11:11:41,137 | INFO | watchfiles.main | 1 change detected
2026-07-08 11:11:41,546 | INFO | watchfiles.main | 1 change detected
2026-07-08 11:11:41,949 | INFO | watchfiles.main | 1 change detected
2026-07-08 11:11:42,355 | INFO | watchfiles.main | 1 change detected
2026-07-08 11:11:42,758 | INFO | watchfiles.main | 1 change detected
2026-07-08 11:11:43,167 | INFO | watchfiles.main | 1 change detected
2026-07-08 11:11:43,579 | INFO | watchfiles.main | 1 change detected
2026-07-08 11:11:43,997 | INFO | watchfiles.main | 1 change detected
2026-07-08 11:11:44,359 | INFO | watchfiles.main | 1 change detected
2026-07-08 11:11:44,821 | INFO | watchfiles.main | 1 change detected
2026-07-08 11:11:45,224 | INFO | watchfiles.main | 1 change detected
2026-07-08 11:11:45,626 | INFO | watchfiles.main | 1 change detected
2026-07-08 11:11:46,043 | INFO | watchfiles.main | 1 change detected
2026-07-08 11:11:46,403 | INFO | watchfiles.main | 1 change detected
2026-07-08 11:11:46,817 | INFO | watchfiles.main | 1 change detected
2026-07-08 11:11:47,230 | INFO | watchfiles.main | 1 change detected
2026-07-08 11:11:47,649 | INFO | watchfiles.main | 1 change detected
2026-07-08 11:11:48,056 | INFO | watchfiles.main | 1 change detected
2026-07-08 11:11:48,351 | INFO | lmsguard.requests | GET /platform/notifications -> 200 4.32ms
2026-07-08 11:11:48,408 | INFO | watchfiles.main | 1 change detected
2026-07-08 11:11:48,772 | INFO | watchfiles.main | 1 change detected
2026-07-08 11:11:49,134 | INFO | watchfiles.main | 1 change detected
2026-07-08 11:11:49,496 | INFO | watchfiles.main | 1 change detected
2026-07-08 11:11:49,857 | INFO | watchfiles.main | 1 change detected
2026-07-08 11:11:50,216 | INFO | watchfiles.main | 1 change detected
2026-07-08 11:11:50,577 | INFO | watchfiles.main | 1 change detected
2026-07-08 11:11:50,933 | INFO | watchfiles.main | 1 change detected
2026-07-08 11:11:51,345 | INFO | watchfiles.main | 1 change detected
2026-07-08 11:11:51,750 | INFO | watchfiles.main | 1 change detected
2026-07-08 11:11:52,205 | INFO | watchfiles.main | 1 change detected
2026-07-08 11:11:52,615 | INFO | watchfiles.main | 1 change detected
2026-07-08 11:11:53,024 | INFO | watchfiles.main | 1 change detected
2026-07-08 11:11:53,391 | INFO | watchfiles.main | 1 change detected
2026-07-08 11:11:53,804 | INFO | watchfiles.main | 1 change detected
2026-07-08 11:11:54,206 | INFO | watchfiles.main | 1 change detected
2026-07-08 11:11:54,619 | INFO | watchfiles.main | 1 change detected
2026-07-08 11:11:55,023 | INFO | watchfiles.main | 1 change detected
2026-07-08 11:11:55,426 | INFO | watchfiles.main | 1 change detected
2026-07-08 11:11:55,837 | INFO | watchfiles.main | 1 change detected
2026-07-08 11:11:56,240 | INFO | watchfiles.main | 1 change detected
2026-07-08 11:11:56,657 | INFO | watchfiles.main | 1 change detected
2026-07-08 11:11:57,074 | INFO | watchfiles.main | 1 change detected
2026-07-08 11:11:57,479 | INFO | watchfiles.main | 1 change detected
2026-07-08 11:11:57,890 | INFO | watchfiles.main | 1 change detected
2026-07-08 11:11:58,258 | INFO | watchfiles.main | 1 change detected
2026-07-08 11:11:58,672 | INFO | watchfiles.main | 1 change detected
2026-07-08 11:11:59,092 | INFO | watchfiles.main | 1 change detected
2026-07-08 11:11:59,510 | INFO | watchfiles.main | 1 change detected
2026-07-08 11:11:59,871 | INFO | watchfiles.main | 1 change detected
2026-07-08 11:12:00,284 | INFO | watchfiles.main | 1 change detected
2026-07-08 11:12:00,695 | INFO | watchfiles.main | 1 change detected
2026-07-08 11:12:01,104 | INFO | watchfiles.main | 1 change detected
2026-07-08 11:12:01,507 | INFO | watchfiles.main | 1 change detected
2026-07-08 11:12:01,909 | INFO | watchfiles.main | 1 change detected
2026-07-08 11:12:02,324 | INFO | watchfiles.main | 1 change detected
2026-07-08 11:12:02,740 | INFO | watchfiles.main | 1 change detected
2026-07-08 11:12:03,151 | INFO | watchfiles.main | 1 change detected
2026-07-08 11:12:03,505 | INFO | watchfiles.main | 1 change detected
2026-07-08 11:12:03,917 | INFO | watchfiles.main | 1 change detected
2026-07-08 11:12:04,329 | INFO | watchfiles.main | 1 change detected
2026-07-08 11:12:04,734 | INFO | watchfiles.main | 1 change detected
2026-07-08 11:12:05,106 | INFO | watchfiles.main | 1 change detected
2026-07-08 11:12:05,509 | INFO | watchfiles.main | 1 change detected
2026-07-08 11:12:05,921 | INFO | watchfiles.main | 1 change detected
2026-07-08 11:12:06,324 | INFO | watchfiles.main | 1 change detected
2026-07-08 11:12:06,727 | INFO | watchfiles.main | 1 change detected
2026-07-08 11:12:07,131 | INFO | watchfiles.main | 1 change detected
2026-07-08 11:12:07,550 | INFO | watchfiles.main | 1 change detected
2026-07-08 11:12:07,961 | INFO | watchfiles.main | 1 change detected
2026-07-08 11:12:08,364 | INFO | watchfiles.main | 1 change detected
2026-07-08 11:12:08,774 | INFO | watchfiles.main | 1 change detected
2026-07-08 11:12:09,185 | INFO | watchfiles.main | 1 change detected
2026-07-08 11:12:09,589 | INFO | watchfiles.main | 1 change detected
2026-07-08 11:12:10,002 | INFO | watchfiles.main | 1 change detected
2026-07-08 11:12:10,404 | INFO | watchfiles.main | 1 change detected
2026-07-08 11:12:10,813 | INFO | watchfiles.main | 1 change detected
2026-07-08 11:12:11,219 | INFO | watchfiles.main | 1 change detected
2026-07-08 11:12:11,631 | INFO | watchfiles.main | 1 change detected
2026-07-08 11:12:12,039 | INFO | watchfiles.main | 1 change detected
2026-07-08 11:12:12,442 | INFO | watchfiles.main | 1 change detected
2026-07-08 11:12:12,846 | INFO | watchfiles.main | 1 change detected
2026-07-08 11:12:13,258 | INFO | watchfiles.main | 1 change detected
2026-07-08 11:12:13,661 | INFO | watchfiles.main | 1 change detected
2026-07-08 11:12:14,020 | INFO | watchfiles.main | 1 change detected
2026-07-08 11:12:14,435 | INFO | watchfiles.main | 1 change detected
2026-07-08 11:12:14,852 | INFO | watchfiles.main | 1 change detected
2026-07-08 11:12:15,265 | INFO | watchfiles.main | 1 change detected
2026-07-08 11:12:15,677 | INFO | watchfiles.main | 1 change detected
2026-07-08 11:12:16,089 | INFO | watchfiles.main | 1 change detected
2026-07-08 11:12:16,507 | INFO | watchfiles.main | 1 change detected
2026-07-08 11:12:16,924 | INFO | watchfiles.main | 1 change detected
2026-07-08 11:12:17,337 | INFO | watchfiles.main | 1 change detected
2026-07-08 11:12:17,746 | INFO | watchfiles.main | 1 change detected
2026-07-08 11:12:18,150 | INFO | watchfiles.main | 1 change detected
2026-07-08 11:12:18,507 | INFO | watchfiles.main | 1 change detected
2026-07-08 11:12:18,965 | INFO | watchfiles.main | 1 change detected
2026-07-08 11:12:19,373 | INFO | watchfiles.main | 1 change detected
2026-07-08 11:12:19,777 | INFO | watchfiles.main | 1 change detected
2026-07-08 11:12:20,230 | INFO | watchfiles.main | 1 change detected
2026-07-08 11:12:20,647 | INFO | watchfiles.main | 1 change detected
2026-07-08 11:12:21,057 | INFO | watchfiles.main | 1 change detected
2026-07-08 11:12:21,474 | INFO | watchfiles.main | 1 change detected
2026-07-08 11:12:21,876 | INFO | watchfiles.main | 1 change detected
2026-07-08 11:12:22,289 | INFO | watchfiles.main | 1 change detected
2026-07-08 11:12:22,659 | INFO | watchfiles.main | 1 change detected
2026-07-08 11:12:23,069 | INFO | watchfiles.main | 1 change detected
2026-07-08 11:12:23,487 | INFO | watchfiles.main | 1 change detected
2026-07-08 11:12:23,892 | INFO | watchfiles.main | 1 change detected
2026-07-08 11:12:24,309 | INFO | watchfiles.main | 1 change detected
2026-07-08 11:12:24,714 | INFO | watchfiles.main | 1 change detected
2026-07-08 11:12:25,116 | INFO | watchfiles.main | 1 change detected
2026-07-08 11:12:25,536 | INFO | watchfiles.main | 1 change detected
2026-07-08 11:12:25,942 | INFO | watchfiles.main | 1 change detected
2026-07-08 11:12:26,345 | INFO | watchfiles.main | 1 change detected
2026-07-08 11:12:26,747 | INFO | watchfiles.main | 1 change detected
2026-07-08 11:12:27,172 | INFO | watchfiles.main | 1 change detected
2026-07-08 11:12:27,584 | INFO | watchfiles.main | 1 change detected
2026-07-08 11:12:27,987 | INFO | watchfiles.main | 1 change detected
2026-07-08 11:12:28,404 | INFO | watchfiles.main | 1 change detected
2026-07-08 11:12:28,815 | INFO | watchfiles.main | 1 change detected
2026-07-08 11:12:29,219 | INFO | watchfiles.main | 1 change detected
2026-07-08 11:12:29,588 | INFO | watchfiles.main | 1 change detected
2026-07-08 11:12:29,994 | INFO | watchfiles.main | 1 change detected
2026-07-08 11:12:30,452 | INFO | watchfiles.main | 1 change detected
2026-07-08 11:12:30,861 | INFO | watchfiles.main | 1 change detected
2026-07-08 11:12:31,280 | INFO | watchfiles.main | 1 change detected
2026-07-08 11:12:31,705 | INFO | watchfiles.main | 1 change detected
2026-07-08 11:12:32,124 | INFO | watchfiles.main | 1 change detected
2026-07-08 11:12:32,534 | INFO | watchfiles.main | 1 change detected
2026-07-08 11:12:32,937 | INFO | watchfiles.main | 1 change detected
2026-07-08 11:12:33,339 | INFO | watchfiles.main | 1 change detected
2026-07-08 11:12:33,744 | INFO | watchfiles.main | 1 change detected
2026-07-08 11:12:34,154 | INFO | watchfiles.main | 1 change detected
2026-07-08 11:12:34,558 | INFO | watchfiles.main | 1 change detected
2026-07-08 11:12:35,013 | INFO | watchfiles.main | 1 change detected
2026-07-08 11:12:35,415 | INFO | watchfiles.main | 1 change detected
2026-07-08 11:12:35,818 | INFO | watchfiles.main | 1 change detected
2026-07-08 11:12:36,221 | INFO | watchfiles.main | 1 change detected
2026-07-08 11:12:36,627 | INFO | watchfiles.main | 1 change detected
2026-07-08 11:12:37,047 | INFO | watchfiles.main | 1 change detected
2026-07-08 11:12:37,455 | INFO | watchfiles.main | 1 change detected
2026-07-08 11:12:37,868 | INFO | watchfiles.main | 1 change detected
2026-07-08 11:12:38,282 | INFO | watchfiles.main | 1 change detected
2026-07-08 11:12:38,686 | INFO | watchfiles.main | 1 change detected
2026-07-08 11:12:39,095 | INFO | watchfiles.main | 1 change detected
2026-07-08 11:12:39,511 | INFO | watchfiles.main | 1 change detected
2026-07-08 11:12:39,874 | INFO | watchfiles.main | 1 change detected
2026-07-08 11:12:40,340 | INFO | watchfiles.main | 1 change detected
2026-07-08 11:12:40,711 | INFO | watchfiles.main | 1 change detected
2026-07-08 11:12:41,121 | INFO | watchfiles.main | 1 change detected
2026-07-08 11:12:41,523 | INFO | watchfiles.main | 1 change detected
2026-07-08 11:12:41,928 | INFO | watchfiles.main | 1 change detected
2026-07-08 11:12:42,344 | INFO | watchfiles.main | 1 change detected
2026-07-08 11:12:42,757 | INFO | watchfiles.main | 1 change detected
2026-07-08 11:12:43,174 | INFO | watchfiles.main | 1 change detected
2026-07-08 11:12:43,590 | INFO | watchfiles.main | 1 change detected
2026-07-08 11:12:43,993 | INFO | watchfiles.main | 1 change detected
2026-07-08 11:12:44,404 | INFO | watchfiles.main | 1 change detected
2026-07-08 11:12:44,816 | INFO | watchfiles.main | 1 change detected
2026-07-08 11:12:45,219 | INFO | watchfiles.main | 1 change detected
2026-07-08 11:12:45,639 | INFO | watchfiles.main | 1 change detected
2026-07-08 11:12:46,050 | INFO | watchfiles.main | 1 change detected
2026-07-08 11:12:46,469 | INFO | watchfiles.main | 1 change detected
2026-07-08 11:12:46,876 | INFO | watchfiles.main | 1 change detected
2026-07-08 11:12:47,235 | INFO | watchfiles.main | 1 change detected
2026-07-08 11:12:47,643 | INFO | watchfiles.main | 1 change detected
2026-07-08 11:12:48,055 | INFO | watchfiles.main | 1 change detected
2026-07-08 11:12:48,465 | INFO | watchfiles.main | 1 change detected
2026-07-08 11:12:48,666 | INFO | lmsguard.requests | GET /platform/notifications -> 200 5.71ms
2026-07-08 11:12:48,827 | INFO | watchfiles.main | 1 change detected
2026-07-08 11:12:49,190 | INFO | watchfiles.main | 1 change detected
2026-07-08 11:12:49,544 | INFO | watchfiles.main | 1 change detected
2026-07-08 11:12:49,959 | INFO | watchfiles.main | 1 change detected
2026-07-08 11:12:50,373 | INFO | watchfiles.main | 1 change detected
2026-07-08 11:12:50,777 | INFO | watchfiles.main | 1 change detected
2026-07-08 11:12:51,197 | INFO | watchfiles.main | 1 change detected
2026-07-08 11:12:51,607 | INFO | watchfiles.main | 1 change detected
2026-07-08 11:12:52,017 | INFO | watchfiles.main | 1 change detected
2026-07-08 11:12:52,421 | INFO | watchfiles.main | 1 change detected
2026-07-08 11:12:52,835 | INFO | watchfiles.main | 1 change detected
2026-07-08 11:12:53,239 | INFO | watchfiles.main | 1 change detected
2026-07-08 11:12:53,642 | INFO | watchfiles.main | 1 change detected
2026-07-08 11:12:54,061 | INFO | watchfiles.main | 1 change detected
2026-07-08 11:12:54,473 | INFO | watchfiles.main | 1 change detected
2026-07-08 11:12:54,875 | INFO | watchfiles.main | 1 change detected
2026-07-08 11:12:55,290 | INFO | watchfiles.main | 1 change detected
2026-07-08 11:12:55,716 | INFO | watchfiles.main | 1 change detected
2026-07-08 11:12:56,119 | INFO | watchfiles.main | 1 change detected
2026-07-08 11:12:56,530 | INFO | watchfiles.main | 1 change detected
2026-07-08 11:12:56,897 | INFO | watchfiles.main | 1 change detected
2026-07-08 11:12:57,307 | INFO | watchfiles.main | 1 change detected
2026-07-08 11:12:57,717 | INFO | watchfiles.main | 1 change detected
2026-07-08 11:12:58,123 | INFO | watchfiles.main | 1 change detected
2026-07-08 11:12:58,535 | INFO | watchfiles.main | 1 change detected
2026-07-08 11:12:58,945 | INFO | watchfiles.main | 1 change detected
2026-07-08 11:12:59,363 | INFO | watchfiles.main | 1 change detected
2026-07-08 11:12:59,722 | INFO | watchfiles.main | 1 change detected
2026-07-08 11:13:00,133 | INFO | watchfiles.main | 1 change detected
2026-07-08 11:13:00,549 | INFO | watchfiles.main | 1 change detected
2026-07-08 11:13:00,961 | INFO | watchfiles.main | 1 change detected
2026-07-08 11:13:01,375 | INFO | watchfiles.main | 1 change detected
2026-07-08 11:13:01,779 | INFO | watchfiles.main | 1 change detected
2026-07-08 11:13:02,184 | INFO | watchfiles.main | 1 change detected
2026-07-08 11:13:02,587 | INFO | watchfiles.main | 1 change detected
2026-07-08 11:13:03,044 | INFO | watchfiles.main | 1 change detected
2026-07-08 11:13:03,461 | INFO | watchfiles.main | 1 change detected
2026-07-08 11:13:03,870 | INFO | watchfiles.main | 1 change detected
2026-07-08 11:13:04,241 | INFO | watchfiles.main | 1 change detected
2026-07-08 11:13:04,653 | INFO | watchfiles.main | 1 change detected
2026-07-08 11:13:05,072 | INFO | watchfiles.main | 1 change detected
2026-07-08 11:13:05,491 | INFO | watchfiles.main | 1 change detected
2026-07-08 11:13:05,908 | INFO | watchfiles.main | 1 change detected
2026-07-08 11:13:06,275 | INFO | watchfiles.main | 1 change detected
2026-07-08 11:13:06,689 | INFO | watchfiles.main | 1 change detected
2026-07-08 11:13:07,143 | INFO | watchfiles.main | 1 change detected
2026-07-08 11:13:07,551 | INFO | watchfiles.main | 1 change detected
2026-07-08 11:13:07,963 | INFO | watchfiles.main | 1 change detected
2026-07-08 11:13:08,384 | INFO | watchfiles.main | 1 change detected
2026-07-08 11:13:08,743 | INFO | watchfiles.main | 1 change detected
2026-07-08 11:13:09,148 | INFO | watchfiles.main | 1 change detected
2026-07-08 11:13:09,557 | INFO | watchfiles.main | 1 change detected
2026-07-08 11:13:09,960 | INFO | watchfiles.main | 1 change detected
2026-07-08 11:13:10,373 | INFO | watchfiles.main | 1 change detected
2026-07-08 11:13:10,789 | INFO | watchfiles.main | 1 change detected
2026-07-08 11:13:11,146 | INFO | watchfiles.main | 1 change detected
2026-07-08 11:13:11,602 | INFO | watchfiles.main | 1 change detected
2026-07-08 11:13:11,973 | INFO | watchfiles.main | 1 change detected
2026-07-08 11:13:12,391 | INFO | watchfiles.main | 1 change detected
2026-07-08 11:13:12,807 | INFO | watchfiles.main | 1 change detected
2026-07-08 11:13:13,218 | INFO | watchfiles.main | 1 change detected
2026-07-08 11:13:13,629 | INFO | watchfiles.main | 1 change detected
2026-07-08 11:13:14,039 | INFO | watchfiles.main | 1 change detected
2026-07-08 11:13:14,450 | INFO | watchfiles.main | 1 change detected
2026-07-08 11:13:14,869 | INFO | watchfiles.main | 1 change detected
2026-07-08 11:13:15,288 | INFO | watchfiles.main | 1 change detected
2026-07-08 11:13:15,699 | INFO | watchfiles.main | 1 change detected
2026-07-08 11:13:16,066 | INFO | watchfiles.main | 1 change detected
2026-07-08 11:13:16,471 | INFO | watchfiles.main | 1 change detected
2026-07-08 11:13:16,932 | INFO | watchfiles.main | 1 change detected
2026-07-08 11:13:17,341 | INFO | watchfiles.main | 1 change detected
2026-07-08 11:13:17,708 | INFO | watchfiles.main | 1 change detected
2026-07-08 11:13:18,113 | INFO | watchfiles.main | 1 change detected
2026-07-08 11:13:18,523 | INFO | watchfiles.main | 1 change detected
2026-07-08 11:13:18,934 | INFO | watchfiles.main | 1 change detected
2026-07-08 11:13:19,338 | INFO | watchfiles.main | 1 change detected
2026-07-08 11:13:19,749 | INFO | watchfiles.main | 1 change detected
2026-07-08 11:13:20,153 | INFO | watchfiles.main | 1 change detected
2026-07-08 11:13:20,608 | INFO | watchfiles.main | 1 change detected
2026-07-08 11:13:21,015 | INFO | watchfiles.main | 1 change detected
2026-07-08 11:13:21,424 | INFO | watchfiles.main | 1 change detected
2026-07-08 11:13:21,835 | INFO | watchfiles.main | 1 change detected
2026-07-08 11:13:22,239 | INFO | watchfiles.main | 1 change detected
2026-07-08 11:13:22,651 | INFO | watchfiles.main | 1 change detected
2026-07-08 11:13:23,055 | INFO | watchfiles.main | 1 change detected
2026-07-08 11:13:23,472 | INFO | watchfiles.main | 1 change detected
2026-07-08 11:13:23,884 | INFO | watchfiles.main | 1 change detected
2026-07-08 11:13:24,237 | INFO | watchfiles.main | 1 change detected
2026-07-08 11:13:24,693 | INFO | watchfiles.main | 1 change detected
2026-07-08 11:13:25,096 | INFO | watchfiles.main | 1 change detected
2026-07-08 11:13:25,514 | INFO | watchfiles.main | 1 change detected
2026-07-08 11:13:25,866 | INFO | watchfiles.main | 1 change detected
2026-07-08 11:13:26,330 | INFO | watchfiles.main | 1 change detected
2026-07-08 11:13:26,689 | INFO | watchfiles.main | 1 change detected
2026-07-08 11:13:27,094 | INFO | watchfiles.main | 1 change detected
2026-07-08 11:13:27,503 | INFO | watchfiles.main | 1 change detected
2026-07-08 11:13:27,920 | INFO | watchfiles.main | 1 change detected
2026-07-08 11:13:28,324 | INFO | watchfiles.main | 1 change detected
2026-07-08 11:13:28,728 | INFO | watchfiles.main | 1 change detected
2026-07-08 11:13:29,142 | INFO | watchfiles.main | 1 change detected
2026-07-08 11:13:29,554 | INFO | watchfiles.main | 1 change detected
2026-07-08 11:13:29,974 | INFO | watchfiles.main | 1 change detected
2026-07-08 11:13:30,394 | INFO | watchfiles.main | 1 change detected
2026-07-08 11:13:30,802 | INFO | watchfiles.main | 1 change detected
2026-07-08 11:13:31,210 | INFO | watchfiles.main | 1 change detected
2026-07-08 11:13:31,625 | INFO | watchfiles.main | 1 change detected
2026-07-08 11:13:31,978 | INFO | watchfiles.main | 1 change detected
2026-07-08 11:13:32,435 | INFO | watchfiles.main | 1 change detected
2026-07-08 11:13:32,845 | INFO | watchfiles.main | 1 change detected
2026-07-08 11:13:33,212 | INFO | watchfiles.main | 1 change detected
2026-07-08 11:13:33,618 | INFO | watchfiles.main | 1 change detected
2026-07-08 11:13:34,029 | INFO | watchfiles.main | 1 change detected
2026-07-08 11:13:34,448 | INFO | watchfiles.main | 1 change detected
2026-07-08 11:13:34,851 | INFO | watchfiles.main | 1 change detected
2026-07-08 11:13:35,255 | INFO | watchfiles.main | 1 change detected
2026-07-08 11:13:35,716 | INFO | watchfiles.main | 1 change detected
2026-07-08 11:13:36,076 | INFO | watchfiles.main | 1 change detected
2026-07-08 11:13:36,538 | INFO | watchfiles.main | 1 change detected
2026-07-08 11:13:36,904 | INFO | watchfiles.main | 1 change detected
2026-07-08 11:13:37,359 | INFO | watchfiles.main | 1 change detected
2026-07-08 11:13:37,774 | INFO | watchfiles.main | 1 change detected
2026-07-08 11:13:38,134 | INFO | watchfiles.main | 1 change detected
2026-07-08 11:13:38,590 | INFO | watchfiles.main | 1 change detected
2026-07-08 11:13:38,993 | INFO | watchfiles.main | 1 change detected
2026-07-08 11:13:39,396 | INFO | watchfiles.main | 1 change detected
2026-07-08 11:13:39,807 | INFO | watchfiles.main | 1 change detected
2026-07-08 11:13:40,211 | INFO | watchfiles.main | 1 change detected
2026-07-08 11:13:40,615 | INFO | watchfiles.main | 1 change detected
2026-07-08 11:13:40,978 | INFO | watchfiles.main | 1 change detected
2026-07-08 11:13:41,391 | INFO | watchfiles.main | 1 change detected
2026-07-08 11:13:41,851 | INFO | watchfiles.main | 1 change detected
2026-07-08 11:13:42,218 | INFO | watchfiles.main | 1 change detected
2026-07-08 11:13:42,625 | INFO | watchfiles.main | 1 change detected
2026-07-08 11:13:43,043 | INFO | watchfiles.main | 1 change detected
2026-07-08 11:13:43,447 | INFO | watchfiles.main | 1 change detected
2026-07-08 11:13:43,852 | INFO | watchfiles.main | 1 change detected
2026-07-08 11:13:44,269 | INFO | watchfiles.main | 1 change detected
2026-07-08 11:13:44,639 | INFO | watchfiles.main | 1 change detected
2026-07-08 11:13:45,050 | INFO | watchfiles.main | 1 change detected
2026-07-08 11:13:45,467 | INFO | watchfiles.main | 1 change detected
2026-07-08 11:13:45,878 | INFO | watchfiles.main | 1 change detected
2026-07-08 11:13:46,288 | INFO | watchfiles.main | 1 change detected
2026-07-08 11:13:46,691 | INFO | watchfiles.main | 1 change detected
2026-07-08 11:13:47,110 | INFO | watchfiles.main | 1 change detected
2026-07-08 11:13:47,527 | INFO | watchfiles.main | 1 change detected
2026-07-08 11:13:47,889 | INFO | watchfiles.main | 1 change detected
2026-07-08 11:13:48,294 | INFO | watchfiles.main | 1 change detected
2026-07-08 11:13:48,352 | INFO | lmsguard.requests | GET /platform/notifications -> 200 4.10ms
2026-07-08 11:13:48,647 | INFO | watchfiles.main | 1 change detected
2026-07-08 11:13:49,010 | INFO | watchfiles.main | 1 change detected
2026-07-08 11:13:49,366 | INFO | watchfiles.main | 1 change detected
2026-07-08 11:13:49,727 | INFO | watchfiles.main | 1 change detected
2026-07-08 11:13:50,083 | INFO | watchfiles.main | 1 change detected
2026-07-08 11:13:50,449 | INFO | watchfiles.main | 1 change detected
2026-07-08 11:13:50,857 | INFO | watchfiles.main | 1 change detected
2026-07-08 11:13:51,269 | INFO | watchfiles.main | 1 change detected
2026-07-08 11:13:51,672 | INFO | watchfiles.main | 1 change detected
2026-07-08 11:13:52,076 | INFO | watchfiles.main | 1 change detected
2026-07-08 11:13:52,488 | INFO | watchfiles.main | 1 change detected
2026-07-08 11:13:52,904 | INFO | watchfiles.main | 1 change detected
2026-07-08 11:13:53,308 | INFO | watchfiles.main | 1 change detected
2026-07-08 11:13:53,727 | INFO | watchfiles.main | 1 change detected
2026-07-08 11:13:54,140 | INFO | watchfiles.main | 1 change detected
2026-07-08 11:13:54,506 | INFO | watchfiles.main | 1 change detected
2026-07-08 11:13:54,918 | INFO | watchfiles.main | 1 change detected
2026-07-08 11:13:55,333 | INFO | watchfiles.main | 1 change detected
2026-07-08 11:13:55,751 | INFO | watchfiles.main | 1 change detected
2026-07-08 11:13:56,163 | INFO | watchfiles.main | 1 change detected
2026-07-08 11:13:56,616 | INFO | watchfiles.main | 1 change detected
2026-07-08 11:13:56,975 | INFO | watchfiles.main | 1 change detected
2026-07-08 11:13:57,390 | INFO | watchfiles.main | 1 change detected
2026-07-08 11:13:57,807 | INFO | watchfiles.main | 1 change detected
2026-07-08 11:13:58,221 | INFO | watchfiles.main | 1 change detected
2026-07-08 11:13:58,639 | INFO | watchfiles.main | 1 change detected
2026-07-08 11:13:59,051 | INFO | watchfiles.main | 1 change detected
2026-07-08 11:13:59,461 | INFO | watchfiles.main | 1 change detected
2026-07-08 11:13:59,866 | INFO | watchfiles.main | 1 change detected
2026-07-08 11:14:00,276 | INFO | watchfiles.main | 1 change detected
2026-07-08 11:14:00,679 | INFO | watchfiles.main | 1 change detected
2026-07-08 11:14:01,081 | INFO | watchfiles.main | 1 change detected
2026-07-08 11:14:01,542 | INFO | watchfiles.main | 1 change detected
2026-07-08 11:14:01,952 | INFO | watchfiles.main | 1 change detected
2026-07-08 11:14:02,319 | INFO | watchfiles.main | 1 change detected
2026-07-08 11:14:02,775 | INFO | watchfiles.main | 1 change detected
2026-07-08 11:14:03,186 | INFO | watchfiles.main | 1 change detected
2026-07-08 11:14:03,603 | INFO | watchfiles.main | 1 change detected
2026-07-08 11:14:04,024 | INFO | watchfiles.main | 1 change detected
2026-07-08 11:14:04,433 | INFO | watchfiles.main | 1 change detected
2026-07-08 11:14:04,844 | INFO | watchfiles.main | 1 change detected
2026-07-08 11:14:05,257 | INFO | watchfiles.main | 1 change detected
2026-07-08 11:14:05,632 | INFO | watchfiles.main | 1 change detected
2026-07-08 11:14:06,042 | INFO | watchfiles.main | 1 change detected
2026-07-08 11:14:06,454 | INFO | watchfiles.main | 1 change detected
2026-07-08 11:14:06,868 | INFO | watchfiles.main | 1 change detected
2026-07-08 11:14:07,276 | INFO | watchfiles.main | 1 change detected
2026-07-08 11:14:07,688 | INFO | watchfiles.main | 1 change detected
2026-07-08 11:14:08,106 | INFO | watchfiles.main | 1 change detected
2026-07-08 11:14:08,474 | INFO | watchfiles.main | 1 change detected
2026-07-08 11:14:08,884 | INFO | watchfiles.main | 1 change detected
2026-07-08 11:14:09,287 | INFO | watchfiles.main | 1 change detected
2026-07-08 11:14:09,690 | INFO | watchfiles.main | 1 change detected
2026-07-08 11:14:10,109 | INFO | watchfiles.main | 1 change detected
2026-07-08 11:14:10,522 | INFO | watchfiles.main | 1 change detected
2026-07-08 11:14:10,975 | INFO | watchfiles.main | 1 change detected
2026-07-08 11:14:11,389 | INFO | watchfiles.main | 1 change detected
2026-07-08 11:14:11,756 | INFO | watchfiles.main | 1 change detected
2026-07-08 11:14:12,217 | INFO | watchfiles.main | 1 change detected
2026-07-08 11:14:12,588 | INFO | watchfiles.main | 1 change detected
2026-07-08 11:14:13,005 | INFO | watchfiles.main | 1 change detected
2026-07-08 11:14:13,417 | INFO | watchfiles.main | 1 change detected
2026-07-08 11:14:13,827 | INFO | watchfiles.main | 1 change detected
2026-07-08 11:14:14,251 | INFO | watchfiles.main | 1 change detected
2026-07-08 11:14:14,659 | INFO | watchfiles.main | 1 change detected
2026-07-08 11:14:15,031 | INFO | watchfiles.main | 1 change detected
2026-07-08 11:14:15,437 | INFO | watchfiles.main | 1 change detected
2026-07-08 11:14:15,841 | INFO | watchfiles.main | 1 change detected
2026-07-08 11:14:16,244 | INFO | watchfiles.main | 1 change detected
2026-07-08 11:14:16,708 | INFO | watchfiles.main | 1 change detected
2026-07-08 11:14:17,074 | INFO | watchfiles.main | 1 change detected
2026-07-08 11:14:17,489 | INFO | watchfiles.main | 1 change detected
2026-07-08 11:14:17,902 | INFO | watchfiles.main | 1 change detected
2026-07-08 11:14:18,307 | INFO | watchfiles.main | 1 change detected
2026-07-08 11:14:18,713 | INFO | watchfiles.main | 1 change detected
2026-07-08 11:14:19,123 | INFO | watchfiles.main | 1 change detected
2026-07-08 11:14:19,535 | INFO | watchfiles.main | 1 change detected
2026-07-08 11:14:19,951 | INFO | watchfiles.main | 1 change detected
2026-07-08 11:14:20,359 | INFO | watchfiles.main | 1 change detected
2026-07-08 11:14:20,762 | INFO | watchfiles.main | 1 change detected
2026-07-08 11:14:21,174 | INFO | watchfiles.main | 1 change detected
2026-07-08 11:14:21,588 | INFO | watchfiles.main | 1 change detected
2026-07-08 11:14:22,002 | INFO | watchfiles.main | 1 change detected
2026-07-08 11:14:22,420 | INFO | watchfiles.main | 1 change detected
2026-07-08 11:14:22,827 | INFO | watchfiles.main | 1 change detected
2026-07-08 11:14:23,231 | INFO | watchfiles.main | 1 change detected
2026-07-08 11:14:23,647 | INFO | watchfiles.main | 1 change detected
2026-07-08 11:14:24,049 | INFO | watchfiles.main | 1 change detected
2026-07-08 11:14:24,453 | INFO | watchfiles.main | 1 change detected
2026-07-08 11:14:24,910 | INFO | watchfiles.main | 1 change detected
2026-07-08 11:14:25,270 | INFO | watchfiles.main | 1 change detected
2026-07-08 11:14:25,685 | INFO | watchfiles.main | 1 change detected
2026-07-08 11:14:26,140 | INFO | watchfiles.main | 1 change detected
2026-07-08 11:14:26,557 | INFO | watchfiles.main | 1 change detected
2026-07-08 11:14:26,960 | INFO | watchfiles.main | 1 change detected
2026-07-08 11:14:27,371 | INFO | watchfiles.main | 1 change detected
2026-07-08 11:14:27,773 | INFO | watchfiles.main | 1 change detected
2026-07-08 11:14:28,187 | INFO | watchfiles.main | 1 change detected
2026-07-08 11:14:28,598 | INFO | watchfiles.main | 1 change detected
2026-07-08 11:14:28,971 | INFO | watchfiles.main | 1 change detected
2026-07-08 11:14:29,427 | INFO | watchfiles.main | 1 change detected
2026-07-08 11:14:29,835 | INFO | watchfiles.main | 1 change detected
2026-07-08 11:14:30,252 | INFO | watchfiles.main | 1 change detected
2026-07-08 11:14:30,659 | INFO | watchfiles.main | 1 change detected
2026-07-08 11:14:31,019 | INFO | watchfiles.main | 1 change detected
2026-07-08 11:14:31,437 | INFO | watchfiles.main | 1 change detected
2026-07-08 11:14:31,849 | INFO | watchfiles.main | 1 change detected
2026-07-08 11:14:32,260 | INFO | watchfiles.main | 1 change detected
2026-07-08 11:14:32,672 | INFO | watchfiles.main | 1 change detected
2026-07-08 11:14:33,085 | INFO | watchfiles.main | 1 change detected
2026-07-08 11:14:33,489 | INFO | watchfiles.main | 1 change detected
2026-07-08 11:14:33,893 | INFO | watchfiles.main | 1 change detected
2026-07-08 11:14:34,304 | INFO | watchfiles.main | 1 change detected
2026-07-08 11:14:34,710 | INFO | watchfiles.main | 1 change detected
2026-07-08 11:14:35,121 | INFO | watchfiles.main | 1 change detected
2026-07-08 11:14:35,533 | INFO | watchfiles.main | 1 change detected
2026-07-08 11:14:35,949 | INFO | watchfiles.main | 1 change detected
2026-07-08 11:14:36,356 | INFO | watchfiles.main | 1 change detected
2026-07-08 11:14:36,723 | INFO | watchfiles.main | 1 change detected
2026-07-08 11:14:37,125 | INFO | watchfiles.main | 1 change detected
2026-07-08 11:14:37,532 | INFO | watchfiles.main | 1 change detected
2026-07-08 11:14:37,958 | INFO | watchfiles.main | 1 change detected
2026-07-08 11:14:38,376 | INFO | watchfiles.main | 1 change detected
2026-07-08 11:14:38,783 | INFO | watchfiles.main | 1 change detected
2026-07-08 11:14:39,196 | INFO | watchfiles.main | 1 change detected
2026-07-08 11:14:39,566 | INFO | watchfiles.main | 1 change detected
2026-07-08 11:14:39,970 | INFO | watchfiles.main | 1 change detected
2026-07-08 11:14:40,426 | INFO | watchfiles.main | 1 change detected
2026-07-08 11:14:40,794 | INFO | watchfiles.main | 1 change detected
2026-07-08 11:14:41,250 | INFO | watchfiles.main | 1 change detected
2026-07-08 11:14:41,659 | INFO | watchfiles.main | 1 change detected
2026-07-08 11:14:42,062 | INFO | watchfiles.main | 1 change detected
2026-07-08 11:14:42,472 | INFO | watchfiles.main | 1 change detected
2026-07-08 11:14:42,880 | INFO | watchfiles.main | 1 change detected
2026-07-08 11:14:43,293 | INFO | watchfiles.main | 1 change detected
2026-07-08 11:14:43,702 | INFO | watchfiles.main | 1 change detected
2026-07-08 11:14:44,118 | INFO | watchfiles.main | 1 change detected
2026-07-08 11:14:44,521 | INFO | watchfiles.main | 1 change detected
2026-07-08 11:14:44,925 | INFO | watchfiles.main | 1 change detected
2026-07-08 11:14:45,345 | INFO | watchfiles.main | 1 change detected
2026-07-08 11:14:45,750 | INFO | watchfiles.main | 1 change detected
2026-07-08 11:14:46,153 | INFO | watchfiles.main | 1 change detected
2026-07-08 11:14:46,558 | INFO | watchfiles.main | 1 change detected
2026-07-08 11:14:46,971 | INFO | watchfiles.main | 1 change detected
2026-07-08 11:14:47,380 | INFO | watchfiles.main | 1 change detected
2026-07-08 11:14:47,746 | INFO | watchfiles.main | 1 change detected
2026-07-08 11:14:48,202 | INFO | watchfiles.main | 1 change detected
2026-07-08 11:14:48,605 | INFO | watchfiles.main | 1 change detected
2026-07-08 11:14:48,667 | INFO | lmsguard.requests | GET /platform/notifications -> 200 3.70ms
2026-07-08 11:14:48,961 | INFO | watchfiles.main | 1 change detected
2026-07-08 11:14:49,316 | INFO | watchfiles.main | 1 change detected
2026-07-08 11:14:49,670 | INFO | watchfiles.main | 1 change detected
2026-07-08 11:14:50,034 | INFO | watchfiles.main | 1 change detected
2026-07-08 11:14:50,399 | INFO | watchfiles.main | 1 change detected
2026-07-08 11:14:50,763 | INFO | watchfiles.main | 1 change detected
2026-07-08 11:14:51,179 | INFO | watchfiles.main | 1 change detected
2026-07-08 11:14:51,590 | INFO | watchfiles.main | 1 change detected
2026-07-08 11:14:52,012 | INFO | watchfiles.main | 1 change detected
2026-07-08 11:14:52,416 | INFO | watchfiles.main | 1 change detected
2026-07-08 11:14:52,776 | INFO | watchfiles.main | 1 change detected
2026-07-08 11:14:53,190 | INFO | watchfiles.main | 1 change detected
2026-07-08 11:14:53,596 | INFO | watchfiles.main | 1 change detected
2026-07-08 11:14:54,051 | INFO | watchfiles.main | 1 change detected
2026-07-08 11:14:54,410 | INFO | watchfiles.main | 1 change detected
2026-07-08 11:14:54,823 | INFO | watchfiles.main | 1 change detected
2026-07-08 11:14:55,227 | INFO | watchfiles.main | 1 change detected
2026-07-08 11:14:55,637 | INFO | watchfiles.main | 1 change detected
2026-07-08 11:14:56,055 | INFO | watchfiles.main | 1 change detected
2026-07-08 11:14:56,469 | INFO | watchfiles.main | 1 change detected
2026-07-08 11:14:56,881 | INFO | watchfiles.main | 1 change detected
2026-07-08 11:14:57,295 | INFO | watchfiles.main | 1 change detected
2026-07-08 11:14:57,706 | INFO | watchfiles.main | 1 change detected
2026-07-08 11:14:58,117 | INFO | watchfiles.main | 1 change detected
2026-07-08 11:14:58,478 | INFO | watchfiles.main | 1 change detected
2026-07-08 11:14:58,934 | INFO | watchfiles.main | 1 change detected
2026-07-08 11:14:59,352 | INFO | watchfiles.main | 1 change detected
2026-07-08 11:14:59,721 | INFO | watchfiles.main | 1 change detected
2026-07-08 11:15:00,182 | INFO | watchfiles.main | 1 change detected
2026-07-08 11:15:00,546 | INFO | watchfiles.main | 1 change detected
2026-07-08 11:15:00,960 | INFO | watchfiles.main | 1 change detected
2026-07-08 11:15:01,371 | INFO | watchfiles.main | 1 change detected
2026-07-08 11:15:01,785 | INFO | watchfiles.main | 1 change detected
2026-07-08 11:15:02,194 | INFO | watchfiles.main | 1 change detected
2026-07-08 11:15:02,615 | INFO | watchfiles.main | 1 change detected
2026-07-08 11:15:03,031 | INFO | watchfiles.main | 1 change detected
2026-07-08 11:15:03,440 | INFO | watchfiles.main | 1 change detected
2026-07-08 11:15:03,853 | INFO | watchfiles.main | 1 change detected
2026-07-08 11:15:04,257 | INFO | watchfiles.main | 1 change detected
2026-07-08 11:15:04,667 | INFO | watchfiles.main | 1 change detected
2026-07-08 11:15:05,076 | INFO | watchfiles.main | 1 change detected
2026-07-08 11:15:05,530 | INFO | watchfiles.main | 1 change detected
2026-07-08 11:15:05,887 | INFO | watchfiles.main | 1 change detected
2026-07-08 11:15:06,307 | INFO | watchfiles.main | 1 change detected
2026-07-08 11:15:06,711 | INFO | watchfiles.main | 1 change detected
2026-07-08 11:15:07,121 | INFO | watchfiles.main | 1 change detected
2026-07-08 11:15:07,547 | INFO | watchfiles.main | 1 change detected
2026-07-08 11:15:07,958 | INFO | watchfiles.main | 1 change detected
2026-07-08 11:15:08,370 | INFO | watchfiles.main | 1 change detected
2026-07-08 11:15:08,773 | INFO | watchfiles.main | 1 change detected
2026-07-08 11:15:09,177 | INFO | watchfiles.main | 1 change detected
2026-07-08 11:15:09,588 | INFO | watchfiles.main | 1 change detected
2026-07-08 11:15:09,992 | INFO | watchfiles.main | 1 change detected
2026-07-08 11:15:10,360 | INFO | watchfiles.main | 1 change detected
2026-07-08 11:15:10,782 | INFO | watchfiles.main | 1 change detected
2026-07-08 11:15:11,191 | INFO | watchfiles.main | 1 change detected
2026-07-08 11:15:11,609 | INFO | watchfiles.main | 1 change detected
2026-07-08 11:15:12,025 | INFO | watchfiles.main | 1 change detected
2026-07-08 11:15:12,436 | INFO | watchfiles.main | 1 change detected
2026-07-08 11:15:12,854 | INFO | watchfiles.main | 1 change detected
2026-07-08 11:15:13,265 | INFO | watchfiles.main | 1 change detected
2026-07-08 11:15:13,675 | INFO | watchfiles.main | 1 change detected
2026-07-08 11:15:14,083 | INFO | watchfiles.main | 1 change detected
2026-07-08 11:15:14,492 | INFO | watchfiles.main | 1 change detected
2026-07-08 11:15:14,903 | INFO | watchfiles.main | 1 change detected
2026-07-08 11:15:15,316 | INFO | watchfiles.main | 1 change detected
2026-07-08 11:15:15,728 | INFO | watchfiles.main | 1 change detected
2026-07-08 11:15:16,154 | INFO | watchfiles.main | 1 change detected
2026-07-08 11:15:16,572 | INFO | watchfiles.main | 1 change detected
2026-07-08 11:15:16,981 | INFO | watchfiles.main | 1 change detected
2026-07-08 11:15:17,445 | INFO | watchfiles.main | 1 change detected
2026-07-08 11:15:17,853 | INFO | watchfiles.main | 1 change detected
2026-07-08 11:15:18,218 | INFO | watchfiles.main | 1 change detected
2026-07-08 11:15:18,629 | INFO | watchfiles.main | 1 change detected
2026-07-08 11:15:19,049 | INFO | watchfiles.main | 1 change detected
2026-07-08 11:15:19,505 | INFO | watchfiles.main | 1 change detected
2026-07-08 11:15:19,922 | INFO | watchfiles.main | 1 change detected
2026-07-08 11:15:20,325 | INFO | watchfiles.main | 1 change detected
2026-07-08 11:15:20,732 | INFO | watchfiles.main | 1 change detected
2026-07-08 11:15:21,152 | INFO | watchfiles.main | 1 change detected
2026-07-08 11:15:21,521 | INFO | watchfiles.main | 1 change detected
2026-07-08 11:15:21,943 | INFO | watchfiles.main | 1 change detected
2026-07-08 11:15:22,350 | INFO | watchfiles.main | 1 change detected
2026-07-08 11:15:22,760 | INFO | watchfiles.main | 1 change detected
2026-07-08 11:15:23,180 | INFO | watchfiles.main | 1 change detected
2026-07-08 11:15:23,589 | INFO | watchfiles.main | 1 change detected
2026-07-08 11:15:23,999 | INFO | watchfiles.main | 1 change detected
2026-07-08 11:15:24,414 | INFO | watchfiles.main | 1 change detected
2026-07-08 11:15:24,824 | INFO | watchfiles.main | 1 change detected
2026-07-08 11:15:25,237 | INFO | watchfiles.main | 1 change detected
2026-07-08 11:15:25,648 | INFO | watchfiles.main | 1 change detected
2026-07-08 11:15:26,053 | INFO | watchfiles.main | 1 change detected
2026-07-08 11:15:26,456 | INFO | watchfiles.main | 1 change detected
2026-07-08 11:15:26,912 | INFO | watchfiles.main | 1 change detected
2026-07-08 11:15:27,279 | INFO | watchfiles.main | 1 change detected
2026-07-08 11:15:27,688 | INFO | watchfiles.main | 1 change detected
2026-07-08 11:15:28,113 | INFO | watchfiles.main | 1 change detected
2026-07-08 11:15:28,524 | INFO | watchfiles.main | 1 change detected
2026-07-08 11:15:28,882 | INFO | watchfiles.main | 1 change detected
2026-07-08 11:15:29,339 | INFO | watchfiles.main | 1 change detected
2026-07-08 11:15:29,749 | INFO | watchfiles.main | 1 change detected
2026-07-08 11:15:30,119 | INFO | watchfiles.main | 1 change detected
2026-07-08 11:15:30,527 | INFO | watchfiles.main | 1 change detected
2026-07-08 11:15:30,931 | INFO | watchfiles.main | 1 change detected
2026-07-08 11:15:31,342 | INFO | watchfiles.main | 1 change detected
2026-07-08 11:15:31,707 | INFO | watchfiles.main | 1 change detected
2026-07-08 11:15:32,121 | INFO | watchfiles.main | 1 change detected
2026-07-08 11:15:32,525 | INFO | watchfiles.main | 1 change detected
2026-07-08 11:15:32,938 | INFO | watchfiles.main | 1 change detected
2026-07-08 11:15:33,392 | INFO | watchfiles.main | 1 change detected
2026-07-08 11:15:33,748 | INFO | watchfiles.main | 1 change detected
2026-07-08 11:15:34,170 | INFO | watchfiles.main | 1 change detected
2026-07-08 11:15:34,573 | INFO | watchfiles.main | 1 change detected
2026-07-08 11:15:35,028 | INFO | watchfiles.main | 1 change detected
2026-07-08 11:15:35,386 | INFO | watchfiles.main | 1 change detected
2026-07-08 11:15:35,812 | INFO | watchfiles.main | 1 change detected
2026-07-08 11:15:36,168 | INFO | watchfiles.main | 1 change detected
2026-07-08 11:15:36,573 | INFO | watchfiles.main | 1 change detected
2026-07-08 11:15:36,978 | INFO | watchfiles.main | 1 change detected
2026-07-08 11:15:37,389 | INFO | watchfiles.main | 1 change detected
2026-07-08 11:15:37,802 | INFO | watchfiles.main | 1 change detected
2026-07-08 11:15:38,168 | INFO | watchfiles.main | 1 change detected
2026-07-08 11:15:38,571 | INFO | watchfiles.main | 1 change detected
2026-07-08 11:15:38,976 | INFO | watchfiles.main | 1 change detected
2026-07-08 11:15:39,379 | INFO | watchfiles.main | 1 change detected
2026-07-08 11:15:39,782 | INFO | watchfiles.main | 1 change detected
2026-07-08 11:15:40,200 | INFO | watchfiles.main | 1 change detected
2026-07-08 11:15:40,609 | INFO | watchfiles.main | 1 change detected
2026-07-08 11:15:41,014 | INFO | watchfiles.main | 1 change detected
2026-07-08 11:15:41,380 | INFO | watchfiles.main | 1 change detected
2026-07-08 11:15:41,792 | INFO | watchfiles.main | 1 change detected
2026-07-08 11:15:42,157 | INFO | watchfiles.main | 1 change detected
2026-07-08 11:15:42,593 | INFO | watchfiles.main | 1 change detected
2026-07-08 11:15:42,952 | INFO | watchfiles.main | 1 change detected
2026-07-08 11:15:43,363 | INFO | watchfiles.main | 1 change detected
2026-07-08 11:15:43,770 | INFO | watchfiles.main | 1 change detected
2026-07-08 11:15:44,172 | INFO | watchfiles.main | 1 change detected
2026-07-08 11:15:44,534 | INFO | watchfiles.main | 1 change detected
2026-07-08 11:15:44,950 | INFO | watchfiles.main | 1 change detected
2026-07-08 11:15:45,364 | INFO | watchfiles.main | 1 change detected
2026-07-08 11:15:45,771 | INFO | watchfiles.main | 1 change detected
2026-07-08 11:15:46,178 | INFO | watchfiles.main | 1 change detected
2026-07-08 11:15:46,581 | INFO | watchfiles.main | 1 change detected
2026-07-08 11:15:46,991 | INFO | watchfiles.main | 1 change detected
2026-07-08 11:15:47,344 | INFO | watchfiles.main | 1 change detected
2026-07-08 11:15:47,799 | INFO | watchfiles.main | 1 change detected
2026-07-08 11:15:48,157 | INFO | watchfiles.main | 1 change detected
2026-07-08 11:15:48,345 | INFO | lmsguard.requests | GET /platform/notifications -> 200 4.00ms
2026-07-08 11:15:48,512 | INFO | watchfiles.main | 1 change detected
2026-07-08 11:15:48,865 | INFO | watchfiles.main | 1 change detected
2026-07-08 11:15:49,221 | INFO | watchfiles.main | 1 change detected
2026-07-08 11:15:49,585 | INFO | watchfiles.main | 1 change detected
2026-07-08 11:15:49,991 | INFO | watchfiles.main | 1 change detected
2026-07-08 11:15:50,401 | INFO | watchfiles.main | 1 change detected
2026-07-08 11:15:50,811 | INFO | watchfiles.main | 1 change detected
2026-07-08 11:15:51,214 | INFO | watchfiles.main | 1 change detected
2026-07-08 11:15:51,629 | INFO | watchfiles.main | 1 change detected
2026-07-08 11:15:51,983 | INFO | watchfiles.main | 1 change detected
2026-07-08 11:15:52,397 | INFO | watchfiles.main | 1 change detected
2026-07-08 11:15:52,806 | INFO | watchfiles.main | 1 change detected
2026-07-08 11:15:53,212 | INFO | watchfiles.main | 1 change detected
2026-07-08 11:15:53,567 | INFO | watchfiles.main | 1 change detected
2026-07-08 11:15:53,977 | INFO | watchfiles.main | 1 change detected
2026-07-08 11:15:54,382 | INFO | watchfiles.main | 1 change detected
2026-07-08 11:15:54,790 | INFO | watchfiles.main | 1 change detected
2026-07-08 11:15:55,194 | INFO | watchfiles.main | 1 change detected
2026-07-08 11:15:55,613 | INFO | watchfiles.main | 1 change detected
2026-07-08 11:15:55,993 | INFO | watchfiles.main | 1 change detected
2026-07-08 11:15:56,401 | INFO | watchfiles.main | 1 change detected
2026-07-08 11:15:56,811 | INFO | watchfiles.main | 1 change detected
2026-07-08 11:15:57,221 | INFO | watchfiles.main | 1 change detected
2026-07-08 11:15:57,633 | INFO | watchfiles.main | 1 change detected
2026-07-08 11:15:58,039 | INFO | watchfiles.main | 1 change detected
2026-07-08 11:15:58,395 | INFO | watchfiles.main | 1 change detected
2026-07-08 11:15:58,799 | INFO | watchfiles.main | 1 change detected
2026-07-08 11:15:59,212 | INFO | watchfiles.main | 1 change detected
2026-07-08 11:15:59,621 | INFO | watchfiles.main | 1 change detected
2026-07-08 11:15:59,983 | INFO | watchfiles.main | 1 change detected
2026-07-08 11:16:00,389 | INFO | watchfiles.main | 1 change detected
2026-07-08 11:16:00,796 | INFO | watchfiles.main | 1 change detected
2026-07-08 11:16:01,256 | INFO | watchfiles.main | 1 change detected
2026-07-08 11:16:01,618 | INFO | watchfiles.main | 1 change detected
2026-07-08 11:16:02,027 | INFO | watchfiles.main | 1 change detected
2026-07-08 11:16:02,438 | INFO | watchfiles.main | 1 change detected
2026-07-08 11:16:02,857 | INFO | watchfiles.main | 1 change detected
2026-07-08 11:16:03,268 | INFO | watchfiles.main | 1 change detected
2026-07-08 11:16:03,682 | INFO | watchfiles.main | 1 change detected
2026-07-08 11:16:04,040 | INFO | watchfiles.main | 1 change detected
2026-07-08 11:16:04,453 | INFO | watchfiles.main | 1 change detected
2026-07-08 11:16:04,867 | INFO | watchfiles.main | 1 change detected
2026-07-08 11:16:05,276 | INFO | watchfiles.main | 1 change detected
2026-07-08 11:16:05,692 | INFO | watchfiles.main | 1 change detected
2026-07-08 11:16:06,100 | INFO | watchfiles.main | 1 change detected
2026-07-08 11:16:06,504 | INFO | watchfiles.main | 1 change detected
2026-07-08 11:16:06,868 | INFO | watchfiles.main | 1 change detected
2026-07-08 11:16:07,269 | INFO | watchfiles.main | 1 change detected
2026-07-08 11:16:07,674 | INFO | watchfiles.main | 1 change detected
2026-07-08 11:16:08,090 | INFO | watchfiles.main | 1 change detected
2026-07-08 11:16:08,498 | INFO | watchfiles.main | 1 change detected
2026-07-08 11:16:08,857 | INFO | watchfiles.main | 1 change detected
2026-07-08 11:16:09,268 | INFO | watchfiles.main | 1 change detected
2026-07-08 11:16:09,678 | INFO | watchfiles.main | 1 change detected
2026-07-08 11:16:10,084 | INFO | watchfiles.main | 1 change detected
2026-07-08 11:16:10,499 | INFO | watchfiles.main | 1 change detected
2026-07-08 11:16:10,864 | INFO | watchfiles.main | 1 change detected
2026-07-08 11:16:11,271 | INFO | watchfiles.main | 1 change detected
2026-07-08 11:16:11,675 | INFO | watchfiles.main | 1 change detected
2026-07-08 11:16:12,083 | INFO | watchfiles.main | 1 change detected
2026-07-08 11:16:12,492 | INFO | watchfiles.main | 1 change detected
2026-07-08 11:16:12,896 | INFO | watchfiles.main | 1 change detected
2026-07-08 11:16:13,315 | INFO | watchfiles.main | 1 change detected
2026-07-08 11:16:13,722 | INFO | watchfiles.main | 1 change detected
2026-07-08 11:16:14,137 | INFO | watchfiles.main | 1 change detected
2026-07-08 11:16:14,543 | INFO | watchfiles.main | 1 change detected
2026-07-08 11:16:14,911 | INFO | watchfiles.main | 1 change detected
2026-07-08 11:16:15,325 | INFO | watchfiles.main | 1 change detected
2026-07-08 11:16:15,733 | INFO | watchfiles.main | 1 change detected
2026-07-08 11:16:16,135 | INFO | watchfiles.main | 1 change detected
2026-07-08 11:16:16,540 | INFO | watchfiles.main | 1 change detected
2026-07-08 11:16:16,945 | INFO | watchfiles.main | 1 change detected
2026-07-08 11:16:17,354 | INFO | watchfiles.main | 1 change detected
2026-07-08 11:16:17,768 | INFO | watchfiles.main | 1 change detected
2026-07-08 11:16:18,173 | INFO | watchfiles.main | 1 change detected
2026-07-08 11:16:18,539 | INFO | watchfiles.main | 1 change detected
2026-07-08 11:16:18,946 | INFO | watchfiles.main | 1 change detected
2026-07-08 11:16:19,362 | INFO | watchfiles.main | 1 change detected
2026-07-08 11:16:19,729 | INFO | watchfiles.main | 1 change detected
2026-07-08 11:16:20,137 | INFO | watchfiles.main | 1 change detected
2026-07-08 11:16:20,544 | INFO | watchfiles.main | 1 change detected
2026-07-08 11:16:20,960 | INFO | watchfiles.main | 1 change detected
2026-07-08 11:16:21,367 | INFO | watchfiles.main | 1 change detected
2026-07-08 11:16:21,771 | INFO | watchfiles.main | 1 change detected
2026-07-08 11:16:22,173 | INFO | watchfiles.main | 1 change detected
2026-07-08 11:16:22,539 | INFO | watchfiles.main | 1 change detected
2026-07-08 11:16:22,943 | INFO | watchfiles.main | 1 change detected
2026-07-08 11:16:23,360 | INFO | watchfiles.main | 1 change detected
2026-07-08 11:16:23,826 | INFO | watchfiles.main | 1 change detected
2026-07-08 11:16:24,233 | INFO | watchfiles.main | 1 change detected
2026-07-08 11:16:24,636 | INFO | watchfiles.main | 1 change detected
2026-07-08 11:16:25,043 | INFO | watchfiles.main | 1 change detected
2026-07-08 11:16:25,410 | INFO | watchfiles.main | 1 change detected
2026-07-08 11:16:25,826 | INFO | watchfiles.main | 1 change detected
2026-07-08 11:16:26,237 | INFO | watchfiles.main | 1 change detected
2026-07-08 11:16:26,642 | INFO | watchfiles.main | 1 change detected
2026-07-08 11:16:27,052 | INFO | watchfiles.main | 1 change detected
2026-07-08 11:16:27,416 | INFO | watchfiles.main | 1 change detected
2026-07-08 11:16:27,818 | INFO | watchfiles.main | 1 change detected
2026-07-08 11:16:28,226 | INFO | watchfiles.main | 1 change detected
2026-07-08 11:16:28,631 | INFO | watchfiles.main | 1 change detected
2026-07-08 11:16:28,998 | INFO | watchfiles.main | 1 change detected
2026-07-08 11:16:29,452 | INFO | watchfiles.main | 1 change detected
2026-07-08 11:16:29,803 | INFO | watchfiles.main | 1 change detected
2026-07-08 11:16:30,212 | INFO | watchfiles.main | 1 change detected
2026-07-08 11:16:30,620 | INFO | watchfiles.main | 1 change detected
2026-07-08 11:16:31,033 | INFO | watchfiles.main | 1 change detected
2026-07-08 11:16:31,445 | INFO | watchfiles.main | 1 change detected
2026-07-08 11:16:31,854 | INFO | watchfiles.main | 1 change detected
2026-07-08 11:16:32,263 | INFO | watchfiles.main | 1 change detected
2026-07-08 11:16:32,621 | INFO | watchfiles.main | 1 change detected
2026-07-08 11:16:33,027 | INFO | watchfiles.main | 1 change detected
2026-07-08 11:16:33,433 | INFO | watchfiles.main | 1 change detected
2026-07-08 11:16:33,793 | INFO | watchfiles.main | 1 change detected
2026-07-08 11:16:34,198 | INFO | watchfiles.main | 1 change detected
2026-07-08 11:16:34,610 | INFO | watchfiles.main | 1 change detected
2026-07-08 11:16:35,018 | INFO | watchfiles.main | 1 change detected
2026-07-08 11:16:35,422 | INFO | watchfiles.main | 1 change detected
2026-07-08 11:16:35,781 | INFO | watchfiles.main | 1 change detected
2026-07-08 11:16:36,191 | INFO | watchfiles.main | 1 change detected
2026-07-08 11:16:36,545 | INFO | watchfiles.main | 1 change detected
2026-07-08 11:16:36,951 | INFO | watchfiles.main | 1 change detected
2026-07-08 11:16:37,358 | INFO | watchfiles.main | 1 change detected
2026-07-08 11:16:37,768 | INFO | watchfiles.main | 1 change detected
2026-07-08 11:16:38,177 | INFO | watchfiles.main | 1 change detected
2026-07-08 11:16:38,530 | INFO | watchfiles.main | 1 change detected
2026-07-08 11:16:38,937 | INFO | watchfiles.main | 1 change detected
2026-07-08 11:16:39,341 | INFO | watchfiles.main | 1 change detected
2026-07-08 11:16:39,753 | INFO | watchfiles.main | 1 change detected
2026-07-08 11:16:40,156 | INFO | watchfiles.main | 1 change detected
2026-07-08 11:16:40,517 | INFO | watchfiles.main | 1 change detected
2026-07-08 11:16:40,950 | INFO | watchfiles.main | 1 change detected
2026-07-08 11:16:41,307 | INFO | watchfiles.main | 1 change detected
2026-07-08 11:16:41,722 | INFO | watchfiles.main | 1 change detected
2026-07-08 11:16:42,125 | INFO | watchfiles.main | 1 change detected
2026-07-08 11:16:42,484 | INFO | watchfiles.main | 1 change detected
2026-07-08 11:16:42,887 | INFO | watchfiles.main | 1 change detected
2026-07-08 11:16:43,314 | INFO | watchfiles.main | 1 change detected
2026-07-08 11:16:43,730 | INFO | watchfiles.main | 1 change detected
2026-07-08 11:16:44,143 | INFO | watchfiles.main | 1 change detected
2026-07-08 11:16:44,510 | INFO | watchfiles.main | 1 change detected
2026-07-08 11:16:44,915 | INFO | watchfiles.main | 1 change detected
2026-07-08 11:16:45,272 | INFO | watchfiles.main | 1 change detected
2026-07-08 11:16:45,682 | INFO | watchfiles.main | 1 change detected
2026-07-08 11:16:46,098 | INFO | watchfiles.main | 1 change detected
2026-07-08 11:16:46,503 | INFO | watchfiles.main | 1 change detected
2026-07-08 11:16:46,864 | INFO | watchfiles.main | 1 change detected
2026-07-08 11:16:47,318 | INFO | watchfiles.main | 1 change detected
2026-07-08 11:16:47,733 | INFO | watchfiles.main | 1 change detected
2026-07-08 11:16:48,088 | INFO | watchfiles.main | 1 change detected
2026-07-08 11:16:48,493 | INFO | watchfiles.main | 1 change detected
2026-07-08 11:16:48,651 | INFO | lmsguard.requests | GET /platform/notifications -> 200 3.70ms
2026-07-08 11:16:48,847 | INFO | watchfiles.main | 1 change detected
2026-07-08 11:16:49,205 | INFO | watchfiles.main | 1 change detected
2026-07-08 11:16:49,562 | INFO | watchfiles.main | 1 change detected
2026-07-08 11:16:49,924 | INFO | watchfiles.main | 1 change detected
2026-07-08 11:16:50,329 | INFO | watchfiles.main | 1 change detected
2026-07-08 11:16:50,734 | INFO | watchfiles.main | 1 change detected
2026-07-08 11:16:51,142 | INFO | watchfiles.main | 1 change detected
2026-07-08 11:16:51,511 | INFO | watchfiles.main | 1 change detected
2026-07-08 11:16:51,915 | INFO | watchfiles.main | 1 change detected
2026-07-08 11:16:52,322 | INFO | watchfiles.main | 1 change detected
2026-07-08 11:16:52,727 | INFO | watchfiles.main | 1 change detected
2026-07-08 11:16:53,129 | INFO | watchfiles.main | 1 change detected
2026-07-08 11:16:53,494 | INFO | watchfiles.main | 1 change detected
2026-07-08 11:16:53,896 | INFO | watchfiles.main | 1 change detected
2026-07-08 11:16:54,349 | INFO | watchfiles.main | 1 change detected
2026-07-08 11:16:54,705 | INFO | watchfiles.main | 1 change detected
2026-07-08 11:16:55,122 | INFO | watchfiles.main | 1 change detected
2026-07-08 11:16:55,527 | INFO | watchfiles.main | 1 change detected
2026-07-08 11:16:55,935 | INFO | watchfiles.main | 1 change detected
2026-07-08 11:16:56,344 | INFO | watchfiles.main | 1 change detected
2026-07-08 11:16:56,749 | INFO | watchfiles.main | 1 change detected
2026-07-08 11:16:57,158 | INFO | watchfiles.main | 1 change detected
2026-07-08 11:16:57,523 | INFO | watchfiles.main | 1 change detected
2026-07-08 11:16:57,933 | INFO | watchfiles.main | 1 change detected
2026-07-08 11:16:58,345 | INFO | watchfiles.main | 1 change detected
2026-07-08 11:16:58,706 | INFO | watchfiles.main | 1 change detected
2026-07-08 11:16:59,115 | INFO | watchfiles.main | 1 change detected
2026-07-08 11:16:59,474 | INFO | watchfiles.main | 1 change detected
2026-07-08 11:16:59,880 | INFO | watchfiles.main | 1 change detected
2026-07-08 11:17:00,282 | INFO | watchfiles.main | 1 change detected
2026-07-08 11:17:00,687 | INFO | watchfiles.main | 1 change detected
2026-07-08 11:17:01,053 | INFO | watchfiles.main | 1 change detected
2026-07-08 11:17:01,468 | INFO | watchfiles.main | 1 change detected
2026-07-08 11:17:01,871 | INFO | watchfiles.main | 1 change detected
2026-07-08 11:17:02,275 | INFO | watchfiles.main | 1 change detected
2026-07-08 11:17:02,687 | INFO | watchfiles.main | 1 change detected
2026-07-08 11:17:03,054 | INFO | watchfiles.main | 1 change detected
2026-07-08 11:17:03,469 | INFO | watchfiles.main | 1 change detected
2026-07-08 11:17:03,873 | INFO | watchfiles.main | 1 change detected
2026-07-08 11:17:04,290 | INFO | watchfiles.main | 1 change detected
2026-07-08 11:17:04,647 | INFO | watchfiles.main | 1 change detected
2026-07-08 11:17:05,059 | INFO | watchfiles.main | 1 change detected
2026-07-08 11:17:05,463 | INFO | watchfiles.main | 1 change detected
2026-07-08 11:17:05,872 | INFO | watchfiles.main | 1 change detected
2026-07-08 11:17:06,281 | INFO | watchfiles.main | 1 change detected
2026-07-08 11:17:06,695 | INFO | watchfiles.main | 1 change detected
2026-07-08 11:17:07,098 | INFO | watchfiles.main | 1 change detected
2026-07-08 11:17:07,454 | INFO | watchfiles.main | 1 change detected
2026-07-08 11:17:07,862 | INFO | watchfiles.main | 1 change detected
2026-07-08 11:17:08,275 | INFO | watchfiles.main | 1 change detected
2026-07-08 11:17:08,746 | INFO | watchfiles.main | 1 change detected
2026-07-08 11:17:09,153 | INFO | watchfiles.main | 1 change detected
2026-07-08 11:17:09,514 | INFO | watchfiles.main | 1 change detected
2026-07-08 11:17:09,921 | INFO | watchfiles.main | 1 change detected
2026-07-08 11:17:10,329 | INFO | watchfiles.main | 1 change detected
2026-07-08 11:17:10,739 | INFO | watchfiles.main | 1 change detected
2026-07-08 11:17:11,151 | INFO | watchfiles.main | 1 change detected
2026-07-08 11:17:11,517 | INFO | watchfiles.main | 1 change detected
2026-07-08 11:17:11,922 | INFO | watchfiles.main | 1 change detected
2026-07-08 11:17:12,329 | INFO | watchfiles.main | 1 change detected
2026-07-08 11:17:12,739 | INFO | watchfiles.main | 1 change detected
2026-07-08 11:17:13,145 | INFO | watchfiles.main | 1 change detected
2026-07-08 11:17:13,500 | INFO | watchfiles.main | 1 change detected
2026-07-08 11:17:13,916 | INFO | watchfiles.main | 1 change detected
2026-07-08 11:17:14,332 | INFO | watchfiles.main | 1 change detected
2026-07-08 11:17:14,748 | INFO | watchfiles.main | 1 change detected
2026-07-08 11:17:15,107 | INFO | watchfiles.main | 1 change detected
2026-07-08 11:17:15,561 | INFO | watchfiles.main | 1 change detected
2026-07-08 11:17:15,966 | INFO | watchfiles.main | 1 change detected
2026-07-08 11:17:16,379 | INFO | watchfiles.main | 1 change detected
2026-07-08 11:17:16,742 | INFO | watchfiles.main | 1 change detected
2026-07-08 11:17:17,144 | INFO | watchfiles.main | 1 change detected
2026-07-08 11:17:17,549 | INFO | watchfiles.main | 1 change detected
2026-07-08 11:17:17,961 | INFO | watchfiles.main | 1 change detected
2026-07-08 11:17:18,371 | INFO | watchfiles.main | 1 change detected
2026-07-08 11:17:18,781 | INFO | watchfiles.main | 1 change detected
2026-07-08 11:17:19,183 | INFO | watchfiles.main | 1 change detected
2026-07-08 11:17:19,542 | INFO | watchfiles.main | 1 change detected
2026-07-08 11:17:19,955 | INFO | watchfiles.main | 1 change detected
2026-07-08 11:17:20,372 | INFO | watchfiles.main | 1 change detected
2026-07-08 11:17:20,737 | INFO | watchfiles.main | 1 change detected
2026-07-08 11:17:21,149 | INFO | watchfiles.main | 1 change detected
2026-07-08 11:17:21,559 | INFO | watchfiles.main | 1 change detected
2026-07-08 11:17:21,962 | INFO | watchfiles.main | 1 change detected
2026-07-08 11:17:22,378 | INFO | watchfiles.main | 1 change detected
2026-07-08 11:17:22,744 | INFO | watchfiles.main | 1 change detected
2026-07-08 11:17:23,156 | INFO | watchfiles.main | 1 change detected
2026-07-08 11:17:23,572 | INFO | watchfiles.main | 1 change detected
2026-07-08 11:17:23,975 | INFO | watchfiles.main | 1 change detected
2026-07-08 11:17:24,386 | INFO | watchfiles.main | 1 change detected
2026-07-08 11:17:24,751 | INFO | watchfiles.main | 1 change detected
2026-07-08 11:17:25,164 | INFO | watchfiles.main | 1 change detected
2026-07-08 11:17:25,572 | INFO | watchfiles.main | 1 change detected
2026-07-08 11:17:25,982 | INFO | watchfiles.main | 1 change detected
2026-07-08 11:17:26,342 | INFO | watchfiles.main | 1 change detected
2026-07-08 11:17:26,753 | INFO | watchfiles.main | 1 change detected
2026-07-08 11:17:27,171 | INFO | watchfiles.main | 1 change detected
2026-07-08 11:17:27,587 | INFO | watchfiles.main | 1 change detected
2026-07-08 11:17:27,952 | INFO | watchfiles.main | 1 change detected
2026-07-08 11:17:28,365 | INFO | watchfiles.main | 1 change detected
2026-07-08 11:17:28,782 | INFO | watchfiles.main | 1 change detected
2026-07-08 11:17:29,198 | INFO | watchfiles.main | 1 change detected
2026-07-08 11:17:29,564 | INFO | watchfiles.main | 1 change detected
2026-07-08 11:17:29,975 | INFO | watchfiles.main | 1 change detected
2026-07-08 11:17:30,393 | INFO | watchfiles.main | 1 change detected
2026-07-08 11:17:30,809 | INFO | watchfiles.main | 1 change detected
2026-07-08 11:17:31,167 | INFO | watchfiles.main | 1 change detected
2026-07-08 11:17:31,579 | INFO | watchfiles.main | 1 change detected
2026-07-08 11:17:31,938 | INFO | watchfiles.main | 1 change detected
2026-07-08 11:17:32,343 | INFO | watchfiles.main | 1 change detected
2026-07-08 11:17:32,753 | INFO | watchfiles.main | 1 change detected
2026-07-08 11:17:33,159 | INFO | watchfiles.main | 1 change detected
2026-07-08 11:17:33,514 | INFO | watchfiles.main | 1 change detected
2026-07-08 11:17:33,922 | INFO | watchfiles.main | 1 change detected
2026-07-08 11:17:34,328 | INFO | watchfiles.main | 1 change detected
2026-07-08 11:17:34,681 | INFO | watchfiles.main | 1 change detected
2026-07-08 11:17:35,086 | INFO | watchfiles.main | 1 change detected
2026-07-08 11:17:35,495 | INFO | watchfiles.main | 1 change detected
2026-07-08 11:17:35,848 | INFO | watchfiles.main | 1 change detected
2026-07-08 11:17:36,259 | INFO | watchfiles.main | 1 change detected
2026-07-08 11:17:36,669 | INFO | watchfiles.main | 1 change detected
2026-07-08 11:17:37,036 | INFO | watchfiles.main | 1 change detected
2026-07-08 11:17:37,447 | INFO | watchfiles.main | 1 change detected
2026-07-08 11:17:37,851 | INFO | watchfiles.main | 1 change detected
2026-07-08 11:17:38,254 | INFO | watchfiles.main | 1 change detected
2026-07-08 11:17:38,656 | INFO | watchfiles.main | 1 change detected
2026-07-08 11:17:39,059 | INFO | watchfiles.main | 1 change detected
2026-07-08 11:17:39,469 | INFO | watchfiles.main | 1 change detected
2026-07-08 11:17:39,827 | INFO | watchfiles.main | 1 change detected
2026-07-08 11:17:40,239 | INFO | watchfiles.main | 1 change detected
2026-07-08 11:17:40,652 | INFO | watchfiles.main | 1 change detected
2026-07-08 11:17:41,060 | INFO | watchfiles.main | 1 change detected
2026-07-08 11:17:41,425 | INFO | watchfiles.main | 1 change detected
2026-07-08 11:17:41,829 | INFO | watchfiles.main | 1 change detected
2026-07-08 11:17:42,231 | INFO | watchfiles.main | 1 change detected
2026-07-08 11:17:42,591 | INFO | watchfiles.main | 1 change detected
2026-07-08 11:17:43,004 | INFO | watchfiles.main | 1 change detected
2026-07-08 11:17:43,413 | INFO | watchfiles.main | 1 change detected
2026-07-08 11:17:43,821 | INFO | watchfiles.main | 1 change detected
2026-07-08 11:17:44,224 | INFO | watchfiles.main | 1 change detected
2026-07-08 11:17:44,627 | INFO | watchfiles.main | 1 change detected
2026-07-08 11:17:44,980 | INFO | watchfiles.main | 1 change detected
2026-07-08 11:17:45,387 | INFO | watchfiles.main | 1 change detected
2026-07-08 11:17:45,796 | INFO | watchfiles.main | 1 change detected
2026-07-08 11:17:46,205 | INFO | watchfiles.main | 1 change detected
2026-07-08 11:17:46,615 | INFO | watchfiles.main | 1 change detected
2026-07-08 11:17:47,023 | INFO | watchfiles.main | 1 change detected
2026-07-08 11:17:47,426 | INFO | watchfiles.main | 1 change detected
2026-07-08 11:17:47,838 | INFO | watchfiles.main | 1 change detected
2026-07-08 11:17:48,202 | INFO | watchfiles.main | 1 change detected
2026-07-08 11:17:48,362 | INFO | lmsguard.requests | GET /platform/notifications -> 200 10.78ms
2026-07-08 11:17:48,559 | INFO | watchfiles.main | 1 change detected
2026-07-08 11:17:48,929 | INFO | watchfiles.main | 1 change detected
2026-07-08 11:17:49,296 | INFO | watchfiles.main | 1 change detected
2026-07-08 11:17:49,658 | INFO | watchfiles.main | 1 change detected
2026-07-08 11:17:50,065 | INFO | watchfiles.main | 1 change detected
2026-07-08 11:17:50,432 | INFO | watchfiles.main | 1 change detected
2026-07-08 11:17:50,887 | INFO | watchfiles.main | 1 change detected
2026-07-08 11:17:51,242 | INFO | watchfiles.main | 1 change detected
2026-07-08 11:17:51,649 | INFO | watchfiles.main | 1 change detected
2026-07-08 11:17:52,103 | INFO | watchfiles.main | 1 change detected
2026-07-08 11:17:52,471 | INFO | watchfiles.main | 1 change detected
2026-07-08 11:17:52,890 | INFO | watchfiles.main | 1 change detected
2026-07-08 11:17:53,297 | INFO | watchfiles.main | 1 change detected
2026-07-08 11:17:53,703 | INFO | watchfiles.main | 1 change detected
2026-07-08 11:17:54,114 | INFO | watchfiles.main | 1 change detected
2026-07-08 11:17:54,568 | INFO | watchfiles.main | 1 change detected
2026-07-08 11:17:54,931 | INFO | watchfiles.main | 1 change detected
2026-07-08 11:17:55,330 | INFO | watchfiles.main | 1 change detected
2026-07-08 11:17:55,742 | INFO | watchfiles.main | 1 change detected
2026-07-08 11:17:56,105 | INFO | watchfiles.main | 1 change detected
2026-07-08 11:17:56,514 | INFO | watchfiles.main | 1 change detected
2026-07-08 11:17:56,932 | INFO | watchfiles.main | 1 change detected
2026-07-08 11:17:57,345 | INFO | watchfiles.main | 1 change detected
2026-07-08 11:17:57,756 | INFO | watchfiles.main | 1 change detected
2026-07-08 11:17:58,163 | INFO | watchfiles.main | 1 change detected
2026-07-08 11:17:58,521 | INFO | watchfiles.main | 1 change detected
2026-07-08 11:17:58,927 | INFO | watchfiles.main | 1 change detected
2026-07-08 11:17:59,337 | INFO | watchfiles.main | 1 change detected
2026-07-08 11:17:59,745 | INFO | watchfiles.main | 1 change detected
2026-07-08 11:18:00,148 | INFO | watchfiles.main | 1 change detected
2026-07-08 11:18:00,508 | INFO | watchfiles.main | 1 change detected
2026-07-08 11:18:00,962 | INFO | watchfiles.main | 1 change detected
2026-07-08 11:18:01,325 | INFO | watchfiles.main | 1 change detected
2026-07-08 11:18:01,733 | INFO | watchfiles.main | 1 change detected
2026-07-08 11:18:02,142 | INFO | watchfiles.main | 1 change detected
2026-07-08 11:18:02,504 | INFO | watchfiles.main | 1 change detected
2026-07-08 11:18:02,912 | INFO | watchfiles.main | 1 change detected
2026-07-08 11:18:03,329 | INFO | watchfiles.main | 1 change detected
2026-07-08 11:18:03,687 | INFO | watchfiles.main | 1 change detected
2026-07-08 11:18:04,089 | INFO | watchfiles.main | 1 change detected
2026-07-08 11:18:04,505 | INFO | watchfiles.main | 1 change detected
2026-07-08 11:18:04,912 | INFO | watchfiles.main | 1 change detected
2026-07-08 11:18:05,323 | INFO | watchfiles.main | 1 change detected
2026-07-08 11:18:05,726 | INFO | watchfiles.main | 1 change detected
2026-07-08 11:18:06,127 | INFO | watchfiles.main | 1 change detected
2026-07-08 11:18:06,487 | INFO | watchfiles.main | 1 change detected
2026-07-08 11:18:06,901 | INFO | watchfiles.main | 1 change detected
2026-07-08 11:18:07,303 | INFO | watchfiles.main | 1 change detected
2026-07-08 11:18:07,707 | INFO | watchfiles.main | 1 change detected
2026-07-08 11:18:08,111 | INFO | watchfiles.main | 1 change detected
2026-07-08 11:18:08,479 | INFO | watchfiles.main | 1 change detected
2026-07-08 11:18:08,893 | INFO | watchfiles.main | 1 change detected
2026-07-08 11:18:09,299 | INFO | watchfiles.main | 1 change detected
2026-07-08 11:18:09,702 | INFO | watchfiles.main | 1 change detected
2026-07-08 11:18:10,111 | INFO | watchfiles.main | 1 change detected
2026-07-08 11:18:10,516 | INFO | watchfiles.main | 1 change detected
2026-07-08 11:18:10,924 | INFO | watchfiles.main | 1 change detected
2026-07-08 11:18:11,279 | INFO | watchfiles.main | 1 change detected
2026-07-08 11:18:11,684 | INFO | watchfiles.main | 1 change detected
2026-07-08 11:18:12,094 | INFO | watchfiles.main | 1 change detected
2026-07-08 11:18:12,500 | INFO | watchfiles.main | 1 change detected
2026-07-08 11:18:12,912 | INFO | watchfiles.main | 1 change detected
2026-07-08 11:18:13,273 | INFO | watchfiles.main | 1 change detected
2026-07-08 11:18:13,680 | INFO | watchfiles.main | 1 change detected
2026-07-08 11:18:14,088 | INFO | watchfiles.main | 1 change detected
2026-07-08 11:18:14,491 | INFO | watchfiles.main | 1 change detected
2026-07-08 11:18:14,899 | INFO | watchfiles.main | 1 change detected
2026-07-08 11:18:15,263 | INFO | watchfiles.main | 1 change detected
2026-07-08 11:18:15,669 | INFO | watchfiles.main | 1 change detected
2026-07-08 11:18:16,072 | INFO | watchfiles.main | 1 change detected
2026-07-08 11:18:16,474 | INFO | watchfiles.main | 1 change detected
2026-07-08 11:18:16,889 | INFO | watchfiles.main | 1 change detected
2026-07-08 11:18:17,325 | INFO | watchfiles.main | 1 change detected
2026-07-08 11:18:17,734 | INFO | watchfiles.main | 1 change detected
2026-07-08 11:18:18,099 | INFO | watchfiles.main | 1 change detected
2026-07-08 11:18:18,502 | INFO | watchfiles.main | 1 change detected
2026-07-08 11:18:18,913 | INFO | watchfiles.main | 1 change detected
2026-07-08 11:18:19,277 | INFO | watchfiles.main | 1 change detected
2026-07-08 11:18:19,691 | INFO | watchfiles.main | 1 change detected
2026-07-08 11:18:20,104 | INFO | watchfiles.main | 1 change detected
2026-07-08 11:18:20,514 | INFO | watchfiles.main | 1 change detected
2026-07-08 11:18:20,921 | INFO | watchfiles.main | 1 change detected
2026-07-08 11:18:21,336 | INFO | watchfiles.main | 1 change detected
2026-07-08 11:18:21,740 | INFO | watchfiles.main | 1 change detected
2026-07-08 11:18:22,098 | INFO | watchfiles.main | 1 change detected
2026-07-08 11:18:22,502 | INFO | watchfiles.main | 1 change detected
2026-07-08 11:18:22,906 | INFO | watchfiles.main | 1 change detected
2026-07-08 11:18:23,309 | INFO | watchfiles.main | 1 change detected
2026-07-08 11:18:23,675 | INFO | watchfiles.main | 1 change detected
2026-07-08 11:18:24,086 | INFO | watchfiles.main | 1 change detected
2026-07-08 11:18:24,497 | INFO | watchfiles.main | 1 change detected
2026-07-08 11:18:24,904 | INFO | watchfiles.main | 1 change detected
2026-07-08 11:18:25,320 | INFO | watchfiles.main | 1 change detected
2026-07-08 11:18:25,729 | INFO | watchfiles.main | 1 change detected
2026-07-08 11:18:26,093 | INFO | watchfiles.main | 1 change detected
2026-07-08 11:18:26,495 | INFO | watchfiles.main | 1 change detected
2026-07-08 11:18:26,897 | INFO | watchfiles.main | 1 change detected
2026-07-08 11:18:27,312 | INFO | watchfiles.main | 1 change detected
2026-07-08 11:18:27,716 | INFO | watchfiles.main | 1 change detected
2026-07-08 11:18:28,076 | INFO | watchfiles.main | 1 change detected
2026-07-08 11:18:28,496 | INFO | watchfiles.main | 1 change detected
2026-07-08 11:18:28,898 | INFO | watchfiles.main | 1 change detected
2026-07-08 11:18:29,285 | INFO | watchfiles.main | 1 change detected
2026-07-08 11:18:29,698 | INFO | watchfiles.main | 1 change detected
2026-07-08 11:18:30,110 | INFO | watchfiles.main | 1 change detected
2026-07-08 11:18:30,474 | INFO | watchfiles.main | 1 change detected
2026-07-08 11:18:30,880 | INFO | watchfiles.main | 1 change detected
2026-07-08 11:18:31,289 | INFO | watchfiles.main | 1 change detected
2026-07-08 11:18:31,701 | INFO | watchfiles.main | 1 change detected
2026-07-08 11:18:32,063 | INFO | watchfiles.main | 1 change detected
2026-07-08 11:18:32,470 | INFO | watchfiles.main | 1 change detected
2026-07-08 11:18:32,876 | INFO | watchfiles.main | 1 change detected
2026-07-08 11:18:33,228 | INFO | watchfiles.main | 1 change detected
2026-07-08 11:18:33,644 | INFO | watchfiles.main | 1 change detected
2026-07-08 11:18:34,046 | INFO | watchfiles.main | 1 change detected
2026-07-08 11:18:34,451 | INFO | watchfiles.main | 1 change detected
2026-07-08 11:18:34,857 | INFO | watchfiles.main | 1 change detected
2026-07-08 11:18:35,266 | INFO | watchfiles.main | 1 change detected
2026-07-08 11:18:35,634 | INFO | watchfiles.main | 1 change detected
2026-07-08 11:18:36,038 | INFO | watchfiles.main | 1 change detected
2026-07-08 11:18:36,440 | INFO | watchfiles.main | 1 change detected
2026-07-08 11:18:36,799 | INFO | watchfiles.main | 1 change detected
2026-07-08 11:18:37,215 | INFO | watchfiles.main | 1 change detected
2026-07-08 11:18:37,632 | INFO | watchfiles.main | 1 change detected
2026-07-08 11:18:37,992 | INFO | watchfiles.main | 1 change detected
2026-07-08 11:18:38,397 | INFO | watchfiles.main | 1 change detected
2026-07-08 11:18:38,804 | INFO | watchfiles.main | 1 change detected
2026-07-08 11:18:39,209 | INFO | watchfiles.main | 1 change detected
2026-07-08 11:18:39,613 | INFO | watchfiles.main | 1 change detected
2026-07-08 11:18:40,017 | INFO | watchfiles.main | 1 change detected
2026-07-08 11:18:40,375 | INFO | watchfiles.main | 1 change detected
2026-07-08 11:18:40,782 | INFO | watchfiles.main | 1 change detected
2026-07-08 11:18:41,194 | INFO | watchfiles.main | 1 change detected
2026-07-08 11:18:41,598 | INFO | watchfiles.main | 1 change detected
2026-07-08 11:18:42,019 | INFO | watchfiles.main | 1 change detected
2026-07-08 11:18:42,372 | INFO | watchfiles.main | 1 change detected
2026-07-08 11:18:42,782 | INFO | watchfiles.main | 1 change detected
2026-07-08 11:18:43,189 | INFO | watchfiles.main | 1 change detected
2026-07-08 11:18:43,599 | INFO | watchfiles.main | 1 change detected
2026-07-08 11:18:43,955 | INFO | watchfiles.main | 1 change detected
2026-07-08 11:18:44,367 | INFO | watchfiles.main | 1 change detected
2026-07-08 11:18:44,776 | INFO | watchfiles.main | 1 change detected
2026-07-08 11:18:45,193 | INFO | watchfiles.main | 1 change detected
2026-07-08 11:18:45,601 | INFO | watchfiles.main | 1 change detected
2026-07-08 11:18:45,954 | INFO | watchfiles.main | 1 change detected
2026-07-08 11:18:46,357 | INFO | watchfiles.main | 1 change detected
2026-07-08 11:18:46,773 | INFO | watchfiles.main | 1 change detected
2026-07-08 11:18:47,189 | INFO | watchfiles.main | 1 change detected
2026-07-08 11:18:47,555 | INFO | watchfiles.main | 1 change detected
2026-07-08 11:18:47,960 | INFO | watchfiles.main | 1 change detected
2026-07-08 11:18:48,370 | INFO | watchfiles.main | 1 change detected
2026-07-08 11:18:48,669 | INFO | lmsguard.requests | GET /platform/notifications -> 200 13.72ms
2026-07-08 11:18:48,732 | INFO | watchfiles.main | 1 change detected
2026-07-08 11:18:49,156 | INFO | watchfiles.main | 1 change detected
2026-07-08 11:18:49,564 | INFO | watchfiles.main | 1 change detected
2026-07-08 11:18:49,927 | INFO | watchfiles.main | 1 change detected
2026-07-08 11:18:50,335 | INFO | watchfiles.main | 1 change detected
2026-07-08 11:18:50,706 | INFO | watchfiles.main | 1 change detected
2026-07-08 11:18:51,112 | INFO | watchfiles.main | 1 change detected
2026-07-08 11:18:51,519 | INFO | watchfiles.main | 1 change detected
2026-07-08 11:18:51,925 | INFO | watchfiles.main | 1 change detected
2026-07-08 11:18:52,329 | INFO | watchfiles.main | 1 change detected
2026-07-08 11:18:52,733 | INFO | watchfiles.main | 1 change detected
2026-07-08 11:18:53,146 | INFO | watchfiles.main | 1 change detected
2026-07-08 11:18:53,510 | INFO | watchfiles.main | 1 change detected
2026-07-08 11:18:53,914 | INFO | watchfiles.main | 1 change detected
2026-07-08 11:18:54,316 | INFO | watchfiles.main | 1 change detected
2026-07-08 11:18:54,732 | INFO | watchfiles.main | 1 change detected
2026-07-08 11:18:55,137 | INFO | watchfiles.main | 1 change detected
2026-07-08 11:18:55,541 | INFO | watchfiles.main | 1 change detected
2026-07-08 11:18:55,900 | INFO | watchfiles.main | 1 change detected
2026-07-08 11:18:56,309 | INFO | watchfiles.main | 1 change detected
2026-07-08 11:18:56,724 | INFO | watchfiles.main | 1 change detected
2026-07-08 11:18:57,128 | INFO | watchfiles.main | 1 change detected
2026-07-08 11:18:57,483 | INFO | watchfiles.main | 1 change detected
2026-07-08 11:18:57,894 | INFO | watchfiles.main | 1 change detected
2026-07-08 11:18:58,306 | INFO | watchfiles.main | 1 change detected
2026-07-08 11:18:58,719 | INFO | watchfiles.main | 1 change detected
2026-07-08 11:18:59,122 | INFO | watchfiles.main | 1 change detected
2026-07-08 11:18:59,482 | INFO | watchfiles.main | 1 change detected
2026-07-08 11:18:59,890 | INFO | watchfiles.main | 1 change detected
2026-07-08 11:19:00,299 | INFO | watchfiles.main | 1 change detected
2026-07-08 11:19:00,710 | INFO | watchfiles.main | 1 change detected
2026-07-08 11:19:01,114 | INFO | watchfiles.main | 1 change detected
2026-07-08 11:19:01,467 | INFO | watchfiles.main | 1 change detected
2026-07-08 11:19:01,873 | INFO | watchfiles.main | 1 change detected
2026-07-08 11:19:02,285 | INFO | watchfiles.main | 1 change detected
2026-07-08 11:19:02,693 | INFO | watchfiles.main | 1 change detected
2026-07-08 11:19:03,047 | INFO | watchfiles.main | 1 change detected
2026-07-08 11:19:03,454 | INFO | watchfiles.main | 1 change detected
2026-07-08 11:19:03,865 | INFO | watchfiles.main | 1 change detected
2026-07-08 11:19:04,275 | INFO | watchfiles.main | 1 change detected
2026-07-08 11:19:04,691 | INFO | watchfiles.main | 1 change detected
2026-07-08 11:19:05,099 | INFO | watchfiles.main | 1 change detected
2026-07-08 11:19:05,510 | INFO | watchfiles.main | 1 change detected
2026-07-08 11:19:05,874 | INFO | watchfiles.main | 1 change detected
2026-07-08 11:19:06,285 | INFO | watchfiles.main | 1 change detected
2026-07-08 11:19:06,700 | INFO | watchfiles.main | 1 change detected
2026-07-08 11:19:07,103 | INFO | watchfiles.main | 1 change detected
2026-07-08 11:19:07,508 | INFO | watchfiles.main | 1 change detected
2026-07-08 11:19:07,922 | INFO | watchfiles.main | 1 change detected
2026-07-08 11:19:08,283 | INFO | watchfiles.main | 1 change detected
2026-07-08 11:19:08,700 | INFO | watchfiles.main | 1 change detected
2026-07-08 11:19:09,110 | INFO | watchfiles.main | 1 change detected
2026-07-08 11:19:09,519 | INFO | watchfiles.main | 1 change detected
2026-07-08 11:19:09,879 | INFO | watchfiles.main | 1 change detected
2026-07-08 11:19:10,292 | INFO | watchfiles.main | 1 change detected
2026-07-08 11:19:10,708 | INFO | watchfiles.main | 1 change detected
2026-07-08 11:19:11,061 | INFO | watchfiles.main | 1 change detected
2026-07-08 11:19:11,467 | INFO | watchfiles.main | 1 change detected
2026-07-08 11:19:11,885 | INFO | watchfiles.main | 1 change detected
2026-07-08 11:19:12,251 | INFO | watchfiles.main | 1 change detected
2026-07-08 11:19:12,657 | INFO | watchfiles.main | 1 change detected
2026-07-08 11:19:13,068 | INFO | watchfiles.main | 1 change detected
2026-07-08 11:19:13,474 | INFO | watchfiles.main | 1 change detected
2026-07-08 11:19:13,883 | INFO | watchfiles.main | 1 change detected
2026-07-08 11:19:14,341 | INFO | watchfiles.main | 1 change detected
2026-07-08 11:19:14,745 | INFO | watchfiles.main | 1 change detected
2026-07-08 11:19:15,105 | INFO | watchfiles.main | 1 change detected
2026-07-08 11:19:15,518 | INFO | watchfiles.main | 1 change detected
2026-07-08 11:19:15,927 | INFO | watchfiles.main | 1 change detected
2026-07-08 11:19:16,335 | INFO | watchfiles.main | 1 change detected
2026-07-08 11:19:16,739 | INFO | watchfiles.main | 1 change detected
2026-07-08 11:19:17,147 | INFO | watchfiles.main | 1 change detected
2026-07-08 11:19:17,514 | INFO | watchfiles.main | 1 change detected
2026-07-08 11:19:17,931 | INFO | watchfiles.main | 1 change detected
2026-07-08 11:19:18,346 | INFO | watchfiles.main | 1 change detected
2026-07-08 11:19:18,702 | INFO | watchfiles.main | 1 change detected
2026-07-08 11:19:19,114 | INFO | watchfiles.main | 1 change detected
2026-07-08 11:19:19,525 | INFO | watchfiles.main | 1 change detected
2026-07-08 11:19:19,947 | INFO | watchfiles.main | 1 change detected
2026-07-08 11:19:20,305 | INFO | watchfiles.main | 1 change detected
2026-07-08 11:19:20,714 | INFO | watchfiles.main | 1 change detected
2026-07-08 11:19:21,123 | INFO | watchfiles.main | 1 change detected
2026-07-08 11:19:21,539 | INFO | watchfiles.main | 1 change detected
2026-07-08 11:19:21,896 | INFO | watchfiles.main | 1 change detected
2026-07-08 11:19:22,301 | INFO | watchfiles.main | 1 change detected
2026-07-08 11:19:22,710 | INFO | watchfiles.main | 1 change detected
2026-07-08 11:19:23,123 | INFO | watchfiles.main | 1 change detected
2026-07-08 11:19:23,530 | INFO | watchfiles.main | 1 change detected
2026-07-08 11:19:23,887 | INFO | watchfiles.main | 1 change detected
2026-07-08 11:19:24,295 | INFO | watchfiles.main | 1 change detected
2026-07-08 11:19:24,706 | INFO | watchfiles.main | 1 change detected
2026-07-08 11:19:25,115 | INFO | watchfiles.main | 1 change detected
2026-07-08 11:19:25,522 | INFO | watchfiles.main | 1 change detected
2026-07-08 11:19:25,884 | INFO | watchfiles.main | 1 change detected
2026-07-08 11:19:26,296 | INFO | watchfiles.main | 1 change detected
2026-07-08 11:19:26,704 | INFO | watchfiles.main | 1 change detected
2026-07-08 11:19:27,109 | INFO | watchfiles.main | 1 change detected
2026-07-08 11:19:27,465 | INFO | watchfiles.main | 1 change detected
2026-07-08 11:19:27,869 | INFO | watchfiles.main | 1 change detected
2026-07-08 11:19:28,275 | INFO | watchfiles.main | 1 change detected
2026-07-08 11:19:28,652 | INFO | watchfiles.main | 1 change detected
2026-07-08 11:19:29,064 | INFO | watchfiles.main | 1 change detected
2026-07-08 11:19:29,467 | INFO | watchfiles.main | 1 change detected
2026-07-08 11:19:29,837 | INFO | watchfiles.main | 1 change detected
2026-07-08 11:19:30,247 | INFO | watchfiles.main | 1 change detected
2026-07-08 11:19:30,656 | INFO | watchfiles.main | 1 change detected
2026-07-08 11:19:31,060 | INFO | watchfiles.main | 1 change detected
2026-07-08 11:19:31,463 | INFO | watchfiles.main | 1 change detected
2026-07-08 11:19:31,876 | INFO | watchfiles.main | 1 change detected
2026-07-08 11:19:32,288 | INFO | watchfiles.main | 1 change detected
2026-07-08 11:19:32,652 | INFO | watchfiles.main | 1 change detected
2026-07-08 11:19:33,055 | INFO | watchfiles.main | 1 change detected
2026-07-08 11:19:33,458 | INFO | watchfiles.main | 1 change detected
2026-07-08 11:19:33,818 | INFO | watchfiles.main | 1 change detected
2026-07-08 11:19:34,223 | INFO | watchfiles.main | 1 change detected
2026-07-08 11:19:34,627 | INFO | watchfiles.main | 1 change detected
2026-07-08 11:19:35,032 | INFO | watchfiles.main | 1 change detected
2026-07-08 11:19:35,442 | INFO | watchfiles.main | 1 change detected
2026-07-08 11:19:35,847 | INFO | watchfiles.main | 1 change detected
2026-07-08 11:19:36,250 | INFO | watchfiles.main | 1 change detected
2026-07-08 11:19:36,603 | INFO | watchfiles.main | 1 change detected
2026-07-08 11:19:37,008 | INFO | watchfiles.main | 1 change detected
2026-07-08 11:19:37,421 | INFO | watchfiles.main | 1 change detected
2026-07-08 11:19:37,877 | INFO | watchfiles.main | 1 change detected
2026-07-08 11:19:38,236 | INFO | watchfiles.main | 1 change detected
2026-07-08 11:19:38,639 | INFO | watchfiles.main | 1 change detected
2026-07-08 11:19:39,042 | INFO | watchfiles.main | 1 change detected
2026-07-08 11:19:39,452 | INFO | watchfiles.main | 1 change detected
2026-07-08 11:19:39,908 | INFO | watchfiles.main | 1 change detected
2026-07-08 11:19:40,268 | INFO | watchfiles.main | 1 change detected
2026-07-08 11:19:40,675 | INFO | watchfiles.main | 1 change detected
2026-07-08 11:19:41,079 | INFO | watchfiles.main | 1 change detected
2026-07-08 11:19:41,490 | INFO | watchfiles.main | 1 change detected
2026-07-08 11:19:41,844 | INFO | watchfiles.main | 1 change detected
2026-07-08 11:19:42,247 | INFO | watchfiles.main | 1 change detected
2026-07-08 11:19:42,664 | INFO | watchfiles.main | 1 change detected
2026-07-08 11:19:43,025 | INFO | watchfiles.main | 1 change detected
2026-07-08 11:19:43,439 | INFO | watchfiles.main | 1 change detected
2026-07-08 11:19:43,845 | INFO | watchfiles.main | 1 change detected
2026-07-08 11:19:44,249 | INFO | watchfiles.main | 1 change detected
2026-07-08 11:19:44,611 | INFO | watchfiles.main | 1 change detected
2026-07-08 11:19:45,015 | INFO | watchfiles.main | 1 change detected
2026-07-08 11:19:45,378 | INFO | watchfiles.main | 1 change detected
2026-07-08 11:19:45,791 | INFO | watchfiles.main | 1 change detected
2026-07-08 11:19:46,206 | INFO | watchfiles.main | 1 change detected
2026-07-08 11:19:46,574 | INFO | watchfiles.main | 1 change detected
2026-07-08 11:19:46,980 | INFO | watchfiles.main | 1 change detected
2026-07-08 11:19:47,390 | INFO | watchfiles.main | 1 change detected
2026-07-08 11:19:47,801 | INFO | watchfiles.main | 1 change detected
2026-07-08 11:19:48,208 | INFO | watchfiles.main | 1 change detected
2026-07-08 11:19:48,348 | INFO | lmsguard.requests | OPTIONS /platform/notifications -> 200 0.53ms
2026-07-08 11:19:48,370 | INFO | lmsguard.requests | GET /platform/notifications -> 200 12.25ms
2026-07-08 11:19:48,560 | INFO | watchfiles.main | 1 change detected
2026-07-08 11:19:48,936 | INFO | watchfiles.main | 1 change detected
2026-07-08 11:19:49,300 | INFO | watchfiles.main | 1 change detected
2026-07-08 11:19:49,657 | INFO | watchfiles.main | 1 change detected
2026-07-08 11:19:50,022 | INFO | watchfiles.main | 1 change detected
2026-07-08 11:19:50,386 | INFO | watchfiles.main | 1 change detected
2026-07-08 11:19:50,763 | INFO | watchfiles.main | 1 change detected
2026-07-08 11:19:51,119 | INFO | watchfiles.main | 1 change detected
2026-07-08 11:19:51,476 | INFO | watchfiles.main | 1 change detected
2026-07-08 11:19:51,828 | INFO | watchfiles.main | 1 change detected
2026-07-08 11:19:52,233 | INFO | watchfiles.main | 1 change detected
2026-07-08 11:19:52,652 | INFO | watchfiles.main | 1 change detected
2026-07-08 11:19:53,010 | INFO | watchfiles.main | 1 change detected
2026-07-08 11:19:53,420 | INFO | watchfiles.main | 1 change detected
2026-07-08 11:19:53,830 | INFO | watchfiles.main | 1 change detected
2026-07-08 11:19:54,239 | INFO | watchfiles.main | 1 change detected
2026-07-08 11:19:54,645 | INFO | watchfiles.main | 1 change detected
2026-07-08 11:19:55,055 | INFO | watchfiles.main | 1 change detected
2026-07-08 11:19:55,414 | INFO | watchfiles.main | 1 change detected
2026-07-08 11:19:55,827 | INFO | watchfiles.main | 1 change detected
2026-07-08 11:19:56,191 | INFO | watchfiles.main | 1 change detected
2026-07-08 11:19:56,600 | INFO | watchfiles.main | 1 change detected
2026-07-08 11:19:57,008 | INFO | watchfiles.main | 1 change detected
2026-07-08 11:19:57,415 | INFO | watchfiles.main | 1 change detected
2026-07-08 11:19:57,770 | INFO | watchfiles.main | 1 change detected
2026-07-08 11:19:58,179 | INFO | watchfiles.main | 1 change detected
2026-07-08 11:19:58,583 | INFO | watchfiles.main | 1 change detected
2026-07-08 11:19:58,993 | INFO | watchfiles.main | 1 change detected
2026-07-08 11:19:59,396 | INFO | watchfiles.main | 1 change detected
2026-07-08 11:19:59,803 | INFO | watchfiles.main | 1 change detected
2026-07-08 11:20:00,213 | INFO | watchfiles.main | 1 change detected
2026-07-08 11:20:00,580 | INFO | watchfiles.main | 1 change detected
2026-07-08 11:20:00,988 | INFO | watchfiles.main | 1 change detected
2026-07-08 11:20:01,396 | INFO | watchfiles.main | 1 change detected
2026-07-08 11:20:01,810 | INFO | watchfiles.main | 1 change detected
2026-07-08 11:20:02,212 | INFO | watchfiles.main | 1 change detected
2026-07-08 11:20:02,615 | INFO | watchfiles.main | 1 change detected
2026-07-08 11:20:02,974 | INFO | watchfiles.main | 1 change detected
2026-07-08 11:20:03,383 | INFO | watchfiles.main | 1 change detected
2026-07-08 11:20:03,793 | INFO | watchfiles.main | 1 change detected
2026-07-08 11:20:04,200 | INFO | watchfiles.main | 1 change detected
2026-07-08 11:20:04,603 | INFO | watchfiles.main | 1 change detected
2026-07-08 11:20:05,009 | INFO | watchfiles.main | 1 change detected
2026-07-08 11:20:05,417 | INFO | watchfiles.main | 1 change detected
2026-07-08 11:20:05,775 | INFO | watchfiles.main | 1 change detected
2026-07-08 11:20:06,178 | INFO | watchfiles.main | 1 change detected
2026-07-08 11:20:06,583 | INFO | watchfiles.main | 1 change detected
2026-07-08 11:20:06,995 | INFO | watchfiles.main | 1 change detected
2026-07-08 11:20:07,398 | INFO | watchfiles.main | 1 change detected
2026-07-08 11:20:07,808 | INFO | watchfiles.main | 1 change detected
2026-07-08 11:20:08,218 | INFO | watchfiles.main | 1 change detected
2026-07-08 11:20:08,582 | INFO | watchfiles.main | 1 change detected
2026-07-08 11:20:08,991 | INFO | watchfiles.main | 1 change detected
2026-07-08 11:20:09,396 | INFO | watchfiles.main | 1 change detected
2026-07-08 11:20:09,808 | INFO | watchfiles.main | 1 change detected
2026-07-08 11:20:10,212 | INFO | watchfiles.main | 1 change detected
2026-07-08 11:20:10,623 | INFO | watchfiles.main | 1 change detected
2026-07-08 11:20:11,035 | INFO | watchfiles.main | 1 change detected
2026-07-08 11:20:11,398 | INFO | watchfiles.main | 1 change detected
2026-07-08 11:20:11,801 | INFO | watchfiles.main | 1 change detected
2026-07-08 11:20:12,209 | INFO | watchfiles.main | 1 change detected
2026-07-08 11:20:12,571 | INFO | watchfiles.main | 1 change detected
2026-07-08 11:20:12,979 | INFO | watchfiles.main | 1 change detected
2026-07-08 11:20:13,387 | INFO | watchfiles.main | 1 change detected
2026-07-08 11:20:13,756 | INFO | watchfiles.main | 1 change detected
2026-07-08 11:20:14,165 | INFO | watchfiles.main | 1 change detected
2026-07-08 11:20:14,578 | INFO | watchfiles.main | 1 change detected
2026-07-08 11:20:14,988 | INFO | watchfiles.main | 1 change detected
2026-07-08 11:20:15,345 | INFO | watchfiles.main | 1 change detected
2026-07-08 11:20:15,753 | INFO | watchfiles.main | 1 change detected
2026-07-08 11:20:16,162 | INFO | watchfiles.main | 1 change detected
2026-07-08 11:20:16,571 | INFO | watchfiles.main | 1 change detected
2026-07-08 11:20:16,975 | INFO | watchfiles.main | 1 change detected
2026-07-08 11:20:17,380 | INFO | watchfiles.main | 1 change detected
2026-07-08 11:20:17,792 | INFO | watchfiles.main | 1 change detected
2026-07-08 11:20:18,145 | INFO | watchfiles.main | 1 change detected
2026-07-08 11:20:18,560 | INFO | watchfiles.main | 1 change detected
2026-07-08 11:20:18,969 | INFO | watchfiles.main | 1 change detected
2026-07-08 11:20:19,381 | INFO | watchfiles.main | 1 change detected
2026-07-08 11:20:19,745 | INFO | watchfiles.main | 1 change detected
2026-07-08 11:20:20,160 | INFO | watchfiles.main | 1 change detected
2026-07-08 11:20:20,565 | INFO | watchfiles.main | 1 change detected
2026-07-08 11:20:20,981 | INFO | watchfiles.main | 1 change detected
2026-07-08 11:20:21,390 | INFO | watchfiles.main | 1 change detected
2026-07-08 11:20:21,793 | INFO | watchfiles.main | 1 change detected
2026-07-08 11:20:22,154 | INFO | watchfiles.main | 1 change detected
2026-07-08 11:20:22,560 | INFO | watchfiles.main | 1 change detected
2026-07-08 11:20:22,967 | INFO | watchfiles.main | 1 change detected
2026-07-08 11:20:23,370 | INFO | watchfiles.main | 1 change detected
2026-07-08 11:20:23,776 | INFO | watchfiles.main | 1 change detected
2026-07-08 11:20:24,136 | INFO | watchfiles.main | 1 change detected
2026-07-08 11:20:24,593 | INFO | watchfiles.main | 1 change detected
2026-07-08 11:20:24,999 | INFO | watchfiles.main | 1 change detected
2026-07-08 11:20:25,363 | INFO | watchfiles.main | 1 change detected
2026-07-08 11:20:25,777 | INFO | watchfiles.main | 1 change detected
2026-07-08 11:20:26,189 | INFO | watchfiles.main | 1 change detected
2026-07-08 11:20:26,601 | INFO | watchfiles.main | 1 change detected
2026-07-08 11:20:27,007 | INFO | watchfiles.main | 1 change detected
2026-07-08 11:20:27,370 | INFO | watchfiles.main | 1 change detected
2026-07-08 11:20:27,789 | INFO | watchfiles.main | 1 change detected
2026-07-08 11:20:28,195 | INFO | watchfiles.main | 1 change detected
2026-07-08 11:20:28,604 | INFO | watchfiles.main | 1 change detected
2026-07-08 11:20:28,964 | INFO | watchfiles.main | 1 change detected
2026-07-08 11:20:29,371 | INFO | watchfiles.main | 1 change detected
2026-07-08 11:20:29,783 | INFO | watchfiles.main | 1 change detected
2026-07-08 11:20:30,188 | INFO | watchfiles.main | 1 change detected
2026-07-08 11:20:30,549 | INFO | watchfiles.main | 1 change detected
2026-07-08 11:20:31,002 | INFO | watchfiles.main | 1 change detected
2026-07-08 11:20:31,408 | INFO | watchfiles.main | 1 change detected
2026-07-08 11:20:31,761 | INFO | watchfiles.main | 1 change detected
2026-07-08 11:20:32,210 | INFO | watchfiles.main | 1 change detected
2026-07-08 11:20:32,565 | INFO | watchfiles.main | 1 change detected
2026-07-08 11:20:32,975 | INFO | watchfiles.main | 1 change detected
2026-07-08 11:20:33,386 | INFO | watchfiles.main | 1 change detected
2026-07-08 11:20:33,791 | INFO | watchfiles.main | 1 change detected
2026-07-08 11:20:34,195 | INFO | watchfiles.main | 1 change detected
2026-07-08 11:20:34,600 | INFO | watchfiles.main | 1 change detected
2026-07-08 11:20:35,006 | INFO | watchfiles.main | 1 change detected
2026-07-08 11:20:35,411 | INFO | watchfiles.main | 1 change detected
2026-07-08 11:20:35,824 | INFO | watchfiles.main | 1 change detected
2026-07-08 11:20:36,188 | INFO | watchfiles.main | 1 change detected
2026-07-08 11:20:36,594 | INFO | watchfiles.main | 1 change detected
2026-07-08 11:20:36,998 | INFO | watchfiles.main | 1 change detected
2026-07-08 11:20:37,406 | INFO | watchfiles.main | 1 change detected
2026-07-08 11:20:37,771 | INFO | watchfiles.main | 1 change detected
2026-07-08 11:20:38,180 | INFO | watchfiles.main | 1 change detected
2026-07-08 11:20:38,585 | INFO | watchfiles.main | 1 change detected
2026-07-08 11:20:38,994 | INFO | watchfiles.main | 1 change detected
2026-07-08 11:20:39,406 | INFO | watchfiles.main | 1 change detected
2026-07-08 11:20:39,817 | INFO | watchfiles.main | 1 change detected
2026-07-08 11:20:40,226 | INFO | watchfiles.main | 1 change detected
2026-07-08 11:20:40,643 | INFO | watchfiles.main | 1 change detected
2026-07-08 11:20:40,999 | INFO | watchfiles.main | 1 change detected
2026-07-08 11:20:41,404 | INFO | watchfiles.main | 1 change detected
2026-07-08 11:20:41,814 | INFO | watchfiles.main | 1 change detected
2026-07-08 11:20:42,222 | INFO | watchfiles.main | 1 change detected
2026-07-08 11:20:42,633 | INFO | watchfiles.main | 1 change detected
2026-07-08 11:20:42,994 | INFO | watchfiles.main | 1 change detected
2026-07-08 11:20:43,397 | INFO | watchfiles.main | 1 change detected
2026-07-08 11:20:43,806 | INFO | watchfiles.main | 1 change detected
2026-07-08 11:20:44,212 | INFO | watchfiles.main | 1 change detected
2026-07-08 11:20:44,631 | INFO | watchfiles.main | 1 change detected
2026-07-08 11:20:45,037 | INFO | watchfiles.main | 1 change detected
2026-07-08 11:20:45,441 | INFO | watchfiles.main | 1 change detected
2026-07-08 11:20:45,853 | INFO | watchfiles.main | 1 change detected
2026-07-08 11:20:46,207 | INFO | watchfiles.main | 1 change detected
2026-07-08 11:20:46,612 | INFO | watchfiles.main | 1 change detected
2026-07-08 11:20:47,017 | INFO | watchfiles.main | 1 change detected
2026-07-08 11:20:47,426 | INFO | watchfiles.main | 1 change detected
2026-07-08 11:20:47,835 | INFO | watchfiles.main | 1 change detected
2026-07-08 11:20:48,187 | INFO | watchfiles.main | 1 change detected
2026-07-08 11:20:48,599 | INFO | watchfiles.main | 1 change detected
2026-07-08 11:20:48,657 | INFO | lmsguard.requests | GET /platform/notifications -> 200 8.87ms
2026-07-08 11:20:48,957 | INFO | watchfiles.main | 1 change detected
2026-07-08 11:20:49,322 | INFO | watchfiles.main | 1 change detected
2026-07-08 11:20:49,680 | INFO | watchfiles.main | 1 change detected
2026-07-08 11:20:50,046 | INFO | watchfiles.main | 1 change detected
2026-07-08 11:20:50,408 | INFO | watchfiles.main | 1 change detected
2026-07-08 11:20:50,762 | INFO | watchfiles.main | 1 change detected
2026-07-08 11:20:51,119 | INFO | watchfiles.main | 1 change detected
2026-07-08 11:20:51,477 | INFO | watchfiles.main | 1 change detected
2026-07-08 11:20:51,906 | INFO | watchfiles.main | 1 change detected
2026-07-08 11:20:52,314 | INFO | watchfiles.main | 1 change detected
2026-07-08 11:20:52,721 | INFO | watchfiles.main | 1 change detected
2026-07-08 11:20:53,079 | INFO | watchfiles.main | 1 change detected
2026-07-08 11:20:53,484 | INFO | watchfiles.main | 1 change detected
2026-07-08 11:20:53,899 | INFO | watchfiles.main | 1 change detected
2026-07-08 11:20:54,307 | INFO | watchfiles.main | 1 change detected
2026-07-08 11:20:54,666 | INFO | watchfiles.main | 1 change detected
2026-07-08 11:20:55,073 | INFO | watchfiles.main | 1 change detected
2026-07-08 11:20:55,487 | INFO | watchfiles.main | 1 change detected
2026-07-08 11:20:55,898 | INFO | watchfiles.main | 1 change detected
2026-07-08 11:20:56,316 | INFO | watchfiles.main | 1 change detected
2026-07-08 11:20:56,722 | INFO | watchfiles.main | 1 change detected
2026-07-08 11:20:57,137 | INFO | watchfiles.main | 1 change detected
2026-07-08 11:20:57,492 | INFO | watchfiles.main | 1 change detected
2026-07-08 11:20:57,895 | INFO | watchfiles.main | 1 change detected
2026-07-08 11:20:58,301 | INFO | watchfiles.main | 1 change detected
2026-07-08 11:20:58,661 | INFO | watchfiles.main | 1 change detected
2026-07-08 11:20:59,069 | INFO | watchfiles.main | 1 change detected
2026-07-08 11:20:59,473 | INFO | watchfiles.main | 1 change detected
2026-07-08 11:20:59,882 | INFO | watchfiles.main | 1 change detected
2026-07-08 11:21:00,295 | INFO | watchfiles.main | 1 change detected
2026-07-08 11:21:00,709 | INFO | watchfiles.main | 1 change detected
2026-07-08 11:21:01,075 | INFO | watchfiles.main | 1 change detected
2026-07-08 11:21:01,482 | INFO | watchfiles.main | 1 change detected
2026-07-08 11:21:01,885 | INFO | watchfiles.main | 1 change detected
2026-07-08 11:21:02,299 | INFO | watchfiles.main | 1 change detected
2026-07-08 11:21:02,755 | INFO | watchfiles.main | 1 change detected
2026-07-08 11:21:03,169 | INFO | watchfiles.main | 1 change detected
2026-07-08 11:21:03,575 | INFO | watchfiles.main | 1 change detected
2026-07-08 11:21:03,937 | INFO | watchfiles.main | 1 change detected
2026-07-08 11:21:04,349 | INFO | watchfiles.main | 1 change detected
2026-07-08 11:21:04,759 | INFO | watchfiles.main | 1 change detected
2026-07-08 11:21:05,167 | INFO | watchfiles.main | 1 change detected
2026-07-08 11:21:05,572 | INFO | watchfiles.main | 1 change detected
2026-07-08 11:21:05,979 | INFO | watchfiles.main | 1 change detected
2026-07-08 11:21:06,386 | INFO | watchfiles.main | 1 change detected
2026-07-08 11:21:06,796 | INFO | watchfiles.main | 1 change detected
2026-07-08 11:21:07,153 | INFO | watchfiles.main | 1 change detected
2026-07-08 11:21:07,560 | INFO | watchfiles.main | 1 change detected
2026-07-08 11:21:07,961 | INFO | watchfiles.main | 1 change detected
2026-07-08 11:21:08,317 | INFO | watchfiles.main | 1 change detected
2026-07-08 11:21:08,729 | INFO | watchfiles.main | 1 change detected
2026-07-08 11:21:09,135 | INFO | watchfiles.main | 1 change detected
2026-07-08 11:21:09,538 | INFO | watchfiles.main | 1 change detected
2026-07-08 11:21:09,890 | INFO | watchfiles.main | 1 change detected
2026-07-08 11:21:10,294 | INFO | watchfiles.main | 1 change detected
2026-07-08 11:21:10,709 | INFO | watchfiles.main | 1 change detected
2026-07-08 11:21:11,114 | INFO | watchfiles.main | 1 change detected
2026-07-08 11:21:11,466 | INFO | watchfiles.main | 1 change detected
2026-07-08 11:21:11,871 | INFO | watchfiles.main | 1 change detected
2026-07-08 11:21:12,283 | INFO | watchfiles.main | 1 change detected
2026-07-08 11:21:12,637 | INFO | watchfiles.main | 1 change detected
2026-07-08 11:21:13,044 | INFO | watchfiles.main | 1 change detected
2026-07-08 11:21:13,452 | INFO | watchfiles.main | 1 change detected
2026-07-08 11:21:13,862 | INFO | watchfiles.main | 1 change detected
2026-07-08 11:21:14,216 | INFO | watchfiles.main | 1 change detected
2026-07-08 11:21:14,621 | INFO | watchfiles.main | 1 change detected
2026-07-08 11:21:15,036 | INFO | watchfiles.main | 1 change detected
2026-07-08 11:21:15,401 | INFO | watchfiles.main | 1 change detected
2026-07-08 11:21:15,804 | INFO | watchfiles.main | 1 change detected
2026-07-08 11:21:16,211 | INFO | watchfiles.main | 1 change detected
2026-07-08 11:21:16,614 | INFO | watchfiles.main | 1 change detected
2026-07-08 11:21:17,024 | INFO | watchfiles.main | 1 change detected
2026-07-08 11:21:17,376 | INFO | watchfiles.main | 1 change detected
2026-07-08 11:21:17,787 | INFO | watchfiles.main | 1 change detected
2026-07-08 11:21:18,199 | INFO | watchfiles.main | 1 change detected
2026-07-08 11:21:18,612 | INFO | watchfiles.main | 1 change detected
2026-07-08 11:21:19,022 | INFO | watchfiles.main | 1 change detected
2026-07-08 11:21:19,428 | INFO | watchfiles.main | 1 change detected
2026-07-08 11:21:19,783 | INFO | watchfiles.main | 1 change detected
2026-07-08 11:21:20,190 | INFO | watchfiles.main | 1 change detected
2026-07-08 11:21:20,600 | INFO | watchfiles.main | 1 change detected
2026-07-08 11:21:21,007 | INFO | watchfiles.main | 1 change detected
2026-07-08 11:21:21,361 | INFO | watchfiles.main | 1 change detected
2026-07-08 11:21:21,768 | INFO | watchfiles.main | 1 change detected
2026-07-08 11:21:22,173 | INFO | watchfiles.main | 1 change detected
2026-07-08 11:21:22,539 | INFO | watchfiles.main | 1 change detected
2026-07-08 11:21:22,995 | INFO | watchfiles.main | 1 change detected
2026-07-08 11:21:23,348 | INFO | watchfiles.main | 1 change detected
2026-07-08 11:21:23,752 | INFO | watchfiles.main | 1 change detected
2026-07-08 11:21:24,156 | INFO | watchfiles.main | 1 change detected
2026-07-08 11:21:24,563 | INFO | watchfiles.main | 1 change detected
2026-07-08 11:21:24,927 | INFO | watchfiles.main | 1 change detected
2026-07-08 11:21:25,340 | INFO | watchfiles.main | 1 change detected
2026-07-08 11:21:25,746 | INFO | watchfiles.main | 1 change detected
2026-07-08 11:21:26,098 | INFO | watchfiles.main | 1 change detected
2026-07-08 11:21:26,501 | INFO | watchfiles.main | 1 change detected
2026-07-08 11:21:26,904 | INFO | watchfiles.main | 1 change detected
2026-07-08 11:21:27,307 | INFO | watchfiles.main | 1 change detected
2026-07-08 11:21:27,709 | INFO | watchfiles.main | 1 change detected
2026-07-08 11:21:28,068 | INFO | watchfiles.main | 1 change detected
2026-07-08 11:21:28,474 | INFO | watchfiles.main | 1 change detected
2026-07-08 11:21:28,827 | INFO | watchfiles.main | 1 change detected
2026-07-08 11:21:29,237 | INFO | watchfiles.main | 1 change detected
2026-07-08 11:21:29,647 | INFO | watchfiles.main | 1 change detected
2026-07-08 11:21:30,050 | INFO | watchfiles.main | 1 change detected
2026-07-08 11:21:30,403 | INFO | watchfiles.main | 1 change detected
2026-07-08 11:21:30,813 | INFO | watchfiles.main | 1 change detected
2026-07-08 11:21:31,217 | INFO | watchfiles.main | 1 change detected
2026-07-08 11:21:31,575 | INFO | watchfiles.main | 1 change detected
2026-07-08 11:21:31,979 | INFO | watchfiles.main | 1 change detected
2026-07-08 11:21:32,382 | INFO | watchfiles.main | 1 change detected
2026-07-08 11:21:32,792 | INFO | watchfiles.main | 1 change detected
2026-07-08 11:21:33,159 | INFO | watchfiles.main | 1 change detected
2026-07-08 11:21:33,568 | INFO | watchfiles.main | 1 change detected
2026-07-08 11:21:33,921 | INFO | watchfiles.main | 1 change detected
2026-07-08 11:21:34,326 | INFO | watchfiles.main | 1 change detected
2026-07-08 11:21:34,730 | INFO | watchfiles.main | 1 change detected
2026-07-08 11:21:35,139 | INFO | watchfiles.main | 1 change detected
2026-07-08 11:21:35,544 | INFO | watchfiles.main | 1 change detected
2026-07-08 11:21:35,952 | INFO | watchfiles.main | 1 change detected
2026-07-08 11:21:36,311 | INFO | watchfiles.main | 1 change detected
2026-07-08 11:21:36,718 | INFO | watchfiles.main | 1 change detected
2026-07-08 11:21:37,121 | INFO | watchfiles.main | 1 change detected
2026-07-08 11:21:37,527 | INFO | watchfiles.main | 1 change detected
2026-07-08 11:21:37,939 | INFO | watchfiles.main | 1 change detected
2026-07-08 11:21:38,342 | INFO | watchfiles.main | 1 change detected
2026-07-08 11:21:38,702 | INFO | watchfiles.main | 1 change detected
2026-07-08 11:21:39,104 | INFO | watchfiles.main | 1 change detected
2026-07-08 11:21:39,507 | INFO | watchfiles.main | 1 change detected
2026-07-08 11:21:39,912 | INFO | watchfiles.main | 1 change detected
2026-07-08 11:21:40,271 | INFO | watchfiles.main | 1 change detected
2026-07-08 11:21:40,675 | INFO | watchfiles.main | 1 change detected
2026-07-08 11:21:41,079 | INFO | watchfiles.main | 1 change detected
2026-07-08 11:21:41,481 | INFO | watchfiles.main | 1 change detected
2026-07-08 11:21:41,884 | INFO | watchfiles.main | 1 change detected
2026-07-08 11:21:42,243 | INFO | watchfiles.main | 1 change detected
2026-07-08 11:21:42,648 | INFO | watchfiles.main | 1 change detected
2026-07-08 11:21:43,058 | INFO | watchfiles.main | 1 change detected
2026-07-08 11:21:43,465 | INFO | watchfiles.main | 1 change detected
2026-07-08 11:21:43,869 | INFO | watchfiles.main | 1 change detected
2026-07-08 11:21:44,273 | INFO | watchfiles.main | 1 change detected
2026-07-08 11:21:44,680 | INFO | watchfiles.main | 1 change detected
2026-07-08 11:21:45,034 | INFO | watchfiles.main | 1 change detected
2026-07-08 11:21:45,437 | INFO | watchfiles.main | 1 change detected
2026-07-08 11:21:45,862 | INFO | watchfiles.main | 1 change detected
2026-07-08 11:21:46,264 | INFO | watchfiles.main | 1 change detected
2026-07-08 11:21:46,668 | INFO | watchfiles.main | 1 change detected
2026-07-08 11:21:47,077 | INFO | watchfiles.main | 1 change detected
2026-07-08 11:21:47,431 | INFO | watchfiles.main | 1 change detected
2026-07-08 11:21:47,835 | INFO | watchfiles.main | 1 change detected
2026-07-08 11:21:48,245 | INFO | watchfiles.main | 1 change detected
2026-07-08 11:21:48,351 | INFO | lmsguard.requests | GET /platform/notifications -> 200 4.66ms
2026-07-08 11:21:48,610 | INFO | watchfiles.main | 1 change detected
2026-07-08 11:21:48,963 | INFO | watchfiles.main | 1 change detected
2026-07-08 11:21:49,317 | INFO | watchfiles.main | 1 change detected
2026-07-08 11:21:49,679 | INFO | watchfiles.main | 1 change detected
2026-07-08 11:21:50,049 | INFO | watchfiles.main | 1 change detected
2026-07-08 11:21:50,454 | INFO | watchfiles.main | 1 change detected
2026-07-08 11:21:50,856 | INFO | watchfiles.main | 1 change detected
2026-07-08 11:21:51,213 | INFO | watchfiles.main | 1 change detected
2026-07-08 11:21:51,625 | INFO | watchfiles.main | 1 change detected
2026-07-08 11:21:52,028 | INFO | watchfiles.main | 1 change detected
2026-07-08 11:21:52,445 | INFO | watchfiles.main | 1 change detected
2026-07-08 11:21:52,878 | INFO | watchfiles.main | 1 change detected
2026-07-08 11:21:53,283 | INFO | watchfiles.main | 1 change detected
2026-07-08 11:21:53,687 | INFO | watchfiles.main | 1 change detected
2026-07-08 11:21:54,092 | INFO | watchfiles.main | 1 change detected
2026-07-08 11:21:54,501 | INFO | watchfiles.main | 1 change detected
2026-07-08 11:21:54,862 | INFO | watchfiles.main | 1 change detected
2026-07-08 11:21:55,268 | INFO | watchfiles.main | 1 change detected
2026-07-08 11:21:55,677 | INFO | watchfiles.main | 1 change detected
2026-07-08 11:21:56,083 | INFO | watchfiles.main | 1 change detected
2026-07-08 11:21:56,486 | INFO | watchfiles.main | 1 change detected
2026-07-08 11:21:56,853 | INFO | watchfiles.main | 1 change detected
2026-07-08 11:21:57,263 | INFO | watchfiles.main | 1 change detected
2026-07-08 11:21:57,674 | INFO | watchfiles.main | 1 change detected
2026-07-08 11:21:58,083 | INFO | watchfiles.main | 1 change detected
2026-07-08 11:21:58,493 | INFO | watchfiles.main | 1 change detected
2026-07-08 11:21:58,848 | INFO | watchfiles.main | 1 change detected
2026-07-08 11:21:59,302 | INFO | watchfiles.main | 1 change detected
2026-07-08 11:21:59,664 | INFO | watchfiles.main | 1 change detected
2026-07-08 11:22:00,076 | INFO | watchfiles.main | 1 change detected
2026-07-08 11:22:00,483 | INFO | watchfiles.main | 1 change detected
2026-07-08 11:22:00,886 | INFO | watchfiles.main | 1 change detected
2026-07-08 11:22:01,248 | INFO | watchfiles.main | 1 change detected
2026-07-08 11:22:01,659 | INFO | watchfiles.main | 1 change detected
2026-07-08 11:22:02,062 | INFO | watchfiles.main | 1 change detected
2026-07-08 11:22:02,479 | INFO | watchfiles.main | 1 change detected
2026-07-08 11:22:02,886 | INFO | watchfiles.main | 1 change detected
2026-07-08 11:22:03,252 | INFO | watchfiles.main | 1 change detected
2026-07-08 11:22:03,656 | INFO | watchfiles.main | 1 change detected
2026-07-08 11:22:04,021 | INFO | watchfiles.main | 1 change detected
2026-07-08 11:22:04,438 | INFO | watchfiles.main | 1 change detected
2026-07-08 11:22:04,841 | INFO | watchfiles.main | 1 change detected
2026-07-08 11:22:05,256 | INFO | watchfiles.main | 1 change detected
2026-07-08 11:22:05,623 | INFO | watchfiles.main | 1 change detected
2026-07-08 11:22:06,035 | INFO | watchfiles.main | 1 change detected
2026-07-08 11:22:06,451 | INFO | watchfiles.main | 1 change detected
2026-07-08 11:22:06,818 | INFO | watchfiles.main | 1 change detected
2026-07-08 11:22:07,229 | INFO | watchfiles.main | 1 change detected
2026-07-08 11:22:07,632 | INFO | watchfiles.main | 1 change detected
2026-07-08 11:22:08,041 | INFO | watchfiles.main | 1 change detected
2026-07-08 11:22:08,407 | INFO | watchfiles.main | 1 change detected
2026-07-08 11:22:08,812 | INFO | watchfiles.main | 1 change detected
2026-07-08 11:22:09,222 | INFO | watchfiles.main | 1 change detected
2026-07-08 11:22:09,583 | INFO | watchfiles.main | 1 change detected
2026-07-08 11:22:09,998 | INFO | watchfiles.main | 1 change detected
2026-07-08 11:22:10,410 | INFO | watchfiles.main | 1 change detected
2026-07-08 11:22:10,827 | INFO | watchfiles.main | 1 change detected
2026-07-08 11:22:11,233 | INFO | watchfiles.main | 1 change detected
2026-07-08 11:22:11,638 | INFO | watchfiles.main | 1 change detected
2026-07-08 11:22:12,042 | INFO | watchfiles.main | 1 change detected
2026-07-08 11:22:12,456 | INFO | watchfiles.main | 1 change detected
2026-07-08 11:22:12,871 | INFO | watchfiles.main | 1 change detected
2026-07-08 11:22:13,273 | INFO | watchfiles.main | 1 change detected
2026-07-08 11:22:13,639 | INFO | watchfiles.main | 1 change detected
2026-07-08 11:22:14,049 | INFO | watchfiles.main | 1 change detected
2026-07-08 11:22:14,462 | INFO | watchfiles.main | 1 change detected
2026-07-08 11:22:14,878 | INFO | watchfiles.main | 1 change detected
2026-07-08 11:22:15,236 | INFO | watchfiles.main | 1 change detected
2026-07-08 11:22:15,652 | INFO | watchfiles.main | 1 change detected
2026-07-08 11:22:16,057 | INFO | watchfiles.main | 1 change detected
2026-07-08 11:22:16,415 | INFO | watchfiles.main | 1 change detected
2026-07-08 11:22:16,827 | INFO | watchfiles.main | 1 change detected
2026-07-08 11:22:17,240 | INFO | watchfiles.main | 1 change detected
2026-07-08 11:22:17,650 | INFO | watchfiles.main | 1 change detected
2026-07-08 11:22:18,006 | INFO | watchfiles.main | 1 change detected
2026-07-08 11:22:18,415 | INFO | watchfiles.main | 1 change detected
2026-07-08 11:22:18,829 | INFO | watchfiles.main | 1 change detected
2026-07-08 11:22:19,186 | INFO | watchfiles.main | 1 change detected
2026-07-08 11:22:19,593 | INFO | watchfiles.main | 1 change detected
2026-07-08 11:22:20,052 | INFO | watchfiles.main | 1 change detected
2026-07-08 11:22:20,409 | INFO | watchfiles.main | 1 change detected
2026-07-08 11:22:20,864 | INFO | watchfiles.main | 1 change detected
2026-07-08 11:22:21,227 | INFO | watchfiles.main | 1 change detected
2026-07-08 11:22:21,641 | INFO | watchfiles.main | 1 change detected
2026-07-08 11:22:22,051 | INFO | watchfiles.main | 1 change detected
2026-07-08 11:22:22,412 | INFO | watchfiles.main | 1 change detected
2026-07-08 11:22:22,868 | INFO | watchfiles.main | 1 change detected
2026-07-08 11:22:23,272 | INFO | watchfiles.main | 1 change detected
2026-07-08 11:22:23,680 | INFO | watchfiles.main | 1 change detected
2026-07-08 11:22:24,083 | INFO | watchfiles.main | 1 change detected
2026-07-08 11:22:24,448 | INFO | watchfiles.main | 1 change detected
2026-07-08 11:22:24,861 | INFO | watchfiles.main | 1 change detected
2026-07-08 11:22:25,278 | INFO | watchfiles.main | 1 change detected
2026-07-08 11:22:25,688 | INFO | watchfiles.main | 1 change detected
2026-07-08 11:22:26,096 | INFO | watchfiles.main | 1 change detected
2026-07-08 11:22:26,449 | INFO | watchfiles.main | 1 change detected
2026-07-08 11:22:26,856 | INFO | watchfiles.main | 1 change detected
2026-07-08 11:22:27,260 | INFO | watchfiles.main | 1 change detected
2026-07-08 11:22:27,678 | INFO | watchfiles.main | 1 change detected
2026-07-08 11:22:28,094 | INFO | watchfiles.main | 1 change detected
2026-07-08 11:22:28,504 | INFO | watchfiles.main | 1 change detected
2026-07-08 11:22:28,864 | INFO | watchfiles.main | 1 change detected
2026-07-08 11:22:29,274 | INFO | watchfiles.main | 1 change detected
2026-07-08 11:22:29,691 | INFO | watchfiles.main | 1 change detected
2026-07-08 11:22:30,101 | INFO | watchfiles.main | 1 change detected
2026-07-08 11:22:30,504 | INFO | watchfiles.main | 1 change detected
2026-07-08 11:22:30,866 | INFO | watchfiles.main | 1 change detected
2026-07-08 11:22:31,274 | INFO | watchfiles.main | 1 change detected
2026-07-08 11:22:31,684 | INFO | watchfiles.main | 1 change detected
2026-07-08 11:22:32,099 | INFO | watchfiles.main | 1 change detected
2026-07-08 11:22:32,509 | INFO | watchfiles.main | 1 change detected
2026-07-08 11:22:32,915 | INFO | watchfiles.main | 1 change detected
2026-07-08 11:22:33,323 | INFO | watchfiles.main | 1 change detected
2026-07-08 11:22:33,685 | INFO | watchfiles.main | 1 change detected
2026-07-08 11:22:34,089 | INFO | watchfiles.main | 1 change detected
2026-07-08 11:22:34,494 | INFO | watchfiles.main | 1 change detected
2026-07-08 11:22:34,909 | INFO | watchfiles.main | 1 change detected
2026-07-08 11:22:35,312 | INFO | watchfiles.main | 1 change detected
2026-07-08 11:22:35,718 | INFO | watchfiles.main | 1 change detected
2026-07-08 11:22:36,132 | INFO | watchfiles.main | 1 change detected
2026-07-08 11:22:36,492 | INFO | watchfiles.main | 1 change detected
2026-07-08 11:22:36,915 | INFO | watchfiles.main | 1 change detected
2026-07-08 11:22:37,325 | INFO | watchfiles.main | 1 change detected
2026-07-08 11:22:37,736 | INFO | watchfiles.main | 1 change detected
2026-07-08 11:22:38,104 | INFO | watchfiles.main | 1 change detected
2026-07-08 11:22:38,506 | INFO | watchfiles.main | 1 change detected
2026-07-08 11:22:38,910 | INFO | watchfiles.main | 1 change detected
2026-07-08 11:22:39,318 | INFO | watchfiles.main | 1 change detected
2026-07-08 11:22:39,729 | INFO | watchfiles.main | 1 change detected
2026-07-08 11:22:40,139 | INFO | watchfiles.main | 1 change detected
2026-07-08 11:22:40,548 | INFO | watchfiles.main | 1 change detected
2026-07-08 11:22:40,914 | INFO | watchfiles.main | 1 change detected
2026-07-08 11:22:41,319 | INFO | watchfiles.main | 1 change detected
2026-07-08 11:22:41,722 | INFO | watchfiles.main | 1 change detected
2026-07-08 11:22:42,133 | INFO | watchfiles.main | 1 change detected
2026-07-08 11:22:42,538 | INFO | watchfiles.main | 1 change detected
2026-07-08 11:22:42,895 | INFO | watchfiles.main | 1 change detected
2026-07-08 11:22:43,301 | INFO | watchfiles.main | 1 change detected
2026-07-08 11:22:43,715 | INFO | watchfiles.main | 1 change detected
2026-07-08 11:22:44,122 | INFO | watchfiles.main | 1 change detected
2026-07-08 11:22:44,474 | INFO | watchfiles.main | 1 change detected
2026-07-08 11:22:44,883 | INFO | watchfiles.main | 1 change detected
2026-07-08 11:22:45,286 | INFO | watchfiles.main | 1 change detected
2026-07-08 11:22:45,696 | INFO | watchfiles.main | 1 change detected
2026-07-08 11:22:46,055 | INFO | watchfiles.main | 1 change detected
2026-07-08 11:22:46,508 | INFO | watchfiles.main | 1 change detected
2026-07-08 11:22:46,918 | INFO | watchfiles.main | 1 change detected
2026-07-08 11:22:47,282 | INFO | watchfiles.main | 1 change detected
2026-07-08 11:22:47,692 | INFO | watchfiles.main | 1 change detected
2026-07-08 11:22:48,097 | INFO | watchfiles.main | 1 change detected
2026-07-08 11:22:48,458 | INFO | watchfiles.main | 1 change detected
2026-07-08 11:22:48,654 | INFO | lmsguard.requests | GET /platform/notifications -> 200 6.66ms
2026-07-08 11:22:48,811 | INFO | watchfiles.main | 1 change detected
2026-07-08 11:22:49,164 | INFO | watchfiles.main | 1 change detected
2026-07-08 11:22:49,523 | INFO | watchfiles.main | 1 change detected
2026-07-08 11:22:49,928 | INFO | watchfiles.main | 1 change detected
2026-07-08 11:22:50,339 | INFO | watchfiles.main | 1 change detected
2026-07-08 11:22:50,699 | INFO | watchfiles.main | 1 change detected
2026-07-08 11:22:51,111 | INFO | watchfiles.main | 1 change detected
2026-07-08 11:22:51,514 | INFO | watchfiles.main | 1 change detected
2026-07-08 11:22:51,875 | INFO | watchfiles.main | 1 change detected
2026-07-08 11:22:52,278 | INFO | watchfiles.main | 1 change detected
2026-07-08 11:22:52,684 | INFO | watchfiles.main | 1 change detected
2026-07-08 11:22:53,090 | INFO | watchfiles.main | 1 change detected
2026-07-08 11:22:53,498 | INFO | watchfiles.main | 1 change detected
2026-07-08 11:22:53,905 | INFO | watchfiles.main | 1 change detected
2026-07-08 11:22:54,271 | INFO | watchfiles.main | 1 change detected
2026-07-08 11:22:54,680 | INFO | watchfiles.main | 1 change detected
2026-07-08 11:22:55,083 | INFO | watchfiles.main | 1 change detected
2026-07-08 11:22:55,486 | INFO | watchfiles.main | 1 change detected
2026-07-08 11:22:55,838 | INFO | watchfiles.main | 1 change detected
2026-07-08 11:22:56,245 | INFO | watchfiles.main | 1 change detected
2026-07-08 11:22:56,652 | INFO | watchfiles.main | 1 change detected
2026-07-08 11:22:57,055 | INFO | watchfiles.main | 1 change detected
2026-07-08 11:22:57,465 | INFO | watchfiles.main | 1 change detected
2026-07-08 11:22:57,825 | INFO | watchfiles.main | 1 change detected
2026-07-08 11:22:58,236 | INFO | watchfiles.main | 1 change detected
2026-07-08 11:22:58,646 | INFO | watchfiles.main | 1 change detected
2026-07-08 11:22:59,055 | INFO | watchfiles.main | 1 change detected
2026-07-08 11:22:59,407 | INFO | watchfiles.main | 1 change detected
2026-07-08 11:22:59,813 | INFO | watchfiles.main | 1 change detected
2026-07-08 11:23:00,179 | INFO | watchfiles.main | 1 change detected
2026-07-08 11:23:00,583 | INFO | watchfiles.main | 1 change detected
2026-07-08 11:23:00,993 | INFO | watchfiles.main | 1 change detected
2026-07-08 11:23:01,400 | INFO | watchfiles.main | 1 change detected
2026-07-08 11:23:01,762 | INFO | watchfiles.main | 1 change detected
2026-07-08 11:23:02,168 | INFO | watchfiles.main | 1 change detected
2026-07-08 11:23:02,576 | INFO | watchfiles.main | 1 change detected
2026-07-08 11:23:02,979 | INFO | watchfiles.main | 1 change detected
2026-07-08 11:23:03,386 | INFO | watchfiles.main | 1 change detected
2026-07-08 11:23:03,798 | INFO | watchfiles.main | 1 change detected
2026-07-08 11:23:04,152 | INFO | watchfiles.main | 1 change detected
2026-07-08 11:23:04,561 | INFO | watchfiles.main | 1 change detected
2026-07-08 11:23:04,976 | INFO | watchfiles.main | 1 change detected
2026-07-08 11:23:05,387 | INFO | watchfiles.main | 1 change detected
2026-07-08 11:23:05,627 | INFO | lmsguard.requests | GET /platform/notifications -> 200 9.00ms
2026-07-08 11:23:05,740 | INFO | watchfiles.main | 1 change detected
2026-07-08 11:23:06,095 | INFO | watchfiles.main | 1 change detected
2026-07-08 11:23:06,498 | INFO | watchfiles.main | 1 change detected
2026-07-08 11:23:06,901 | INFO | watchfiles.main | 1 change detected
2026-07-08 11:23:07,309 | INFO | watchfiles.main | 1 change detected
2026-07-08 11:23:07,673 | INFO | watchfiles.main | 1 change detected
2026-07-08 11:23:08,126 | INFO | watchfiles.main | 1 change detected
2026-07-08 11:23:08,480 | INFO | watchfiles.main | 1 change detected
2026-07-08 11:23:08,893 | INFO | watchfiles.main | 1 change detected
2026-07-08 11:23:09,298 | INFO | watchfiles.main | 1 change detected
2026-07-08 11:23:09,710 | INFO | watchfiles.main | 1 change detected
2026-07-08 11:23:10,116 | INFO | watchfiles.main | 1 change detected
2026-07-08 11:23:10,481 | INFO | watchfiles.main | 1 change detected
2026-07-08 11:23:10,897 | INFO | watchfiles.main | 1 change detected
2026-07-08 11:23:11,308 | INFO | watchfiles.main | 1 change detected
2026-07-08 11:23:11,670 | INFO | watchfiles.main | 1 change detected
2026-07-08 11:23:12,082 | INFO | watchfiles.main | 1 change detected
2026-07-08 11:23:12,486 | INFO | watchfiles.main | 1 change detected
2026-07-08 11:23:12,892 | INFO | watchfiles.main | 1 change detected
2026-07-08 11:23:13,297 | INFO | watchfiles.main | 1 change detected
2026-07-08 11:23:13,700 | INFO | watchfiles.main | 1 change detected
2026-07-08 11:23:14,109 | INFO | watchfiles.main | 1 change detected
2026-07-08 11:23:14,512 | INFO | watchfiles.main | 1 change detected
2026-07-08 11:23:14,866 | INFO | watchfiles.main | 1 change detected
2026-07-08 11:23:15,270 | INFO | watchfiles.main | 1 change detected
2026-07-08 11:23:15,674 | INFO | watchfiles.main | 1 change detected
2026-07-08 11:23:16,083 | INFO | watchfiles.main | 1 change detected
2026-07-08 11:23:16,484 | INFO | watchfiles.main | 1 change detected
2026-07-08 11:23:16,895 | INFO | watchfiles.main | 1 change detected
2026-07-08 11:23:17,255 | INFO | watchfiles.main | 1 change detected
2026-07-08 11:23:17,659 | INFO | watchfiles.main | 1 change detected
2026-07-08 11:23:18,069 | INFO | watchfiles.main | 1 change detected
2026-07-08 11:23:18,477 | INFO | watchfiles.main | 1 change detected
2026-07-08 11:23:18,841 | INFO | watchfiles.main | 1 change detected
2026-07-08 11:23:19,249 | INFO | watchfiles.main | 1 change detected
2026-07-08 11:23:19,652 | INFO | watchfiles.main | 1 change detected
2026-07-08 11:23:20,054 | INFO | watchfiles.main | 1 change detected
2026-07-08 11:23:20,457 | INFO | watchfiles.main | 1 change detected
2026-07-08 11:23:20,874 | INFO | watchfiles.main | 1 change detected
2026-07-08 11:23:21,283 | INFO | watchfiles.main | 1 change detected
2026-07-08 11:23:21,647 | INFO | watchfiles.main | 1 change detected
2026-07-08 11:23:22,055 | INFO | watchfiles.main | 1 change detected
2026-07-08 11:23:22,461 | INFO | watchfiles.main | 1 change detected
2026-07-08 11:23:22,876 | INFO | watchfiles.main | 1 change detected
2026-07-08 11:23:23,293 | INFO | watchfiles.main | 1 change detected
2026-07-08 11:23:23,654 | INFO | watchfiles.main | 1 change detected
2026-07-08 11:23:24,068 | INFO | watchfiles.main | 1 change detected
2026-07-08 11:23:24,474 | INFO | watchfiles.main | 1 change detected
2026-07-08 11:23:24,887 | INFO | watchfiles.main | 1 change detected
2026-07-08 11:23:25,292 | INFO | watchfiles.main | 1 change detected
2026-07-08 11:23:25,654 | INFO | watchfiles.main | 1 change detected
2026-07-08 11:23:26,062 | INFO | watchfiles.main | 1 change detected
2026-07-08 11:23:26,472 | INFO | watchfiles.main | 1 change detected
2026-07-08 11:23:26,832 | INFO | watchfiles.main | 1 change detected
2026-07-08 11:23:27,286 | INFO | watchfiles.main | 1 change detected
2026-07-08 11:23:27,646 | INFO | watchfiles.main | 1 change detected
2026-07-08 11:23:28,054 | INFO | watchfiles.main | 1 change detected
2026-07-08 11:23:28,466 | INFO | watchfiles.main | 1 change detected
2026-07-08 11:23:28,876 | INFO | watchfiles.main | 1 change detected
2026-07-08 11:23:29,283 | INFO | watchfiles.main | 1 change detected
2026-07-08 11:23:29,645 | INFO | watchfiles.main | 1 change detected
2026-07-08 11:23:30,054 | INFO | watchfiles.main | 1 change detected
2026-07-08 11:23:30,459 | INFO | watchfiles.main | 1 change detected
2026-07-08 11:23:30,868 | INFO | watchfiles.main | 1 change detected
2026-07-08 11:23:31,271 | INFO | watchfiles.main | 1 change detected
2026-07-08 11:23:31,674 | INFO | watchfiles.main | 1 change detected
2026-07-08 11:23:32,041 | INFO | watchfiles.main | 1 change detected
2026-07-08 11:23:32,498 | INFO | watchfiles.main | 1 change detected
2026-07-08 11:23:32,858 | INFO | watchfiles.main | 1 change detected
2026-07-08 11:23:33,314 | INFO | watchfiles.main | 1 change detected
2026-07-08 11:23:33,669 | INFO | watchfiles.main | 1 change detected
2026-07-08 11:23:34,084 | INFO | watchfiles.main | 1 change detected
2026-07-08 11:23:34,491 | INFO | watchfiles.main | 1 change detected
2026-07-08 11:23:34,902 | INFO | watchfiles.main | 1 change detected
2026-07-08 11:23:35,308 | INFO | watchfiles.main | 1 change detected
2026-07-08 11:23:35,664 | INFO | watchfiles.main | 1 change detected
2026-07-08 11:23:36,068 | INFO | watchfiles.main | 1 change detected
2026-07-08 11:23:36,481 | INFO | watchfiles.main | 1 change detected
2026-07-08 11:23:36,842 | INFO | watchfiles.main | 1 change detected
2026-07-08 11:23:37,248 | INFO | watchfiles.main | 1 change detected
2026-07-08 11:23:37,665 | INFO | watchfiles.main | 1 change detected
2026-07-08 11:23:38,067 | INFO | watchfiles.main | 1 change detected
2026-07-08 11:23:38,473 | INFO | watchfiles.main | 1 change detected
2026-07-08 11:23:38,881 | INFO | watchfiles.main | 1 change detected
2026-07-08 11:23:39,283 | INFO | watchfiles.main | 1 change detected
2026-07-08 11:23:39,644 | INFO | watchfiles.main | 1 change detected
2026-07-08 11:23:40,054 | INFO | watchfiles.main | 1 change detected
2026-07-08 11:23:40,456 | INFO | watchfiles.main | 1 change detected
2026-07-08 11:23:40,870 | INFO | watchfiles.main | 1 change detected
2026-07-08 11:23:41,276 | INFO | watchfiles.main | 1 change detected
2026-07-08 11:23:41,638 | INFO | watchfiles.main | 1 change detected
2026-07-08 11:23:42,046 | INFO | watchfiles.main | 1 change detected
2026-07-08 11:23:42,458 | INFO | watchfiles.main | 1 change detected
2026-07-08 11:23:42,868 | INFO | watchfiles.main | 1 change detected
2026-07-08 11:23:43,276 | INFO | watchfiles.main | 1 change detected
2026-07-08 11:23:43,688 | INFO | watchfiles.main | 1 change detected
2026-07-08 11:23:44,090 | INFO | watchfiles.main | 1 change detected
2026-07-08 11:23:44,449 | INFO | watchfiles.main | 1 change detected
2026-07-08 11:23:44,859 | INFO | watchfiles.main | 1 change detected
2026-07-08 11:23:45,265 | INFO | watchfiles.main | 1 change detected
2026-07-08 11:23:45,673 | INFO | watchfiles.main | 1 change detected
2026-07-08 11:23:46,079 | INFO | watchfiles.main | 1 change detected
2026-07-08 11:23:46,481 | INFO | watchfiles.main | 1 change detected
2026-07-08 11:23:46,844 | INFO | watchfiles.main | 1 change detected
2026-07-08 11:23:47,255 | INFO | watchfiles.main | 1 change detected
2026-07-08 11:23:47,657 | INFO | watchfiles.main | 1 change detected
2026-07-08 11:23:48,061 | INFO | watchfiles.main | 1 change detected
2026-07-08 11:23:48,464 | INFO | watchfiles.main | 1 change detected
2026-07-08 11:23:48,867 | INFO | watchfiles.main | 1 change detected
2026-07-08 11:23:49,288 | INFO | watchfiles.main | 1 change detected
2026-07-08 11:23:49,692 | INFO | watchfiles.main | 1 change detected
2026-07-08 11:23:50,103 | INFO | watchfiles.main | 1 change detected
2026-07-08 11:23:50,505 | INFO | watchfiles.main | 1 change detected
2026-07-08 11:23:50,909 | INFO | watchfiles.main | 1 change detected
2026-07-08 11:23:51,312 | INFO | watchfiles.main | 1 change detected
2026-07-08 11:23:51,721 | INFO | watchfiles.main | 1 change detected
2026-07-08 11:23:52,088 | INFO | watchfiles.main | 1 change detected
2026-07-08 11:23:52,495 | INFO | watchfiles.main | 1 change detected
2026-07-08 11:23:52,901 | INFO | watchfiles.main | 1 change detected
2026-07-08 11:23:53,307 | INFO | watchfiles.main | 1 change detected
2026-07-08 11:23:53,714 | INFO | watchfiles.main | 1 change detected
2026-07-08 11:23:54,073 | INFO | watchfiles.main | 1 change detected
2026-07-08 11:23:54,484 | INFO | watchfiles.main | 1 change detected
2026-07-08 11:23:54,887 | INFO | watchfiles.main | 1 change detected
2026-07-08 11:23:55,291 | INFO | watchfiles.main | 1 change detected
2026-07-08 11:23:55,694 | INFO | watchfiles.main | 1 change detected
2026-07-08 11:23:56,108 | INFO | watchfiles.main | 1 change detected
2026-07-08 11:23:56,519 | INFO | watchfiles.main | 1 change detected
2026-07-08 11:23:56,886 | INFO | watchfiles.main | 1 change detected
2026-07-08 11:23:57,294 | INFO | watchfiles.main | 1 change detected
2026-07-08 11:23:57,705 | INFO | watchfiles.main | 1 change detected
2026-07-08 11:23:58,073 | INFO | watchfiles.main | 1 change detected
2026-07-08 11:23:58,483 | INFO | watchfiles.main | 1 change detected
2026-07-08 11:23:58,891 | INFO | watchfiles.main | 1 change detected
2026-07-08 11:23:59,294 | INFO | watchfiles.main | 1 change detected
2026-07-08 11:23:59,707 | INFO | watchfiles.main | 1 change detected
2026-07-08 11:24:00,123 | INFO | watchfiles.main | 1 change detected
2026-07-08 11:24:00,538 | INFO | watchfiles.main | 1 change detected
2026-07-08 11:24:00,943 | INFO | watchfiles.main | 1 change detected
2026-07-08 11:24:01,298 | INFO | watchfiles.main | 1 change detected
2026-07-08 11:24:01,710 | INFO | watchfiles.main | 1 change detected
2026-07-08 11:24:02,120 | INFO | watchfiles.main | 1 change detected
2026-07-08 11:24:02,493 | INFO | watchfiles.main | 1 change detected
2026-07-08 11:24:02,907 | INFO | watchfiles.main | 1 change detected
2026-07-08 11:24:03,312 | INFO | watchfiles.main | 1 change detected
2026-07-08 11:24:03,727 | INFO | watchfiles.main | 1 change detected
2026-07-08 11:24:04,136 | INFO | watchfiles.main | 1 change detected
2026-07-08 11:24:04,542 | INFO | watchfiles.main | 1 change detected
2026-07-08 11:24:04,957 | INFO | watchfiles.main | 1 change detected
2026-07-08 11:24:05,358 | INFO | watchfiles.main | 1 change detected
2026-07-08 11:24:05,718 | INFO | watchfiles.main | 1 change detected
2026-07-08 11:24:06,130 | INFO | watchfiles.main | 1 change detected
2026-07-08 11:24:06,541 | INFO | watchfiles.main | 1 change detected
2026-07-08 11:24:06,958 | INFO | watchfiles.main | 1 change detected
2026-07-08 11:24:07,322 | INFO | watchfiles.main | 1 change detected
2026-07-08 11:24:07,735 | INFO | watchfiles.main | 1 change detected
2026-07-08 11:24:08,137 | INFO | watchfiles.main | 1 change detected
2026-07-08 11:24:08,540 | INFO | watchfiles.main | 1 change detected
2026-07-08 11:24:08,943 | INFO | watchfiles.main | 1 change detected
2026-07-08 11:24:09,347 | INFO | watchfiles.main | 1 change detected
2026-07-08 11:24:09,704 | INFO | watchfiles.main | 1 change detected
2026-07-08 11:24:10,118 | INFO | watchfiles.main | 1 change detected
2026-07-08 11:24:10,533 | INFO | watchfiles.main | 1 change detected
2026-07-08 11:24:10,943 | INFO | watchfiles.main | 1 change detected
2026-07-08 11:24:11,346 | INFO | watchfiles.main | 1 change detected
2026-07-08 11:24:11,748 | INFO | watchfiles.main | 1 change detected
2026-07-08 11:24:12,158 | INFO | watchfiles.main | 1 change detected
2026-07-08 11:24:12,526 | INFO | watchfiles.main | 1 change detected
2026-07-08 11:24:12,935 | INFO | watchfiles.main | 1 change detected
2026-07-08 11:24:13,345 | INFO | watchfiles.main | 1 change detected
2026-07-08 11:24:13,748 | INFO | watchfiles.main | 1 change detected
2026-07-08 11:24:14,151 | INFO | watchfiles.main | 1 change detected
2026-07-08 11:24:14,563 | INFO | watchfiles.main | 1 change detected
2026-07-08 11:24:14,920 | INFO | watchfiles.main | 1 change detected
2026-07-08 11:24:15,331 | INFO | watchfiles.main | 1 change detected
2026-07-08 11:24:15,734 | INFO | watchfiles.main | 1 change detected
2026-07-08 11:24:16,137 | INFO | watchfiles.main | 1 change detected
2026-07-08 11:24:16,539 | INFO | watchfiles.main | 1 change detected
2026-07-08 11:24:16,943 | INFO | watchfiles.main | 1 change detected
2026-07-08 11:24:17,359 | INFO | watchfiles.main | 1 change detected
2026-07-08 11:24:17,762 | INFO | watchfiles.main | 1 change detected
2026-07-08 11:24:18,167 | INFO | watchfiles.main | 1 change detected
2026-07-08 11:24:18,581 | INFO | watchfiles.main | 1 change detected
2026-07-08 11:24:18,985 | INFO | watchfiles.main | 1 change detected
2026-07-08 11:24:19,386 | INFO | watchfiles.main | 1 change detected
2026-07-08 11:24:19,791 | INFO | watchfiles.main | 1 change detected
2026-07-08 11:24:20,194 | INFO | watchfiles.main | 1 change detected
2026-07-08 11:24:20,559 | INFO | watchfiles.main | 1 change detected
2026-07-08 11:24:20,964 | INFO | watchfiles.main | 1 change detected
2026-07-08 11:24:21,373 | INFO | watchfiles.main | 1 change detected
2026-07-08 11:24:21,776 | INFO | watchfiles.main | 1 change detected
2026-07-08 11:24:22,178 | INFO | watchfiles.main | 1 change detected
2026-07-08 11:24:22,581 | INFO | watchfiles.main | 1 change detected
2026-07-08 11:24:22,983 | INFO | watchfiles.main | 1 change detected
2026-07-08 11:24:23,394 | INFO | watchfiles.main | 1 change detected
2026-07-08 11:24:23,797 | INFO | watchfiles.main | 1 change detected
2026-07-08 11:24:24,200 | INFO | watchfiles.main | 1 change detected
2026-07-08 11:24:24,604 | INFO | watchfiles.main | 1 change detected
2026-07-08 11:24:24,967 | INFO | watchfiles.main | 1 change detected
2026-07-08 11:24:25,378 | INFO | watchfiles.main | 1 change detected
2026-07-08 11:24:25,793 | INFO | watchfiles.main | 1 change detected
2026-07-08 11:24:26,196 | INFO | watchfiles.main | 1 change detected
2026-07-08 11:24:26,611 | INFO | watchfiles.main | 1 change detected
2026-07-08 11:24:27,016 | INFO | watchfiles.main | 1 change detected
2026-07-08 11:24:27,378 | INFO | watchfiles.main | 1 change detected
2026-07-08 11:24:27,784 | INFO | watchfiles.main | 1 change detected
2026-07-08 11:24:28,191 | INFO | watchfiles.main | 1 change detected
2026-07-08 11:24:28,603 | INFO | watchfiles.main | 1 change detected
2026-07-08 11:24:29,006 | INFO | watchfiles.main | 1 change detected
2026-07-08 11:24:29,411 | INFO | watchfiles.main | 1 change detected
2026-07-08 11:24:29,819 | INFO | watchfiles.main | 1 change detected
2026-07-08 11:24:30,227 | INFO | watchfiles.main | 1 change detected
2026-07-08 11:24:30,638 | INFO | watchfiles.main | 1 change detected
2026-07-08 11:24:31,047 | INFO | watchfiles.main | 1 change detected
2026-07-08 11:24:31,413 | INFO | watchfiles.main | 1 change detected
2026-07-08 11:24:31,817 | INFO | watchfiles.main | 1 change detected
2026-07-08 11:24:32,228 | INFO | watchfiles.main | 1 change detected
2026-07-08 11:24:32,595 | INFO | watchfiles.main | 1 change detected
2026-07-08 11:24:33,005 | INFO | watchfiles.main | 1 change detected
2026-07-08 11:24:33,413 | INFO | watchfiles.main | 1 change detected
2026-07-08 11:24:33,821 | INFO | watchfiles.main | 1 change detected
2026-07-08 11:24:34,178 | INFO | watchfiles.main | 1 change detected
2026-07-08 11:24:34,582 | INFO | watchfiles.main | 1 change detected
2026-07-08 11:24:34,990 | INFO | watchfiles.main | 1 change detected
2026-07-08 11:24:35,406 | INFO | watchfiles.main | 1 change detected
2026-07-08 11:24:35,770 | INFO | watchfiles.main | 1 change detected
2026-07-08 11:24:36,178 | INFO | watchfiles.main | 1 change detected
2026-07-08 11:24:36,584 | INFO | watchfiles.main | 1 change detected
2026-07-08 11:24:36,991 | INFO | watchfiles.main | 1 change detected
2026-07-08 11:24:37,452 | INFO | watchfiles.main | 1 change detected
2026-07-08 11:24:37,815 | INFO | watchfiles.main | 1 change detected
2026-07-08 11:24:38,220 | INFO | watchfiles.main | 1 change detected
2026-07-08 11:24:38,629 | INFO | watchfiles.main | 1 change detected
2026-07-08 11:24:39,040 | INFO | watchfiles.main | 1 change detected
2026-07-08 11:24:39,442 | INFO | watchfiles.main | 1 change detected
2026-07-08 11:24:39,845 | INFO | watchfiles.main | 1 change detected
2026-07-08 11:24:40,204 | INFO | watchfiles.main | 1 change detected
2026-07-08 11:24:40,607 | INFO | watchfiles.main | 1 change detected
2026-07-08 11:24:41,015 | INFO | watchfiles.main | 1 change detected
2026-07-08 11:24:41,428 | INFO | watchfiles.main | 1 change detected
2026-07-08 11:24:41,838 | INFO | watchfiles.main | 1 change detected
2026-07-08 11:24:42,241 | INFO | watchfiles.main | 1 change detected
2026-07-08 11:24:42,650 | INFO | watchfiles.main | 1 change detected
2026-07-08 11:24:43,054 | INFO | watchfiles.main | 1 change detected
2026-07-08 11:24:43,470 | INFO | watchfiles.main | 1 change detected
2026-07-08 11:24:43,873 | INFO | watchfiles.main | 1 change detected
2026-07-08 11:24:44,276 | INFO | watchfiles.main | 1 change detected
2026-07-08 11:24:44,678 | INFO | watchfiles.main | 1 change detected
2026-07-08 11:24:45,081 | INFO | watchfiles.main | 1 change detected
2026-07-08 11:24:45,483 | INFO | watchfiles.main | 1 change detected
2026-07-08 11:24:45,886 | INFO | watchfiles.main | 1 change detected
2026-07-08 11:24:46,289 | INFO | watchfiles.main | 1 change detected
2026-07-08 11:24:46,691 | INFO | watchfiles.main | 1 change detected
2026-07-08 11:24:47,094 | INFO | watchfiles.main | 1 change detected
2026-07-08 11:24:47,497 | INFO | watchfiles.main | 1 change detected
2026-07-08 11:24:47,903 | INFO | watchfiles.main | 1 change detected
2026-07-08 11:24:48,319 | INFO | watchfiles.main | 1 change detected
2026-07-08 11:24:48,685 | INFO | watchfiles.main | 1 change detected
2026-07-08 11:24:49,095 | INFO | watchfiles.main | 1 change detected
2026-07-08 11:24:49,498 | INFO | watchfiles.main | 1 change detected
2026-07-08 11:24:49,907 | INFO | watchfiles.main | 1 change detected
2026-07-08 11:24:50,319 | INFO | watchfiles.main | 1 change detected
2026-07-08 11:24:50,724 | INFO | watchfiles.main | 1 change detected
2026-07-08 11:24:51,129 | INFO | watchfiles.main | 1 change detected
2026-07-08 11:24:51,532 | INFO | watchfiles.main | 1 change detected
2026-07-08 11:24:51,944 | INFO | watchfiles.main | 1 change detected
2026-07-08 11:24:52,307 | INFO | watchfiles.main | 1 change detected
2026-07-08 11:24:52,717 | INFO | watchfiles.main | 1 change detected
2026-07-08 11:24:53,123 | INFO | watchfiles.main | 1 change detected
2026-07-08 11:24:53,530 | INFO | watchfiles.main | 1 change detected
2026-07-08 11:24:53,938 | INFO | watchfiles.main | 1 change detected
2026-07-08 11:24:54,346 | INFO | watchfiles.main | 1 change detected
2026-07-08 11:24:54,755 | INFO | watchfiles.main | 1 change detected
2026-07-08 11:24:55,171 | INFO | watchfiles.main | 1 change detected
2026-07-08 11:24:55,573 | INFO | watchfiles.main | 1 change detected
2026-07-08 11:24:55,976 | INFO | watchfiles.main | 1 change detected
2026-07-08 11:24:56,336 | INFO | watchfiles.main | 1 change detected
2026-07-08 11:24:56,747 | INFO | watchfiles.main | 1 change detected
2026-07-08 11:24:57,151 | INFO | watchfiles.main | 1 change detected
2026-07-08 11:24:57,567 | INFO | watchfiles.main | 1 change detected
2026-07-08 11:24:57,969 | INFO | watchfiles.main | 1 change detected
2026-07-08 11:24:58,372 | INFO | watchfiles.main | 1 change detected
2026-07-08 11:24:58,775 | INFO | watchfiles.main | 1 change detected
2026-07-08 11:24:59,179 | INFO | watchfiles.main | 1 change detected
2026-07-08 11:24:59,588 | INFO | watchfiles.main | 1 change detected
2026-07-08 11:24:59,990 | INFO | watchfiles.main | 1 change detected
2026-07-08 11:25:00,393 | INFO | watchfiles.main | 1 change detected
2026-07-08 11:25:00,796 | INFO | watchfiles.main | 1 change detected
2026-07-08 11:25:01,155 | INFO | watchfiles.main | 1 change detected
2026-07-08 11:25:01,569 | INFO | watchfiles.main | 1 change detected
2026-07-08 11:25:01,973 | INFO | watchfiles.main | 1 change detected
2026-07-08 11:25:02,386 | INFO | watchfiles.main | 1 change detected
2026-07-08 11:25:02,791 | INFO | watchfiles.main | 1 change detected
2026-07-08 11:25:03,148 | INFO | watchfiles.main | 1 change detected
2026-07-08 11:25:03,560 | INFO | watchfiles.main | 1 change detected
2026-07-08 11:25:03,963 | INFO | watchfiles.main | 1 change detected
2026-07-08 11:25:04,368 | INFO | watchfiles.main | 1 change detected
2026-07-08 11:25:04,782 | INFO | watchfiles.main | 1 change detected
2026-07-08 11:25:05,188 | INFO | watchfiles.main | 1 change detected
2026-07-08 11:25:05,553 | INFO | watchfiles.main | 1 change detected
2026-07-08 11:25:05,963 | INFO | watchfiles.main | 1 change detected
2026-07-08 11:25:06,366 | INFO | watchfiles.main | 1 change detected
2026-07-08 11:25:06,775 | INFO | watchfiles.main | 1 change detected
2026-07-08 11:25:07,177 | INFO | watchfiles.main | 1 change detected
2026-07-08 11:25:07,583 | INFO | watchfiles.main | 1 change detected
2026-07-08 11:25:07,942 | INFO | watchfiles.main | 1 change detected
2026-07-08 11:25:08,351 | INFO | watchfiles.main | 1 change detected
2026-07-08 11:25:08,755 | INFO | watchfiles.main | 1 change detected
2026-07-08 11:25:09,156 | INFO | watchfiles.main | 1 change detected
2026-07-08 11:25:09,562 | INFO | watchfiles.main | 1 change detected
2026-07-08 11:25:09,927 | INFO | watchfiles.main | 1 change detected
2026-07-08 11:25:10,338 | INFO | watchfiles.main | 1 change detected
2026-07-08 11:25:10,740 | INFO | watchfiles.main | 1 change detected
2026-07-08 11:25:11,144 | INFO | watchfiles.main | 1 change detected
2026-07-08 11:25:11,550 | INFO | watchfiles.main | 1 change detected
2026-07-08 11:25:11,965 | INFO | watchfiles.main | 1 change detected
2026-07-08 11:25:12,373 | INFO | watchfiles.main | 1 change detected
2026-07-08 11:25:12,775 | INFO | watchfiles.main | 1 change detected
2026-07-08 11:25:13,178 | INFO | watchfiles.main | 1 change detected
2026-07-08 11:25:13,580 | INFO | watchfiles.main | 1 change detected
2026-07-08 11:25:13,987 | INFO | watchfiles.main | 1 change detected
2026-07-08 11:25:14,390 | INFO | watchfiles.main | 1 change detected
2026-07-08 11:25:14,752 | INFO | watchfiles.main | 1 change detected
2026-07-08 11:25:15,164 | INFO | watchfiles.main | 1 change detected
2026-07-08 11:25:15,567 | INFO | watchfiles.main | 1 change detected
2026-07-08 11:25:15,977 | INFO | watchfiles.main | 1 change detected
2026-07-08 11:25:16,379 | INFO | watchfiles.main | 1 change detected
2026-07-08 11:25:16,789 | INFO | watchfiles.main | 1 change detected
2026-07-08 11:25:17,192 | INFO | watchfiles.main | 1 change detected
2026-07-08 11:25:17,594 | INFO | watchfiles.main | 1 change detected
2026-07-08 11:25:17,997 | INFO | watchfiles.main | 1 change detected
2026-07-08 11:25:18,362 | INFO | watchfiles.main | 1 change detected
2026-07-08 11:25:18,768 | INFO | watchfiles.main | 1 change detected
2026-07-08 11:25:19,178 | INFO | watchfiles.main | 1 change detected
2026-07-08 11:25:19,580 | INFO | watchfiles.main | 1 change detected
2026-07-08 11:25:19,984 | INFO | watchfiles.main | 1 change detected
2026-07-08 11:25:20,386 | INFO | watchfiles.main | 1 change detected
2026-07-08 11:25:20,788 | INFO | watchfiles.main | 1 change detected
2026-07-08 11:25:21,191 | INFO | watchfiles.main | 1 change detected
2026-07-08 11:25:21,601 | INFO | watchfiles.main | 1 change detected
2026-07-08 11:25:22,007 | INFO | watchfiles.main | 1 change detected
2026-07-08 11:25:22,415 | INFO | watchfiles.main | 1 change detected
2026-07-08 11:25:22,821 | INFO | watchfiles.main | 1 change detected
2026-07-08 11:25:23,224 | INFO | watchfiles.main | 1 change detected
2026-07-08 11:25:23,636 | INFO | watchfiles.main | 1 change detected
2026-07-08 11:25:24,039 | INFO | watchfiles.main | 1 change detected
2026-07-08 11:25:24,441 | INFO | watchfiles.main | 1 change detected
2026-07-08 11:25:24,844 | INFO | watchfiles.main | 1 change detected
2026-07-08 11:25:25,254 | INFO | watchfiles.main | 1 change detected
2026-07-08 11:25:25,657 | INFO | watchfiles.main | 1 change detected
2026-07-08 11:25:26,060 | INFO | watchfiles.main | 1 change detected
2026-07-08 11:25:26,426 | INFO | watchfiles.main | 1 change detected
2026-07-08 11:25:26,837 | INFO | watchfiles.main | 1 change detected
2026-07-08 11:25:27,240 | INFO | watchfiles.main | 1 change detected
2026-07-08 11:25:27,643 | INFO | watchfiles.main | 1 change detected
2026-07-08 11:25:28,046 | INFO | watchfiles.main | 1 change detected
2026-07-08 11:25:28,449 | INFO | watchfiles.main | 1 change detected
2026-07-08 11:25:28,852 | INFO | watchfiles.main | 1 change detected
2026-07-08 11:25:29,254 | INFO | watchfiles.main | 1 change detected
2026-07-08 11:25:29,656 | INFO | watchfiles.main | 1 change detected
2026-07-08 11:25:30,066 | INFO | watchfiles.main | 1 change detected
2026-07-08 11:25:30,469 | INFO | watchfiles.main | 1 change detected
2026-07-08 11:25:30,828 | INFO | watchfiles.main | 1 change detected
2026-07-08 11:25:31,232 | INFO | watchfiles.main | 1 change detected
2026-07-08 11:25:31,637 | INFO | watchfiles.main | 1 change detected
2026-07-08 11:25:32,053 | INFO | watchfiles.main | 1 change detected
2026-07-08 11:25:32,455 | INFO | watchfiles.main | 1 change detected
2026-07-08 11:25:32,865 | INFO | watchfiles.main | 1 change detected
2026-07-08 11:25:33,271 | INFO | watchfiles.main | 1 change detected
2026-07-08 11:25:33,637 | INFO | watchfiles.main | 1 change detected
2026-07-08 11:25:34,052 | INFO | watchfiles.main | 1 change detected
2026-07-08 11:25:34,463 | INFO | watchfiles.main | 1 change detected
2026-07-08 11:25:34,829 | INFO | watchfiles.main | 1 change detected
2026-07-08 11:25:35,233 | INFO | watchfiles.main | 1 change detected
2026-07-08 11:25:35,685 | INFO | watchfiles.main | 1 change detected
2026-07-08 11:25:36,038 | INFO | watchfiles.main | 1 change detected
2026-07-08 11:25:36,447 | INFO | watchfiles.main | 1 change detected
2026-07-08 11:25:36,850 | INFO | watchfiles.main | 1 change detected
2026-07-08 11:25:37,261 | INFO | watchfiles.main | 1 change detected
2026-07-08 11:25:37,675 | INFO | watchfiles.main | 1 change detected
2026-07-08 11:25:38,088 | INFO | watchfiles.main | 1 change detected
2026-07-08 11:25:38,504 | INFO | watchfiles.main | 1 change detected
2026-07-08 11:25:38,914 | INFO | watchfiles.main | 1 change detected
2026-07-08 11:25:39,316 | INFO | watchfiles.main | 1 change detected
2026-07-08 11:25:39,719 | INFO | watchfiles.main | 1 change detected
2026-07-08 11:25:40,071 | INFO | watchfiles.main | 1 change detected
2026-07-08 11:25:40,476 | INFO | watchfiles.main | 1 change detected
2026-07-08 11:25:40,879 | INFO | watchfiles.main | 1 change detected
2026-07-08 11:25:41,282 | INFO | watchfiles.main | 1 change detected
2026-07-08 11:25:41,691 | INFO | watchfiles.main | 1 change detected
2026-07-08 11:25:42,094 | INFO | watchfiles.main | 1 change detected
2026-07-08 11:25:42,497 | INFO | watchfiles.main | 1 change detected
2026-07-08 11:25:42,906 | INFO | watchfiles.main | 1 change detected
2026-07-08 11:25:43,309 | INFO | watchfiles.main | 1 change detected
2026-07-08 11:25:43,669 | INFO | watchfiles.main | 1 change detected
2026-07-08 11:25:44,074 | INFO | watchfiles.main | 1 change detected
2026-07-08 11:25:44,476 | INFO | watchfiles.main | 1 change detected
2026-07-08 11:25:44,879 | INFO | watchfiles.main | 1 change detected
2026-07-08 11:25:45,288 | INFO | watchfiles.main | 1 change detected
2026-07-08 11:25:45,692 | INFO | watchfiles.main | 1 change detected
2026-07-08 11:25:46,094 | INFO | watchfiles.main | 1 change detected
2026-07-08 11:25:46,503 | INFO | watchfiles.main | 1 change detected
2026-07-08 11:25:46,907 | INFO | watchfiles.main | 1 change detected
2026-07-08 11:25:47,266 | INFO | watchfiles.main | 1 change detected
2026-07-08 11:25:47,677 | INFO | watchfiles.main | 1 change detected
2026-07-08 11:25:48,080 | INFO | watchfiles.main | 1 change detected
2026-07-08 11:25:48,483 | INFO | watchfiles.main | 1 change detected
2026-07-08 11:25:48,893 | INFO | watchfiles.main | 1 change detected
2026-07-08 11:25:49,296 | INFO | watchfiles.main | 1 change detected
2026-07-08 11:25:49,698 | INFO | watchfiles.main | 1 change detected
2026-07-08 11:25:50,108 | INFO | watchfiles.main | 1 change detected
2026-07-08 11:25:50,511 | INFO | watchfiles.main | 1 change detected
2026-07-08 11:25:50,870 | INFO | watchfiles.main | 1 change detected
2026-07-08 11:25:51,274 | INFO | watchfiles.main | 1 change detected
2026-07-08 11:25:51,677 | INFO | watchfiles.main | 1 change detected
2026-07-08 11:25:52,080 | INFO | watchfiles.main | 1 change detected
2026-07-08 11:25:52,482 | INFO | watchfiles.main | 1 change detected
2026-07-08 11:25:52,886 | INFO | watchfiles.main | 1 change detected
2026-07-08 11:25:53,288 | INFO | watchfiles.main | 1 change detected
2026-07-08 11:25:53,698 | INFO | watchfiles.main | 1 change detected
2026-07-08 11:25:54,108 | INFO | watchfiles.main | 1 change detected
2026-07-08 11:25:54,517 | INFO | watchfiles.main | 1 change detected
2026-07-08 11:25:54,927 | INFO | watchfiles.main | 1 change detected
2026-07-08 11:25:55,281 | INFO | watchfiles.main | 1 change detected
2026-07-08 11:25:55,691 | INFO | watchfiles.main | 1 change detected
2026-07-08 11:25:56,094 | INFO | watchfiles.main | 1 change detected
2026-07-08 11:25:56,503 | INFO | watchfiles.main | 1 change detected
2026-07-08 11:25:56,916 | INFO | watchfiles.main | 1 change detected
2026-07-08 11:25:57,271 | INFO | watchfiles.main | 1 change detected
2026-07-08 11:25:57,677 | INFO | watchfiles.main | 1 change detected
2026-07-08 11:25:58,081 | INFO | watchfiles.main | 1 change detected
2026-07-08 11:25:58,491 | INFO | watchfiles.main | 1 change detected
2026-07-08 11:25:58,899 | INFO | watchfiles.main | 1 change detected
2026-07-08 11:25:59,259 | INFO | watchfiles.main | 1 change detected
2026-07-08 11:25:59,663 | INFO | watchfiles.main | 1 change detected
2026-07-08 11:26:00,073 | INFO | watchfiles.main | 1 change detected
2026-07-08 11:26:00,476 | INFO | watchfiles.main | 1 change detected
2026-07-08 11:26:00,886 | INFO | watchfiles.main | 1 change detected
2026-07-08 11:26:01,289 | INFO | watchfiles.main | 1 change detected
2026-07-08 11:26:01,700 | INFO | watchfiles.main | 1 change detected
2026-07-08 11:26:02,065 | INFO | watchfiles.main | 1 change detected
2026-07-08 11:26:02,475 | INFO | watchfiles.main | 1 change detected
2026-07-08 11:26:02,878 | INFO | watchfiles.main | 1 change detected
2026-07-08 11:26:03,282 | INFO | watchfiles.main | 1 change detected
2026-07-08 11:26:03,684 | INFO | watchfiles.main | 1 change detected
2026-07-08 11:26:04,094 | INFO | watchfiles.main | 1 change detected
2026-07-08 11:26:04,503 | INFO | watchfiles.main | 1 change detected
2026-07-08 11:26:04,907 | INFO | watchfiles.main | 1 change detected
2026-07-08 11:26:05,310 | INFO | watchfiles.main | 1 change detected
2026-07-08 11:26:05,712 | INFO | watchfiles.main | 1 change detected
2026-07-08 11:26:06,115 | INFO | watchfiles.main | 1 change detected
2026-07-08 11:26:06,517 | INFO | watchfiles.main | 1 change detected
2026-07-08 11:26:06,927 | INFO | watchfiles.main | 1 change detected
2026-07-08 11:26:07,330 | INFO | watchfiles.main | 1 change detected
2026-07-08 11:26:07,732 | INFO | watchfiles.main | 1 change detected
2026-07-08 11:26:08,092 | INFO | watchfiles.main | 1 change detected
2026-07-08 11:26:08,503 | INFO | watchfiles.main | 1 change detected
2026-07-08 11:26:08,907 | INFO | watchfiles.main | 1 change detected
2026-07-08 11:26:09,316 | INFO | watchfiles.main | 1 change detected
2026-07-08 11:26:09,720 | INFO | watchfiles.main | 1 change detected
2026-07-08 11:26:10,128 | INFO | watchfiles.main | 1 change detected
2026-07-08 11:26:10,531 | INFO | watchfiles.main | 1 change detected
2026-07-08 11:26:10,934 | INFO | watchfiles.main | 1 change detected
2026-07-08 11:26:11,337 | INFO | watchfiles.main | 1 change detected
2026-07-08 11:26:11,739 | INFO | watchfiles.main | 1 change detected
2026-07-08 11:26:12,149 | INFO | watchfiles.main | 1 change detected
2026-07-08 11:26:12,552 | INFO | watchfiles.main | 1 change detected
2026-07-08 11:26:12,955 | INFO | watchfiles.main | 1 change detected
2026-07-08 11:26:13,357 | INFO | watchfiles.main | 1 change detected
2026-07-08 11:26:13,761 | INFO | watchfiles.main | 1 change detected
2026-07-08 11:26:14,163 | INFO | watchfiles.main | 1 change detected
2026-07-08 11:26:14,566 | INFO | watchfiles.main | 1 change detected
2026-07-08 11:26:14,969 | INFO | watchfiles.main | 1 change detected
2026-07-08 11:26:15,373 | INFO | watchfiles.main | 1 change detected
2026-07-08 11:26:15,727 | INFO | watchfiles.main | 1 change detected
2026-07-08 11:26:16,138 | INFO | watchfiles.main | 1 change detected
2026-07-08 11:26:16,552 | INFO | watchfiles.main | 1 change detected
2026-07-08 11:26:16,905 | INFO | watchfiles.main | 1 change detected
2026-07-08 11:26:17,309 | INFO | watchfiles.main | 1 change detected
2026-07-08 11:26:17,714 | INFO | watchfiles.main | 1 change detected
2026-07-08 11:26:18,122 | INFO | watchfiles.main | 1 change detected
2026-07-08 11:26:18,474 | INFO | watchfiles.main | 1 change detected
2026-07-08 11:26:18,933 | INFO | watchfiles.main | 1 change detected
2026-07-08 11:26:19,287 | INFO | watchfiles.main | 1 change detected
2026-07-08 11:26:19,692 | INFO | watchfiles.main | 1 change detected
2026-07-08 11:26:20,101 | INFO | watchfiles.main | 1 change detected
2026-07-08 11:26:20,504 | INFO | watchfiles.main | 1 change detected
2026-07-08 11:26:20,908 | INFO | watchfiles.main | 1 change detected
2026-07-08 11:26:21,315 | INFO | watchfiles.main | 1 change detected
2026-07-08 11:26:21,670 | INFO | watchfiles.main | 1 change detected
2026-07-08 11:26:22,074 | INFO | watchfiles.main | 1 change detected
2026-07-08 11:26:22,490 | INFO | watchfiles.main | 1 change detected
2026-07-08 11:26:22,850 | INFO | watchfiles.main | 1 change detected
2026-07-08 11:26:23,255 | INFO | watchfiles.main | 1 change detected
2026-07-08 11:26:23,665 | INFO | watchfiles.main | 1 change detected
2026-07-08 11:26:24,074 | INFO | watchfiles.main | 1 change detected
2026-07-08 11:26:24,437 | INFO | watchfiles.main | 1 change detected
2026-07-08 11:26:24,839 | INFO | watchfiles.main | 1 change detected
2026-07-08 11:26:25,259 | INFO | watchfiles.main | 1 change detected
2026-07-08 11:26:25,663 | INFO | watchfiles.main | 1 change detected
2026-07-08 11:26:26,072 | INFO | watchfiles.main | 1 change detected
2026-07-08 11:26:26,482 | INFO | watchfiles.main | 1 change detected
2026-07-08 11:26:26,892 | INFO | watchfiles.main | 1 change detected
2026-07-08 11:26:27,246 | INFO | watchfiles.main | 1 change detected
2026-07-08 11:26:27,653 | INFO | watchfiles.main | 1 change detected
2026-07-08 11:26:28,059 | INFO | watchfiles.main | 1 change detected
2026-07-08 11:26:28,420 | INFO | watchfiles.main | 1 change detected
2026-07-08 11:26:28,884 | INFO | watchfiles.main | 1 change detected
2026-07-08 11:26:29,241 | INFO | watchfiles.main | 1 change detected
2026-07-08 11:26:29,652 | INFO | watchfiles.main | 1 change detected
2026-07-08 11:26:30,069 | INFO | watchfiles.main | 1 change detected
2026-07-08 11:26:30,425 | INFO | watchfiles.main | 1 change detected
2026-07-08 11:26:30,835 | INFO | watchfiles.main | 1 change detected
2026-07-08 11:26:31,240 | INFO | watchfiles.main | 1 change detected
2026-07-08 11:26:31,608 | INFO | watchfiles.main | 1 change detected
2026-07-08 11:26:32,020 | INFO | watchfiles.main | 1 change detected
2026-07-08 11:26:32,387 | INFO | watchfiles.main | 1 change detected
2026-07-08 11:26:32,796 | INFO | watchfiles.main | 1 change detected
2026-07-08 11:26:33,202 | INFO | watchfiles.main | 1 change detected
2026-07-08 11:26:33,614 | INFO | watchfiles.main | 1 change detected
2026-07-08 11:26:33,967 | INFO | watchfiles.main | 1 change detected
2026-07-08 11:26:34,376 | INFO | watchfiles.main | 1 change detected
2026-07-08 11:26:34,785 | INFO | watchfiles.main | 1 change detected
2026-07-08 11:26:35,195 | INFO | watchfiles.main | 1 change detected
2026-07-08 11:26:35,557 | INFO | watchfiles.main | 1 change detected
2026-07-08 11:26:35,969 | INFO | watchfiles.main | 1 change detected
2026-07-08 11:26:36,378 | INFO | watchfiles.main | 1 change detected
2026-07-08 11:26:36,793 | INFO | watchfiles.main | 1 change detected
2026-07-08 11:26:37,152 | INFO | watchfiles.main | 1 change detected
2026-07-08 11:26:37,568 | INFO | watchfiles.main | 1 change detected
2026-07-08 11:26:37,981 | INFO | watchfiles.main | 1 change detected
2026-07-08 11:26:38,386 | INFO | watchfiles.main | 1 change detected
2026-07-08 11:26:38,791 | INFO | watchfiles.main | 1 change detected
2026-07-08 11:26:39,157 | INFO | watchfiles.main | 1 change detected
2026-07-08 11:26:39,566 | INFO | watchfiles.main | 1 change detected
2026-07-08 11:26:39,976 | INFO | watchfiles.main | 1 change detected
2026-07-08 11:26:40,383 | INFO | watchfiles.main | 1 change detected
2026-07-08 11:26:40,793 | INFO | watchfiles.main | 1 change detected
2026-07-08 11:26:41,148 | INFO | watchfiles.main | 1 change detected
2026-07-08 11:26:41,558 | INFO | watchfiles.main | 1 change detected
2026-07-08 11:26:41,961 | INFO | watchfiles.main | 1 change detected
2026-07-08 11:26:42,365 | INFO | watchfiles.main | 1 change detected
2026-07-08 11:26:42,778 | INFO | watchfiles.main | 1 change detected
2026-07-08 11:26:43,185 | INFO | watchfiles.main | 1 change detected
2026-07-08 11:26:43,538 | INFO | watchfiles.main | 1 change detected
2026-07-08 11:26:43,946 | INFO | watchfiles.main | 1 change detected
2026-07-08 11:26:44,350 | INFO | watchfiles.main | 1 change detected
2026-07-08 11:26:44,765 | INFO | watchfiles.main | 1 change detected
2026-07-08 11:26:45,132 | INFO | watchfiles.main | 1 change detected
2026-07-08 11:26:45,538 | INFO | watchfiles.main | 1 change detected
2026-07-08 11:26:45,954 | INFO | watchfiles.main | 1 change detected
2026-07-08 11:26:46,318 | INFO | watchfiles.main | 1 change detected
2026-07-08 11:26:46,729 | INFO | watchfiles.main | 1 change detected
2026-07-08 11:26:47,140 | INFO | watchfiles.main | 1 change detected
2026-07-08 11:26:47,545 | INFO | watchfiles.main | 1 change detected
2026-07-08 11:26:47,904 | INFO | watchfiles.main | 1 change detected
2026-07-08 11:26:48,308 | INFO | watchfiles.main | 1 change detected
2026-07-08 11:26:48,712 | INFO | watchfiles.main | 1 change detected
2026-07-08 11:26:49,129 | INFO | watchfiles.main | 1 change detected
2026-07-08 11:26:49,532 | INFO | watchfiles.main | 1 change detected
2026-07-08 11:26:49,940 | INFO | watchfiles.main | 1 change detected
2026-07-08 11:26:50,344 | INFO | watchfiles.main | 1 change detected
2026-07-08 11:26:50,759 | INFO | watchfiles.main | 1 change detected
2026-07-08 11:26:51,120 | INFO | watchfiles.main | 1 change detected
2026-07-08 11:26:51,531 | INFO | watchfiles.main | 1 change detected
2026-07-08 11:26:51,934 | INFO | watchfiles.main | 1 change detected
2026-07-08 11:26:52,347 | INFO | watchfiles.main | 1 change detected
2026-07-08 11:26:52,708 | INFO | watchfiles.main | 1 change detected
2026-07-08 11:26:53,125 | INFO | watchfiles.main | 1 change detected
2026-07-08 11:26:53,531 | INFO | watchfiles.main | 1 change detected
2026-07-08 11:26:53,941 | INFO | watchfiles.main | 1 change detected
2026-07-08 11:26:54,358 | INFO | watchfiles.main | 1 change detected
2026-07-08 11:26:54,717 | INFO | watchfiles.main | 1 change detected
2026-07-08 11:26:55,130 | INFO | watchfiles.main | 1 change detected
2026-07-08 11:26:55,540 | INFO | watchfiles.main | 1 change detected
2026-07-08 11:26:55,950 | INFO | watchfiles.main | 1 change detected
2026-07-08 11:26:56,357 | INFO | watchfiles.main | 1 change detected
2026-07-08 11:26:56,765 | INFO | watchfiles.main | 1 change detected
2026-07-08 11:26:57,179 | INFO | watchfiles.main | 1 change detected
2026-07-08 11:26:57,591 | INFO | watchfiles.main | 1 change detected
2026-07-08 11:26:57,998 | INFO | watchfiles.main | 1 change detected
2026-07-08 11:26:58,352 | INFO | watchfiles.main | 1 change detected
2026-07-08 11:26:58,769 | INFO | watchfiles.main | 1 change detected
2026-07-08 11:26:59,133 | INFO | watchfiles.main | 1 change detected
2026-07-08 11:26:59,540 | INFO | watchfiles.main | 1 change detected
2026-07-08 11:26:59,993 | INFO | watchfiles.main | 1 change detected
2026-07-08 11:27:00,400 | INFO | watchfiles.main | 1 change detected
2026-07-08 11:27:00,772 | INFO | watchfiles.main | 1 change detected
2026-07-08 11:27:01,177 | INFO | watchfiles.main | 1 change detected
2026-07-08 11:27:01,633 | INFO | watchfiles.main | 1 change detected
2026-07-08 11:27:02,046 | INFO | watchfiles.main | 1 change detected
2026-07-08 11:27:02,409 | INFO | watchfiles.main | 1 change detected
2026-07-08 11:27:02,819 | INFO | watchfiles.main | 1 change detected
2026-07-08 11:27:03,234 | INFO | watchfiles.main | 1 change detected
2026-07-08 11:27:03,641 | INFO | watchfiles.main | 1 change detected
2026-07-08 11:27:04,046 | INFO | watchfiles.main | 1 change detected
2026-07-08 11:27:04,457 | INFO | watchfiles.main | 1 change detected
2026-07-08 11:27:04,866 | INFO | watchfiles.main | 1 change detected
2026-07-08 11:27:05,275 | INFO | watchfiles.main | 1 change detected
2026-07-08 11:27:05,684 | INFO | watchfiles.main | 1 change detected
2026-07-08 11:27:06,091 | INFO | watchfiles.main | 1 change detected
2026-07-08 11:27:06,495 | INFO | watchfiles.main | 1 change detected
2026-07-08 11:27:06,899 | INFO | watchfiles.main | 1 change detected
2026-07-08 11:27:07,267 | INFO | watchfiles.main | 1 change detected
2026-07-08 11:27:07,669 | INFO | watchfiles.main | 1 change detected
2026-07-08 11:27:08,126 | INFO | watchfiles.main | 1 change detected
2026-07-08 11:27:08,482 | INFO | watchfiles.main | 1 change detected
2026-07-08 11:27:08,887 | INFO | watchfiles.main | 1 change detected
2026-07-08 11:27:09,343 | INFO | watchfiles.main | 1 change detected
2026-07-08 11:27:09,747 | INFO | watchfiles.main | 1 change detected
2026-07-08 11:27:10,105 | INFO | watchfiles.main | 1 change detected
2026-07-08 11:27:10,515 | INFO | watchfiles.main | 1 change detected
2026-07-08 11:27:10,926 | INFO | watchfiles.main | 1 change detected
2026-07-08 11:27:11,329 | INFO | watchfiles.main | 1 change detected
2026-07-08 11:27:11,746 | INFO | watchfiles.main | 1 change detected
2026-07-08 11:27:12,151 | INFO | watchfiles.main | 1 change detected
2026-07-08 11:27:12,567 | INFO | watchfiles.main | 1 change detected
2026-07-08 11:27:12,920 | INFO | watchfiles.main | 1 change detected
2026-07-08 11:27:13,330 | INFO | watchfiles.main | 1 change detected
2026-07-08 11:27:13,698 | INFO | watchfiles.main | 1 change detected
2026-07-08 11:27:14,103 | INFO | watchfiles.main | 1 change detected
2026-07-08 11:27:14,517 | INFO | watchfiles.main | 1 change detected
2026-07-08 11:27:14,925 | INFO | watchfiles.main | 1 change detected
2026-07-08 11:27:15,336 | INFO | watchfiles.main | 1 change detected
2026-07-08 11:27:15,741 | INFO | watchfiles.main | 1 change detected
2026-07-08 11:27:16,094 | INFO | watchfiles.main | 1 change detected
2026-07-08 11:27:16,497 | INFO | watchfiles.main | 1 change detected
2026-07-08 11:27:16,906 | INFO | watchfiles.main | 1 change detected
2026-07-08 11:27:17,313 | INFO | watchfiles.main | 1 change detected
2026-07-08 11:27:17,778 | INFO | watchfiles.main | 1 change detected
2026-07-08 11:27:18,133 | INFO | watchfiles.main | 1 change detected
2026-07-08 11:27:18,545 | INFO | watchfiles.main | 1 change detected
2026-07-08 11:27:19,005 | INFO | watchfiles.main | 1 change detected
2026-07-08 11:27:19,360 | INFO | watchfiles.main | 1 change detected
2026-07-08 11:27:19,766 | INFO | watchfiles.main | 1 change detected
2026-07-08 11:27:20,184 | INFO | watchfiles.main | 1 change detected
2026-07-08 11:27:20,593 | INFO | watchfiles.main | 1 change detected
2026-07-08 11:27:20,946 | INFO | watchfiles.main | 1 change detected
2026-07-08 11:27:21,358 | INFO | watchfiles.main | 1 change detected
2026-07-08 11:27:21,763 | INFO | watchfiles.main | 1 change detected
2026-07-08 11:27:22,166 | INFO | watchfiles.main | 1 change detected
2026-07-08 11:27:22,568 | INFO | watchfiles.main | 1 change detected
2026-07-08 11:27:22,982 | INFO | watchfiles.main | 1 change detected
2026-07-08 11:27:23,342 | INFO | watchfiles.main | 1 change detected
2026-07-08 11:27:23,745 | INFO | watchfiles.main | 1 change detected
2026-07-08 11:27:24,158 | INFO | watchfiles.main | 1 change detected
2026-07-08 11:27:24,560 | INFO | watchfiles.main | 1 change detected
2026-07-08 11:27:24,926 | INFO | watchfiles.main | 1 change detected
2026-07-08 11:27:25,332 | INFO | watchfiles.main | 1 change detected
2026-07-08 11:27:25,743 | INFO | watchfiles.main | 1 change detected
2026-07-08 11:27:26,153 | INFO | watchfiles.main | 1 change detected
2026-07-08 11:27:26,513 | INFO | watchfiles.main | 1 change detected
2026-07-08 11:27:26,923 | INFO | watchfiles.main | 1 change detected
2026-07-08 11:27:27,325 | INFO | watchfiles.main | 1 change detected
2026-07-08 11:27:27,729 | INFO | watchfiles.main | 1 change detected
2026-07-08 11:27:28,096 | INFO | watchfiles.main | 1 change detected
2026-07-08 11:27:28,502 | INFO | watchfiles.main | 1 change detected
2026-07-08 11:27:28,904 | INFO | watchfiles.main | 1 change detected
2026-07-08 11:27:29,313 | INFO | watchfiles.main | 1 change detected
2026-07-08 11:27:29,717 | INFO | watchfiles.main | 1 change detected
2026-07-08 11:27:30,128 | INFO | watchfiles.main | 1 change detected
2026-07-08 11:27:30,532 | INFO | watchfiles.main | 1 change detected
2026-07-08 11:27:30,937 | INFO | watchfiles.main | 1 change detected
2026-07-08 11:27:31,291 | INFO | watchfiles.main | 1 change detected
2026-07-08 11:27:31,701 | INFO | watchfiles.main | 1 change detected
2026-07-08 11:27:32,107 | INFO | watchfiles.main | 1 change detected
2026-07-08 11:27:32,515 | INFO | watchfiles.main | 1 change detected
2026-07-08 11:27:32,927 | INFO | watchfiles.main | 1 change detected
2026-07-08 11:27:33,338 | INFO | watchfiles.main | 1 change detected
2026-07-08 11:27:33,756 | INFO | watchfiles.main | 1 change detected
2026-07-08 11:27:34,116 | INFO | watchfiles.main | 1 change detected
2026-07-08 11:27:34,523 | INFO | watchfiles.main | 1 change detected
2026-07-08 11:27:34,933 | INFO | watchfiles.main | 1 change detected
2026-07-08 11:27:35,337 | INFO | watchfiles.main | 1 change detected
2026-07-08 11:27:35,739 | INFO | watchfiles.main | 1 change detected
2026-07-08 11:27:36,106 | INFO | watchfiles.main | 1 change detected
2026-07-08 11:27:36,512 | INFO | watchfiles.main | 1 change detected
2026-07-08 11:27:36,920 | INFO | watchfiles.main | 1 change detected
2026-07-08 11:27:37,330 | INFO | watchfiles.main | 1 change detected
2026-07-08 11:27:37,699 | INFO | watchfiles.main | 1 change detected
2026-07-08 11:27:38,109 | INFO | watchfiles.main | 1 change detected
2026-07-08 11:27:38,528 | INFO | watchfiles.main | 1 change detected
2026-07-08 11:27:38,935 | INFO | watchfiles.main | 1 change detected
2026-07-08 11:27:39,346 | INFO | watchfiles.main | 1 change detected
2026-07-08 11:27:39,753 | INFO | watchfiles.main | 1 change detected
2026-07-08 11:27:40,107 | INFO | watchfiles.main | 1 change detected
2026-07-08 11:27:40,509 | INFO | watchfiles.main | 1 change detected
2026-07-08 11:27:40,920 | INFO | watchfiles.main | 1 change detected
2026-07-08 11:27:41,323 | INFO | watchfiles.main | 1 change detected
2026-07-08 11:27:41,737 | INFO | watchfiles.main | 1 change detected
2026-07-08 11:27:42,144 | INFO | watchfiles.main | 1 change detected
2026-07-08 11:27:42,554 | INFO | watchfiles.main | 1 change detected
2026-07-08 11:27:42,918 | INFO | watchfiles.main | 1 change detected
2026-07-08 11:27:43,329 | INFO | watchfiles.main | 1 change detected
2026-07-08 11:27:43,733 | INFO | watchfiles.main | 1 change detected
2026-07-08 11:27:44,137 | INFO | watchfiles.main | 1 change detected
2026-07-08 11:27:44,599 | INFO | watchfiles.main | 1 change detected
2026-07-08 11:27:44,959 | INFO | watchfiles.main | 1 change detected
2026-07-08 11:27:45,371 | INFO | watchfiles.main | 1 change detected
2026-07-08 11:27:45,781 | INFO | watchfiles.main | 1 change detected
2026-07-08 11:27:46,193 | INFO | watchfiles.main | 1 change detected
2026-07-08 11:27:46,557 | INFO | watchfiles.main | 1 change detected
2026-07-08 11:27:46,968 | INFO | watchfiles.main | 1 change detected
2026-07-08 11:27:47,372 | INFO | watchfiles.main | 1 change detected
2026-07-08 11:27:47,774 | INFO | watchfiles.main | 1 change detected
2026-07-08 11:27:48,184 | INFO | watchfiles.main | 1 change detected
2026-07-08 11:27:48,586 | INFO | watchfiles.main | 1 change detected
2026-07-08 11:27:48,989 | INFO | watchfiles.main | 1 change detected
2026-07-08 11:27:49,392 | INFO | watchfiles.main | 1 change detected
2026-07-08 11:27:49,794 | INFO | watchfiles.main | 1 change detected
2026-07-08 11:27:50,147 | INFO | watchfiles.main | 1 change detected
2026-07-08 11:27:50,557 | INFO | watchfiles.main | 1 change detected
2026-07-08 11:27:50,968 | INFO | watchfiles.main | 1 change detected
2026-07-08 11:27:51,378 | INFO | watchfiles.main | 1 change detected
2026-07-08 11:27:51,737 | INFO | watchfiles.main | 1 change detected
2026-07-08 11:27:52,141 | INFO | watchfiles.main | 1 change detected
2026-07-08 11:27:52,544 | INFO | watchfiles.main | 1 change detected
2026-07-08 11:27:52,949 | INFO | watchfiles.main | 1 change detected
2026-07-08 11:27:53,362 | INFO | watchfiles.main | 1 change detected
2026-07-08 11:27:53,765 | INFO | watchfiles.main | 1 change detected
2026-07-08 11:27:54,169 | INFO | watchfiles.main | 1 change detected
2026-07-08 11:27:54,534 | INFO | watchfiles.main | 1 change detected
2026-07-08 11:27:54,936 | INFO | watchfiles.main | 1 change detected
2026-07-08 11:27:55,354 | INFO | watchfiles.main | 1 change detected
2026-07-08 11:27:55,760 | INFO | watchfiles.main | 1 change detected
2026-07-08 11:27:56,164 | INFO | watchfiles.main | 1 change detected
2026-07-08 11:27:56,578 | INFO | watchfiles.main | 1 change detected
2026-07-08 11:27:56,940 | INFO | watchfiles.main | 1 change detected
2026-07-08 11:27:57,397 | INFO | watchfiles.main | 1 change detected
2026-07-08 11:27:57,807 | INFO | watchfiles.main | 1 change detected
2026-07-08 11:27:58,209 | INFO | watchfiles.main | 1 change detected
2026-07-08 11:27:58,617 | INFO | watchfiles.main | 1 change detected
2026-07-08 11:27:59,019 | INFO | watchfiles.main | 1 change detected
2026-07-08 11:27:59,435 | INFO | watchfiles.main | 1 change detected
2026-07-08 11:27:59,839 | INFO | watchfiles.main | 1 change detected
2026-07-08 11:28:00,202 | INFO | watchfiles.main | 1 change detected
2026-07-08 11:28:00,612 | INFO | watchfiles.main | 1 change detected
2026-07-08 11:28:01,028 | INFO | watchfiles.main | 1 change detected
2026-07-08 11:28:01,442 | INFO | watchfiles.main | 1 change detected
2026-07-08 11:28:01,858 | INFO | watchfiles.main | 1 change detected
2026-07-08 11:28:02,263 | INFO | watchfiles.main | 1 change detected
2026-07-08 11:28:02,674 | INFO | watchfiles.main | 1 change detected
2026-07-08 11:28:03,077 | INFO | watchfiles.main | 1 change detected
2026-07-08 11:28:03,485 | INFO | watchfiles.main | 1 change detected
2026-07-08 11:28:03,890 | INFO | watchfiles.main | 1 change detected
2026-07-08 11:28:04,308 | INFO | watchfiles.main | 1 change detected
2026-07-08 11:28:04,716 | INFO | watchfiles.main | 1 change detected
2026-07-08 11:28:05,080 | INFO | watchfiles.main | 1 change detected
2026-07-08 11:28:05,489 | INFO | watchfiles.main | 1 change detected
2026-07-08 11:28:05,893 | INFO | watchfiles.main | 1 change detected
2026-07-08 11:28:06,306 | INFO | watchfiles.main | 1 change detected
2026-07-08 11:28:06,709 | INFO | watchfiles.main | 1 change detected
2026-07-08 11:28:07,117 | INFO | watchfiles.main | 1 change detected
2026-07-08 11:28:07,523 | INFO | watchfiles.main | 1 change detected
2026-07-08 11:28:07,934 | INFO | watchfiles.main | 1 change detected
2026-07-08 11:28:08,343 | INFO | watchfiles.main | 1 change detected
2026-07-08 11:28:08,746 | INFO | watchfiles.main | 1 change detected
2026-07-08 11:28:09,148 | INFO | watchfiles.main | 1 change detected
2026-07-08 11:28:09,560 | INFO | watchfiles.main | 1 change detected
2026-07-08 11:28:09,916 | INFO | watchfiles.main | 1 change detected
2026-07-08 11:28:10,382 | INFO | watchfiles.main | 1 change detected
2026-07-08 11:28:10,740 | INFO | watchfiles.main | 1 change detected
2026-07-08 11:28:11,196 | INFO | watchfiles.main | 1 change detected
2026-07-08 11:28:11,547 | INFO | watchfiles.main | 1 change detected
2026-07-08 11:28:11,964 | INFO | watchfiles.main | 1 change detected
2026-07-08 11:28:12,372 | INFO | watchfiles.main | 1 change detected
2026-07-08 11:28:12,786 | INFO | watchfiles.main | 1 change detected
2026-07-08 11:28:13,203 | INFO | watchfiles.main | 1 change detected
2026-07-08 11:28:13,614 | INFO | watchfiles.main | 1 change detected
2026-07-08 11:28:14,022 | INFO | watchfiles.main | 1 change detected
2026-07-08 11:28:14,430 | INFO | watchfiles.main | 1 change detected
2026-07-08 11:28:14,837 | INFO | watchfiles.main | 1 change detected
2026-07-08 11:28:15,247 | INFO | watchfiles.main | 1 change detected
2026-07-08 11:28:15,608 | INFO | watchfiles.main | 1 change detected
2026-07-08 11:28:16,017 | INFO | watchfiles.main | 1 change detected
2026-07-08 11:28:16,425 | INFO | watchfiles.main | 1 change detected
2026-07-08 11:28:16,840 | INFO | watchfiles.main | 1 change detected
2026-07-08 11:28:17,249 | INFO | watchfiles.main | 1 change detected
2026-07-08 11:28:17,658 | INFO | watchfiles.main | 1 change detected
2026-07-08 11:28:18,068 | INFO | watchfiles.main | 1 change detected
2026-07-08 11:28:18,471 | INFO | watchfiles.main | 1 change detected
2026-07-08 11:28:18,880 | INFO | watchfiles.main | 1 change detected
2026-07-08 11:28:19,284 | INFO | watchfiles.main | 1 change detected
2026-07-08 11:28:19,691 | INFO | watchfiles.main | 1 change detected
2026-07-08 11:28:20,108 | INFO | watchfiles.main | 1 change detected
2026-07-08 11:28:20,513 | INFO | watchfiles.main | 1 change detected
2026-07-08 11:28:20,930 | INFO | watchfiles.main | 1 change detected
2026-07-08 11:28:21,336 | INFO | watchfiles.main | 1 change detected
2026-07-08 11:28:21,738 | INFO | watchfiles.main | 1 change detected
2026-07-08 11:28:22,142 | INFO | watchfiles.main | 1 change detected
2026-07-08 11:28:22,545 | INFO | watchfiles.main | 1 change detected
2026-07-08 11:28:22,954 | INFO | watchfiles.main | 1 change detected
2026-07-08 11:28:23,312 | INFO | watchfiles.main | 1 change detected
2026-07-08 11:28:23,714 | INFO | watchfiles.main | 1 change detected
2026-07-08 11:28:24,120 | INFO | watchfiles.main | 1 change detected
2026-07-08 11:28:24,523 | INFO | watchfiles.main | 1 change detected
2026-07-08 11:28:24,926 | INFO | watchfiles.main | 1 change detected
2026-07-08 11:28:25,336 | INFO | watchfiles.main | 1 change detected
2026-07-08 11:28:25,743 | INFO | watchfiles.main | 1 change detected
2026-07-08 11:28:26,154 | INFO | watchfiles.main | 1 change detected
2026-07-08 11:28:26,509 | INFO | watchfiles.main | 1 change detected
2026-07-08 11:28:26,922 | INFO | watchfiles.main | 1 change detected
2026-07-08 11:28:27,328 | INFO | watchfiles.main | 1 change detected
2026-07-08 11:28:27,731 | INFO | watchfiles.main | 1 change detected
2026-07-08 11:28:28,141 | INFO | watchfiles.main | 1 change detected
2026-07-08 11:28:28,504 | INFO | watchfiles.main | 1 change detected
2026-07-08 11:28:28,913 | INFO | watchfiles.main | 1 change detected
2026-07-08 11:28:29,324 | INFO | watchfiles.main | 1 change detected
2026-07-08 11:28:29,733 | INFO | watchfiles.main | 1 change detected
2026-07-08 11:28:30,141 | INFO | watchfiles.main | 1 change detected
2026-07-08 11:28:30,544 | INFO | watchfiles.main | 1 change detected
2026-07-08 11:28:30,897 | INFO | watchfiles.main | 1 change detected
2026-07-08 11:28:31,308 | INFO | watchfiles.main | 1 change detected
2026-07-08 11:28:31,712 | INFO | watchfiles.main | 1 change detected
2026-07-08 11:28:32,129 | INFO | watchfiles.main | 1 change detected
2026-07-08 11:28:32,482 | INFO | watchfiles.main | 1 change detected
2026-07-08 11:28:32,900 | INFO | watchfiles.main | 1 change detected
2026-07-08 11:28:33,307 | INFO | watchfiles.main | 1 change detected
2026-07-08 11:28:33,713 | INFO | watchfiles.main | 1 change detected
2026-07-08 11:28:34,118 | INFO | watchfiles.main | 1 change detected
2026-07-08 11:28:34,481 | INFO | watchfiles.main | 1 change detected
2026-07-08 11:28:34,888 | INFO | watchfiles.main | 1 change detected
2026-07-08 11:28:35,292 | INFO | watchfiles.main | 1 change detected
2026-07-08 11:28:35,704 | INFO | watchfiles.main | 1 change detected
2026-07-08 11:28:36,111 | INFO | watchfiles.main | 1 change detected
2026-07-08 11:28:36,529 | INFO | watchfiles.main | 1 change detected
2026-07-08 11:28:36,935 | INFO | watchfiles.main | 1 change detected
2026-07-08 11:28:37,348 | INFO | watchfiles.main | 1 change detected
2026-07-08 11:28:37,761 | INFO | watchfiles.main | 1 change detected
2026-07-08 11:28:38,120 | INFO | watchfiles.main | 1 change detected
2026-07-08 11:28:38,523 | INFO | watchfiles.main | 1 change detected
2026-07-08 11:28:38,926 | INFO | watchfiles.main | 1 change detected
2026-07-08 11:28:39,335 | INFO | watchfiles.main | 1 change detected
2026-07-08 11:28:39,744 | INFO | watchfiles.main | 1 change detected
2026-07-08 11:28:40,154 | INFO | watchfiles.main | 1 change detected
2026-07-08 11:28:40,514 | INFO | watchfiles.main | 1 change detected
2026-07-08 11:28:40,917 | INFO | watchfiles.main | 1 change detected
2026-07-08 11:28:41,327 | INFO | watchfiles.main | 1 change detected
2026-07-08 11:28:41,732 | INFO | watchfiles.main | 1 change detected
2026-07-08 11:28:42,149 | INFO | watchfiles.main | 1 change detected
2026-07-08 11:28:42,504 | INFO | watchfiles.main | 1 change detected
2026-07-08 11:28:42,960 | INFO | watchfiles.main | 1 change detected
2026-07-08 11:28:43,364 | INFO | watchfiles.main | 1 change detected
2026-07-08 11:28:43,720 | INFO | watchfiles.main | 1 change detected
2026-07-08 11:28:44,129 | INFO | watchfiles.main | 1 change detected
2026-07-08 11:28:44,539 | INFO | watchfiles.main | 1 change detected
2026-07-08 11:28:44,947 | INFO | watchfiles.main | 1 change detected
2026-07-08 11:28:45,355 | INFO | watchfiles.main | 1 change detected
2026-07-08 11:28:45,759 | INFO | watchfiles.main | 1 change detected
2026-07-08 11:28:46,114 | INFO | watchfiles.main | 1 change detected
2026-07-08 11:28:46,517 | INFO | watchfiles.main | 1 change detected
2026-07-08 11:28:46,932 | INFO | watchfiles.main | 1 change detected
2026-07-08 11:28:47,337 | INFO | watchfiles.main | 1 change detected
2026-07-08 11:28:47,750 | INFO | watchfiles.main | 1 change detected
2026-07-08 11:28:48,107 | INFO | watchfiles.main | 1 change detected
2026-07-08 11:28:48,510 | INFO | watchfiles.main | 1 change detected
2026-07-08 11:28:48,921 | INFO | watchfiles.main | 1 change detected
2026-07-08 11:28:49,336 | INFO | watchfiles.main | 1 change detected
2026-07-08 11:28:49,746 | INFO | watchfiles.main | 1 change detected
2026-07-08 11:28:50,105 | INFO | watchfiles.main | 1 change detected
2026-07-08 11:28:50,516 | INFO | watchfiles.main | 1 change detected
2026-07-08 11:28:50,919 | INFO | watchfiles.main | 1 change detected
2026-07-08 11:28:51,322 | INFO | watchfiles.main | 1 change detected
2026-07-08 11:28:51,725 | INFO | watchfiles.main | 1 change detected
2026-07-08 11:28:52,127 | INFO | watchfiles.main | 1 change detected
2026-07-08 11:28:52,530 | INFO | watchfiles.main | 1 change detected
2026-07-08 11:28:52,940 | INFO | watchfiles.main | 1 change detected
2026-07-08 11:28:53,343 | INFO | watchfiles.main | 1 change detected
2026-07-08 11:28:53,752 | INFO | watchfiles.main | 1 change detected
2026-07-08 11:28:54,105 | INFO | watchfiles.main | 1 change detected
2026-07-08 11:28:54,515 | INFO | watchfiles.main | 1 change detected
2026-07-08 11:28:54,919 | INFO | watchfiles.main | 1 change detected
2026-07-08 11:28:55,329 | INFO | watchfiles.main | 1 change detected
2026-07-08 11:28:55,745 | INFO | watchfiles.main | 1 change detected
2026-07-08 11:28:56,104 | INFO | watchfiles.main | 1 change detected
2026-07-08 11:28:56,508 | INFO | watchfiles.main | 1 change detected
2026-07-08 11:28:56,918 | INFO | watchfiles.main | 1 change detected
2026-07-08 11:28:57,322 | INFO | watchfiles.main | 1 change detected
2026-07-08 11:28:57,724 | INFO | watchfiles.main | 1 change detected
2026-07-08 11:28:58,127 | INFO | watchfiles.main | 1 change detected
2026-07-08 11:28:58,532 | INFO | watchfiles.main | 1 change detected
2026-07-08 11:28:58,947 | INFO | watchfiles.main | 1 change detected
2026-07-08 11:28:59,365 | INFO | watchfiles.main | 1 change detected
2026-07-08 11:28:59,773 | INFO | watchfiles.main | 1 change detected
2026-07-08 11:29:00,131 | INFO | watchfiles.main | 1 change detected
2026-07-08 11:29:00,537 | INFO | watchfiles.main | 1 change detected
2026-07-08 11:29:00,955 | INFO | watchfiles.main | 1 change detected
2026-07-08 11:29:01,312 | INFO | watchfiles.main | 1 change detected
2026-07-08 11:29:01,720 | INFO | watchfiles.main | 1 change detected
2026-07-08 11:29:02,128 | INFO | watchfiles.main | 1 change detected
2026-07-08 11:29:02,543 | INFO | watchfiles.main | 1 change detected
2026-07-08 11:29:02,955 | INFO | watchfiles.main | 1 change detected
2026-07-08 11:29:03,320 | INFO | watchfiles.main | 1 change detected
2026-07-08 11:29:03,731 | INFO | watchfiles.main | 1 change detected
2026-07-08 11:29:04,135 | INFO | watchfiles.main | 1 change detected
2026-07-08 11:29:04,538 | INFO | watchfiles.main | 1 change detected
2026-07-08 11:29:04,903 | INFO | watchfiles.main | 1 change detected
2026-07-08 11:29:05,314 | INFO | watchfiles.main | 1 change detected
2026-07-08 11:29:05,674 | INFO | watchfiles.main | 1 change detected
2026-07-08 11:29:06,082 | INFO | watchfiles.main | 1 change detected
2026-07-08 11:29:06,495 | INFO | watchfiles.main | 1 change detected
2026-07-08 11:29:06,904 | INFO | watchfiles.main | 1 change detected
2026-07-08 11:29:07,307 | INFO | watchfiles.main | 1 change detected
2026-07-08 11:29:07,710 | INFO | watchfiles.main | 1 change detected
2026-07-08 11:29:08,113 | INFO | watchfiles.main | 1 change detected
2026-07-08 11:29:08,515 | INFO | watchfiles.main | 1 change detected
2026-07-08 11:29:08,918 | INFO | watchfiles.main | 1 change detected
2026-07-08 11:29:09,322 | INFO | watchfiles.main | 1 change detected
2026-07-08 11:29:09,724 | INFO | watchfiles.main | 1 change detected
2026-07-08 11:29:10,127 | INFO | watchfiles.main | 1 change detected
2026-07-08 11:29:10,529 | INFO | watchfiles.main | 1 change detected
2026-07-08 11:29:10,933 | INFO | watchfiles.main | 1 change detected
2026-07-08 11:29:11,284 | INFO | watchfiles.main | 1 change detected
2026-07-08 11:29:11,696 | INFO | watchfiles.main | 1 change detected
2026-07-08 11:29:12,099 | INFO | watchfiles.main | 1 change detected
2026-07-08 11:29:12,502 | INFO | watchfiles.main | 1 change detected
2026-07-08 11:29:12,911 | INFO | watchfiles.main | 1 change detected
2026-07-08 11:29:13,321 | INFO | watchfiles.main | 1 change detected
2026-07-08 11:29:13,673 | INFO | watchfiles.main | 1 change detected
2026-07-08 11:29:14,077 | INFO | watchfiles.main | 1 change detected
2026-07-08 11:29:14,488 | INFO | watchfiles.main | 1 change detected
2026-07-08 11:29:14,897 | INFO | watchfiles.main | 1 change detected
2026-07-08 11:29:15,303 | INFO | watchfiles.main | 1 change detected
2026-07-08 11:29:15,660 | INFO | watchfiles.main | 1 change detected
2026-07-08 11:29:16,071 | INFO | watchfiles.main | 1 change detected
2026-07-08 11:29:16,475 | INFO | watchfiles.main | 1 change detected
2026-07-08 11:29:16,878 | INFO | watchfiles.main | 1 change detected
2026-07-08 11:29:17,281 | INFO | watchfiles.main | 1 change detected
2026-07-08 11:29:17,690 | INFO | watchfiles.main | 1 change detected
2026-07-08 11:29:18,092 | INFO | watchfiles.main | 1 change detected
2026-07-08 11:29:18,457 | INFO | watchfiles.main | 1 change detected
2026-07-08 11:29:18,863 | INFO | watchfiles.main | 1 change detected
2026-07-08 11:29:19,272 | INFO | watchfiles.main | 1 change detected
2026-07-08 11:29:19,681 | INFO | watchfiles.main | 1 change detected
2026-07-08 11:29:20,085 | INFO | watchfiles.main | 1 change detected
2026-07-08 11:29:20,441 | INFO | watchfiles.main | 1 change detected
2026-07-08 11:29:20,855 | INFO | watchfiles.main | 1 change detected
2026-07-08 11:29:21,258 | INFO | watchfiles.main | 1 change detected
2026-07-08 11:29:21,615 | INFO | watchfiles.main | 1 change detected
2026-07-08 11:29:22,020 | INFO | watchfiles.main | 1 change detected
2026-07-08 11:29:22,425 | INFO | watchfiles.main | 1 change detected
2026-07-08 11:29:22,837 | INFO | watchfiles.main | 1 change detected
2026-07-08 11:29:23,253 | INFO | watchfiles.main | 1 change detected
2026-07-08 11:29:23,613 | INFO | watchfiles.main | 1 change detected
2026-07-08 11:29:24,023 | INFO | watchfiles.main | 1 change detected
2026-07-08 11:29:24,441 | INFO | watchfiles.main | 1 change detected
2026-07-08 11:29:24,846 | INFO | watchfiles.main | 1 change detected
2026-07-08 11:29:25,260 | INFO | watchfiles.main | 1 change detected
2026-07-08 11:29:25,670 | INFO | watchfiles.main | 1 change detected
2026-07-08 11:29:26,029 | INFO | watchfiles.main | 1 change detected
2026-07-08 11:29:26,432 | INFO | watchfiles.main | 1 change detected
2026-07-08 11:29:26,841 | INFO | watchfiles.main | 1 change detected
2026-07-08 11:29:27,247 | INFO | watchfiles.main | 1 change detected
2026-07-08 11:29:27,649 | INFO | watchfiles.main | 1 change detected
2026-07-08 11:29:28,013 | INFO | watchfiles.main | 1 change detected
2026-07-08 11:29:28,418 | INFO | watchfiles.main | 1 change detected
2026-07-08 11:29:28,823 | INFO | watchfiles.main | 1 change detected
2026-07-08 11:29:29,225 | INFO | watchfiles.main | 1 change detected
2026-07-08 11:29:29,633 | INFO | watchfiles.main | 1 change detected
2026-07-08 11:29:30,043 | INFO | watchfiles.main | 1 change detected
2026-07-08 11:29:30,453 | INFO | watchfiles.main | 1 change detected
2026-07-08 11:29:30,855 | INFO | watchfiles.main | 1 change detected
2026-07-08 11:29:31,214 | INFO | watchfiles.main | 1 change detected
2026-07-08 11:29:31,618 | INFO | watchfiles.main | 1 change detected
2026-07-08 11:29:32,028 | INFO | watchfiles.main | 1 change detected
2026-07-08 11:29:32,432 | INFO | watchfiles.main | 1 change detected
2026-07-08 11:29:32,835 | INFO | watchfiles.main | 1 change detected
2026-07-08 11:29:33,244 | INFO | watchfiles.main | 1 change detected
2026-07-08 11:29:33,647 | INFO | watchfiles.main | 1 change detected
2026-07-08 11:29:34,007 | INFO | watchfiles.main | 1 change detected
2026-07-08 11:29:34,411 | INFO | watchfiles.main | 1 change detected
2026-07-08 11:29:34,818 | INFO | watchfiles.main | 1 change detected
2026-07-08 11:29:35,224 | INFO | watchfiles.main | 1 change detected
2026-07-08 11:29:35,629 | INFO | watchfiles.main | 1 change detected
2026-07-08 11:29:36,038 | INFO | watchfiles.main | 1 change detected
2026-07-08 11:29:36,446 | INFO | watchfiles.main | 1 change detected
2026-07-08 11:29:36,812 | INFO | watchfiles.main | 1 change detected
2026-07-08 11:29:37,217 | INFO | watchfiles.main | 1 change detected
2026-07-08 11:29:37,627 | INFO | watchfiles.main | 1 change detected
2026-07-08 11:29:38,029 | INFO | watchfiles.main | 1 change detected
2026-07-08 11:29:38,438 | INFO | watchfiles.main | 1 change detected
2026-07-08 11:29:38,841 | INFO | watchfiles.main | 1 change detected
2026-07-08 11:29:39,244 | INFO | watchfiles.main | 1 change detected
2026-07-08 11:29:39,647 | INFO | watchfiles.main | 1 change detected
2026-07-08 11:29:40,050 | INFO | watchfiles.main | 1 change detected
2026-07-08 11:29:40,453 | INFO | watchfiles.main | 1 change detected
2026-07-08 11:29:40,855 | INFO | watchfiles.main | 1 change detected
2026-07-08 11:29:41,265 | INFO | watchfiles.main | 1 change detected
2026-07-08 11:29:41,667 | INFO | watchfiles.main | 1 change detected
2026-07-08 11:29:42,070 | INFO | watchfiles.main | 1 change detected
2026-07-08 11:29:42,474 | INFO | watchfiles.main | 1 change detected
2026-07-08 11:29:42,876 | INFO | watchfiles.main | 1 change detected
2026-07-08 11:29:43,279 | INFO | watchfiles.main | 1 change detected
2026-07-08 11:29:43,681 | INFO | watchfiles.main | 1 change detected
2026-07-08 11:29:44,084 | INFO | watchfiles.main | 1 change detected
2026-07-08 11:29:44,487 | INFO | watchfiles.main | 1 change detected
2026-07-08 11:29:44,897 | INFO | watchfiles.main | 1 change detected
2026-07-08 11:29:45,300 | INFO | watchfiles.main | 1 change detected
2026-07-08 11:29:45,659 | INFO | watchfiles.main | 1 change detected
2026-07-08 11:29:46,064 | INFO | watchfiles.main | 1 change detected
2026-07-08 11:29:46,466 | INFO | watchfiles.main | 1 change detected
2026-07-08 11:29:46,827 | INFO | watchfiles.main | 1 change detected
2026-07-08 11:29:47,242 | INFO | watchfiles.main | 1 change detected
2026-07-08 11:29:47,649 | INFO | watchfiles.main | 1 change detected
2026-07-08 11:29:48,013 | INFO | watchfiles.main | 1 change detected
2026-07-08 11:29:48,419 | INFO | watchfiles.main | 1 change detected
2026-07-08 11:29:48,821 | INFO | watchfiles.main | 1 change detected
2026-07-08 11:29:49,225 | INFO | watchfiles.main | 1 change detected
2026-07-08 11:29:49,630 | INFO | watchfiles.main | 1 change detected
2026-07-08 11:29:50,043 | INFO | watchfiles.main | 1 change detected
2026-07-08 11:29:50,446 | INFO | watchfiles.main | 1 change detected
2026-07-08 11:29:50,855 | INFO | watchfiles.main | 1 change detected
2026-07-08 11:29:51,260 | INFO | watchfiles.main | 1 change detected
2026-07-08 11:29:51,617 | INFO | watchfiles.main | 1 change detected
2026-07-08 11:29:52,029 | INFO | watchfiles.main | 1 change detected
2026-07-08 11:29:52,431 | INFO | watchfiles.main | 1 change detected
2026-07-08 11:29:52,834 | INFO | watchfiles.main | 1 change detected
2026-07-08 11:29:53,238 | INFO | watchfiles.main | 1 change detected
2026-07-08 11:29:53,647 | INFO | watchfiles.main | 1 change detected
2026-07-08 11:29:54,050 | INFO | watchfiles.main | 1 change detected
2026-07-08 11:29:54,459 | INFO | watchfiles.main | 1 change detected
2026-07-08 11:29:54,862 | INFO | watchfiles.main | 1 change detected
2026-07-08 11:29:55,218 | INFO | watchfiles.main | 1 change detected
2026-07-08 11:29:55,626 | INFO | watchfiles.main | 1 change detected
2026-07-08 11:29:56,028 | INFO | watchfiles.main | 1 change detected
2026-07-08 11:29:56,431 | INFO | watchfiles.main | 1 change detected
2026-07-08 11:29:56,835 | INFO | watchfiles.main | 1 change detected
2026-07-08 11:29:57,238 | INFO | watchfiles.main | 1 change detected
2026-07-08 11:29:57,644 | INFO | watchfiles.main | 1 change detected
2026-07-08 11:29:58,047 | INFO | watchfiles.main | 1 change detected
2026-07-08 11:29:58,452 | INFO | watchfiles.main | 1 change detected
2026-07-08 11:29:58,855 | INFO | watchfiles.main | 1 change detected
2026-07-08 11:29:59,258 | INFO | watchfiles.main | 1 change detected
2026-07-08 11:29:59,668 | INFO | watchfiles.main | 1 change detected
2026-07-08 11:30:00,020 | INFO | watchfiles.main | 1 change detected
2026-07-08 11:30:00,432 | INFO | watchfiles.main | 1 change detected
2026-07-08 11:30:00,844 | INFO | watchfiles.main | 1 change detected
2026-07-08 11:30:01,258 | INFO | watchfiles.main | 1 change detected
2026-07-08 11:30:01,668 | INFO | watchfiles.main | 1 change detected
2026-07-08 11:30:02,070 | INFO | watchfiles.main | 1 change detected
2026-07-08 11:30:02,473 | INFO | watchfiles.main | 1 change detected
2026-07-08 11:30:02,832 | INFO | watchfiles.main | 1 change detected
2026-07-08 11:30:03,237 | INFO | watchfiles.main | 1 change detected
2026-07-08 11:30:03,647 | INFO | watchfiles.main | 1 change detected
2026-07-08 11:30:04,049 | INFO | watchfiles.main | 1 change detected
2026-07-08 11:30:04,452 | INFO | watchfiles.main | 1 change detected
2026-07-08 11:30:04,855 | INFO | watchfiles.main | 1 change detected
2026-07-08 11:30:05,265 | INFO | watchfiles.main | 1 change detected
2026-07-08 11:30:05,625 | INFO | watchfiles.main | 1 change detected
2026-07-08 11:30:06,037 | INFO | watchfiles.main | 1 change detected
2026-07-08 11:30:06,440 | INFO | watchfiles.main | 1 change detected
2026-07-08 11:30:06,848 | INFO | watchfiles.main | 1 change detected
2026-07-08 11:30:07,207 | INFO | watchfiles.main | 1 change detected
2026-07-08 11:30:07,619 | INFO | watchfiles.main | 1 change detected
2026-07-08 11:30:08,029 | INFO | watchfiles.main | 1 change detected
2026-07-08 11:30:08,431 | INFO | watchfiles.main | 1 change detected
2026-07-08 11:30:08,842 | INFO | watchfiles.main | 1 change detected
2026-07-08 11:30:09,245 | INFO | watchfiles.main | 1 change detected
2026-07-08 11:30:09,610 | INFO | watchfiles.main | 1 change detected
2026-07-08 11:30:10,022 | INFO | watchfiles.main | 1 change detected
2026-07-08 11:30:10,424 | INFO | watchfiles.main | 1 change detected
2026-07-08 11:30:10,827 | INFO | watchfiles.main | 1 change detected
2026-07-08 11:30:11,230 | INFO | watchfiles.main | 1 change detected
2026-07-08 11:30:11,633 | INFO | watchfiles.main | 1 change detected
2026-07-08 11:30:11,992 | INFO | watchfiles.main | 1 change detected
2026-07-08 11:30:12,406 | INFO | watchfiles.main | 1 change detected
2026-07-08 11:30:12,769 | INFO | watchfiles.main | 1 change detected
2026-07-08 11:30:13,181 | INFO | watchfiles.main | 1 change detected
2026-07-08 11:30:13,591 | INFO | watchfiles.main | 1 change detected
2026-07-08 11:30:14,001 | INFO | watchfiles.main | 1 change detected
2026-07-08 11:30:14,360 | INFO | watchfiles.main | 1 change detected
2026-07-08 11:30:14,772 | INFO | watchfiles.main | 1 change detected
2026-07-08 11:30:15,175 | INFO | watchfiles.main | 1 change detected
2026-07-08 11:30:15,577 | INFO | watchfiles.main | 1 change detected
2026-07-08 11:30:15,987 | INFO | watchfiles.main | 1 change detected
2026-07-08 11:30:16,389 | INFO | watchfiles.main | 1 change detected
2026-07-08 11:30:16,799 | INFO | watchfiles.main | 1 change detected
2026-07-08 11:30:17,202 | INFO | watchfiles.main | 1 change detected
2026-07-08 11:30:17,605 | INFO | watchfiles.main | 1 change detected
2026-07-08 11:30:18,015 | INFO | watchfiles.main | 1 change detected
2026-07-08 11:30:18,417 | INFO | watchfiles.main | 1 change detected
2026-07-08 11:30:18,820 | INFO | watchfiles.main | 1 change detected
2026-07-08 11:30:19,179 | INFO | watchfiles.main | 1 change detected
2026-07-08 11:30:19,591 | INFO | watchfiles.main | 1 change detected
2026-07-08 11:30:19,996 | INFO | watchfiles.main | 1 change detected
2026-07-08 11:30:20,400 | INFO | watchfiles.main | 1 change detected
2026-07-08 11:30:20,806 | INFO | watchfiles.main | 1 change detected
2026-07-08 11:30:21,213 | INFO | watchfiles.main | 1 change detected
2026-07-08 11:30:21,567 | INFO | watchfiles.main | 1 change detected
2026-07-08 11:30:21,974 | INFO | watchfiles.main | 1 change detected
2026-07-08 11:30:22,383 | INFO | watchfiles.main | 1 change detected
2026-07-08 11:30:22,786 | INFO | watchfiles.main | 1 change detected
2026-07-08 11:30:23,195 | INFO | watchfiles.main | 1 change detected
2026-07-08 11:30:23,598 | INFO | watchfiles.main | 1 change detected
2026-07-08 11:30:23,958 | INFO | watchfiles.main | 1 change detected
2026-07-08 11:30:24,361 | INFO | watchfiles.main | 1 change detected
2026-07-08 11:30:24,772 | INFO | watchfiles.main | 1 change detected
2026-07-08 11:30:25,174 | INFO | watchfiles.main | 1 change detected
2026-07-08 11:30:25,577 | INFO | watchfiles.main | 1 change detected
2026-07-08 11:30:25,929 | INFO | watchfiles.main | 1 change detected
2026-07-08 11:30:26,343 | INFO | watchfiles.main | 1 change detected
2026-07-08 11:30:26,758 | INFO | watchfiles.main | 1 change detected
2026-07-08 11:30:27,160 | INFO | watchfiles.main | 1 change detected
2026-07-08 11:30:27,564 | INFO | watchfiles.main | 1 change detected
2026-07-08 11:30:27,967 | INFO | watchfiles.main | 1 change detected
2026-07-08 11:30:28,376 | INFO | watchfiles.main | 1 change detected
2026-07-08 11:30:28,778 | INFO | watchfiles.main | 1 change detected
2026-07-08 11:30:29,181 | INFO | watchfiles.main | 1 change detected
2026-07-08 11:30:29,586 | INFO | watchfiles.main | 1 change detected
2026-07-08 11:30:29,950 | INFO | watchfiles.main | 1 change detected
2026-07-08 11:30:30,362 | INFO | watchfiles.main | 1 change detected
2026-07-08 11:30:30,764 | INFO | watchfiles.main | 1 change detected
2026-07-08 11:30:31,170 | INFO | watchfiles.main | 1 change detected
2026-07-08 11:30:31,577 | INFO | watchfiles.main | 1 change detected
2026-07-08 11:30:31,980 | INFO | watchfiles.main | 1 change detected
2026-07-08 11:30:32,382 | INFO | watchfiles.main | 1 change detected
2026-07-08 11:30:32,785 | INFO | watchfiles.main | 1 change detected
2026-07-08 11:30:33,138 | INFO | watchfiles.main | 1 change detected
2026-07-08 11:30:33,542 | INFO | watchfiles.main | 1 change detected
2026-07-08 11:30:33,952 | INFO | watchfiles.main | 1 change detected
2026-07-08 11:30:34,357 | INFO | watchfiles.main | 1 change detected
2026-07-08 11:30:34,773 | INFO | watchfiles.main | 1 change detected
2026-07-08 11:30:35,140 | INFO | watchfiles.main | 1 change detected
2026-07-08 11:30:35,542 | INFO | watchfiles.main | 1 change detected
2026-07-08 11:30:35,952 | INFO | watchfiles.main | 1 change detected
2026-07-08 11:30:36,355 | INFO | watchfiles.main | 1 change detected
2026-07-08 11:30:36,765 | INFO | watchfiles.main | 1 change detected
2026-07-08 11:30:37,117 | INFO | watchfiles.main | 1 change detected
2026-07-08 11:30:37,528 | INFO | watchfiles.main | 1 change detected
2026-07-08 11:30:37,931 | INFO | watchfiles.main | 1 change detected
2026-07-08 11:30:38,333 | INFO | watchfiles.main | 1 change detected
2026-07-08 11:30:38,737 | INFO | watchfiles.main | 1 change detected
2026-07-08 11:30:39,146 | INFO | watchfiles.main | 1 change detected
2026-07-08 11:30:39,550 | INFO | watchfiles.main | 1 change detected
2026-07-08 11:30:39,952 | INFO | watchfiles.main | 1 change detected
2026-07-08 11:30:40,354 | INFO | watchfiles.main | 1 change detected
2026-07-08 11:30:40,771 | INFO | watchfiles.main | 1 change detected
2026-07-08 11:30:41,180 | INFO | watchfiles.main | 1 change detected
2026-07-08 11:30:41,584 | INFO | watchfiles.main | 1 change detected
2026-07-08 11:30:41,987 | INFO | watchfiles.main | 1 change detected
2026-07-08 11:30:42,390 | INFO | watchfiles.main | 1 change detected
2026-07-08 11:30:42,756 | INFO | watchfiles.main | 1 change detected
2026-07-08 11:30:43,211 | INFO | watchfiles.main | 1 change detected
2026-07-08 11:30:43,619 | INFO | watchfiles.main | 1 change detected
2026-07-08 11:30:44,028 | INFO | watchfiles.main | 1 change detected
2026-07-08 11:30:44,385 | INFO | watchfiles.main | 1 change detected
2026-07-08 11:30:44,792 | INFO | watchfiles.main | 1 change detected
2026-07-08 11:30:45,202 | INFO | watchfiles.main | 1 change detected
2026-07-08 11:30:45,612 | INFO | watchfiles.main | 1 change detected
2026-07-08 11:30:45,976 | INFO | watchfiles.main | 1 change detected
2026-07-08 11:30:46,383 | INFO | watchfiles.main | 1 change detected
2026-07-08 11:30:46,794 | INFO | watchfiles.main | 1 change detected
2026-07-08 11:30:47,212 | INFO | watchfiles.main | 1 change detected
2026-07-08 11:30:47,627 | INFO | watchfiles.main | 1 change detected
2026-07-08 11:30:48,030 | INFO | watchfiles.main | 1 change detected
2026-07-08 11:30:48,437 | INFO | watchfiles.main | 1 change detected
2026-07-08 11:30:48,794 | INFO | watchfiles.main | 1 change detected
2026-07-08 11:30:49,196 | INFO | watchfiles.main | 1 change detected
2026-07-08 11:30:49,602 | INFO | watchfiles.main | 1 change detected
2026-07-08 11:30:50,008 | INFO | watchfiles.main | 1 change detected
2026-07-08 11:30:50,424 | INFO | watchfiles.main | 1 change detected
2026-07-08 11:30:50,830 | INFO | watchfiles.main | 1 change detected
2026-07-08 11:30:51,237 | INFO | watchfiles.main | 1 change detected
2026-07-08 11:30:51,598 | INFO | watchfiles.main | 1 change detected
2026-07-08 11:30:52,015 | INFO | watchfiles.main | 1 change detected
2026-07-08 11:30:52,426 | INFO | watchfiles.main | 1 change detected
2026-07-08 11:30:52,830 | INFO | watchfiles.main | 1 change detected
2026-07-08 11:30:53,194 | INFO | watchfiles.main | 1 change detected
2026-07-08 11:30:53,610 | INFO | watchfiles.main | 1 change detected
2026-07-08 11:30:54,015 | INFO | watchfiles.main | 1 change detected
2026-07-08 11:30:54,418 | INFO | watchfiles.main | 1 change detected
2026-07-08 11:30:54,820 | INFO | watchfiles.main | 1 change detected
2026-07-08 11:30:55,223 | INFO | watchfiles.main | 1 change detected
2026-07-08 11:30:55,626 | INFO | watchfiles.main | 1 change detected
2026-07-08 11:30:56,029 | INFO | watchfiles.main | 1 change detected
2026-07-08 11:30:56,388 | INFO | watchfiles.main | 1 change detected
2026-07-08 11:30:56,793 | INFO | watchfiles.main | 1 change detected
2026-07-08 11:30:57,202 | INFO | watchfiles.main | 1 change detected
2026-07-08 11:30:57,606 | INFO | watchfiles.main | 1 change detected
2026-07-08 11:30:58,011 | INFO | watchfiles.main | 1 change detected
2026-07-08 11:30:58,420 | INFO | watchfiles.main | 1 change detected
2026-07-08 11:30:58,783 | INFO | watchfiles.main | 1 change detected
2026-07-08 11:30:59,191 | INFO | watchfiles.main | 1 change detected
2026-07-08 11:30:59,601 | INFO | watchfiles.main | 1 change detected
2026-07-08 11:31:00,002 | INFO | watchfiles.main | 1 change detected
2026-07-08 11:31:00,369 | INFO | watchfiles.main | 1 change detected
2026-07-08 11:31:00,772 | INFO | watchfiles.main | 1 change detected
2026-07-08 11:31:01,187 | INFO | watchfiles.main | 1 change detected
2026-07-08 11:31:01,603 | INFO | watchfiles.main | 1 change detected
2026-07-08 11:31:02,015 | INFO | watchfiles.main | 1 change detected
2026-07-08 11:31:02,433 | INFO | watchfiles.main | 1 change detected
2026-07-08 11:31:02,847 | INFO | watchfiles.main | 1 change detected
2026-07-08 11:31:03,254 | INFO | watchfiles.main | 1 change detected
2026-07-08 11:31:03,611 | INFO | watchfiles.main | 1 change detected
2026-07-08 11:31:04,018 | INFO | watchfiles.main | 1 change detected
2026-07-08 11:31:04,442 | INFO | watchfiles.main | 1 change detected
2026-07-08 11:31:04,859 | INFO | watchfiles.main | 1 change detected
2026-07-08 11:31:05,269 | INFO | watchfiles.main | 1 change detected
2026-07-08 11:31:05,675 | INFO | watchfiles.main | 1 change detected
2026-07-08 11:31:06,035 | INFO | watchfiles.main | 1 change detected
2026-07-08 11:31:06,451 | INFO | watchfiles.main | 1 change detected
2026-07-08 11:31:06,857 | INFO | watchfiles.main | 1 change detected
2026-07-08 11:31:07,268 | INFO | watchfiles.main | 1 change detected
2026-07-08 11:31:07,676 | INFO | watchfiles.main | 1 change detected
2026-07-08 11:31:08,082 | INFO | watchfiles.main | 1 change detected
2026-07-08 11:31:08,496 | INFO | watchfiles.main | 1 change detected
2026-07-08 11:31:08,861 | INFO | watchfiles.main | 1 change detected
2026-07-08 11:31:09,273 | INFO | watchfiles.main | 1 change detected
2026-07-08 11:31:09,679 | INFO | watchfiles.main | 1 change detected
2026-07-08 11:31:10,092 | INFO | watchfiles.main | 1 change detected
2026-07-08 11:31:10,506 | INFO | watchfiles.main | 1 change detected
2026-07-08 11:31:10,862 | INFO | watchfiles.main | 1 change detected
2026-07-08 11:31:11,271 | INFO | watchfiles.main | 1 change detected
2026-07-08 11:31:11,676 | INFO | watchfiles.main | 1 change detected
2026-07-08 11:31:12,092 | INFO | watchfiles.main | 1 change detected
2026-07-08 11:31:12,509 | INFO | watchfiles.main | 1 change detected
2026-07-08 11:31:12,911 | INFO | watchfiles.main | 1 change detected
2026-07-08 11:31:13,277 | INFO | watchfiles.main | 1 change detected
2026-07-08 11:31:13,682 | INFO | watchfiles.main | 1 change detected
2026-07-08 11:31:14,091 | INFO | watchfiles.main | 1 change detected
2026-07-08 11:31:14,502 | INFO | watchfiles.main | 1 change detected
2026-07-08 11:31:14,917 | INFO | watchfiles.main | 1 change detected
2026-07-08 11:31:15,270 | INFO | watchfiles.main | 1 change detected
2026-07-08 11:31:15,726 | INFO | watchfiles.main | 1 change detected
2026-07-08 11:31:16,088 | INFO | watchfiles.main | 1 change detected
2026-07-08 11:31:16,491 | INFO | watchfiles.main | 1 change detected
2026-07-08 11:31:16,898 | INFO | watchfiles.main | 1 change detected
2026-07-08 11:31:17,265 | INFO | watchfiles.main | 1 change detected
2026-07-08 11:31:17,680 | INFO | watchfiles.main | 1 change detected
2026-07-08 11:31:18,084 | INFO | watchfiles.main | 1 change detected
2026-07-08 11:31:18,488 | INFO | watchfiles.main | 1 change detected
2026-07-08 11:31:18,904 | INFO | watchfiles.main | 1 change detected
2026-07-08 11:31:19,313 | INFO | watchfiles.main | 1 change detected
2026-07-08 11:31:19,722 | INFO | watchfiles.main | 1 change detected
2026-07-08 11:31:20,134 | INFO | watchfiles.main | 1 change detected
2026-07-08 11:31:20,487 | INFO | watchfiles.main | 1 change detected
2026-07-08 11:31:20,902 | INFO | watchfiles.main | 1 change detected
2026-07-08 11:31:21,306 | INFO | watchfiles.main | 1 change detected
2026-07-08 11:31:21,717 | INFO | watchfiles.main | 1 change detected
2026-07-08 11:31:22,126 | INFO | watchfiles.main | 1 change detected
2026-07-08 11:31:22,531 | INFO | watchfiles.main | 1 change detected
2026-07-08 11:31:22,943 | INFO | watchfiles.main | 1 change detected
2026-07-08 11:31:23,357 | INFO | watchfiles.main | 1 change detected
2026-07-08 11:31:23,709 | INFO | watchfiles.main | 1 change detected
2026-07-08 11:31:24,124 | INFO | watchfiles.main | 1 change detected
2026-07-08 11:31:24,528 | INFO | watchfiles.main | 1 change detected
2026-07-08 11:31:24,934 | INFO | watchfiles.main | 1 change detected
2026-07-08 11:31:25,299 | INFO | watchfiles.main | 1 change detected
2026-07-08 11:31:25,754 | INFO | watchfiles.main | 1 change detected
2026-07-08 11:31:26,113 | INFO | watchfiles.main | 1 change detected
2026-07-08 11:31:26,519 | INFO | watchfiles.main | 1 change detected
2026-07-08 11:31:26,924 | INFO | watchfiles.main | 1 change detected
2026-07-08 11:31:27,328 | INFO | watchfiles.main | 1 change detected
2026-07-08 11:31:27,742 | INFO | watchfiles.main | 1 change detected
2026-07-08 11:31:28,096 | INFO | watchfiles.main | 1 change detected
2026-07-08 11:31:28,504 | INFO | watchfiles.main | 1 change detected
2026-07-08 11:31:28,911 | INFO | watchfiles.main | 1 change detected
2026-07-08 11:31:29,325 | INFO | watchfiles.main | 1 change detected
2026-07-08 11:31:29,736 | INFO | watchfiles.main | 1 change detected
2026-07-08 11:31:30,138 | INFO | watchfiles.main | 1 change detected
2026-07-08 11:31:30,545 | INFO | watchfiles.main | 1 change detected
2026-07-08 11:31:30,950 | INFO | watchfiles.main | 1 change detected
2026-07-08 11:31:31,365 | INFO | watchfiles.main | 1 change detected
2026-07-08 11:31:31,722 | INFO | watchfiles.main | 1 change detected
2026-07-08 11:31:32,138 | INFO | watchfiles.main | 1 change detected
2026-07-08 11:31:32,558 | INFO | watchfiles.main | 1 change detected
2026-07-08 11:31:32,964 | INFO | watchfiles.main | 1 change detected
2026-07-08 11:31:33,367 | INFO | watchfiles.main | 1 change detected
2026-07-08 11:31:33,771 | INFO | watchfiles.main | 1 change detected
2026-07-08 11:31:34,176 | INFO | watchfiles.main | 1 change detected
2026-07-08 11:31:34,587 | INFO | watchfiles.main | 1 change detected
2026-07-08 11:31:34,999 | INFO | watchfiles.main | 1 change detected
2026-07-08 11:31:35,356 | INFO | watchfiles.main | 1 change detected
2026-07-08 11:31:35,771 | INFO | watchfiles.main | 1 change detected
2026-07-08 11:31:36,180 | INFO | watchfiles.main | 1 change detected
2026-07-08 11:31:36,584 | INFO | watchfiles.main | 1 change detected
2026-07-08 11:31:36,990 | INFO | watchfiles.main | 1 change detected
2026-07-08 11:31:37,396 | INFO | watchfiles.main | 1 change detected
2026-07-08 11:31:37,799 | INFO | watchfiles.main | 1 change detected
2026-07-08 11:31:38,209 | INFO | watchfiles.main | 1 change detected
2026-07-08 11:31:38,575 | INFO | watchfiles.main | 1 change detected
2026-07-08 11:31:38,986 | INFO | watchfiles.main | 1 change detected
2026-07-08 11:31:39,390 | INFO | watchfiles.main | 1 change detected
2026-07-08 11:31:39,793 | INFO | watchfiles.main | 1 change detected
2026-07-08 11:31:40,158 | INFO | watchfiles.main | 1 change detected
2026-07-08 11:31:40,569 | INFO | watchfiles.main | 1 change detected
2026-07-08 11:31:40,973 | INFO | watchfiles.main | 1 change detected
2026-07-08 11:31:41,377 | INFO | watchfiles.main | 1 change detected
2026-07-08 11:31:41,798 | INFO | watchfiles.main | 1 change detected
2026-07-08 11:31:42,160 | INFO | watchfiles.main | 1 change detected
2026-07-08 11:31:42,562 | INFO | watchfiles.main | 1 change detected
2026-07-08 11:31:42,969 | INFO | watchfiles.main | 1 change detected
2026-07-08 11:31:43,386 | INFO | watchfiles.main | 1 change detected
2026-07-08 11:31:43,793 | INFO | watchfiles.main | 1 change detected
2026-07-08 11:31:44,202 | INFO | watchfiles.main | 1 change detected
2026-07-08 11:31:44,605 | INFO | watchfiles.main | 1 change detected
2026-07-08 11:31:45,008 | INFO | watchfiles.main | 1 change detected
2026-07-08 11:31:45,417 | INFO | watchfiles.main | 1 change detected
2026-07-08 11:31:45,779 | INFO | watchfiles.main | 1 change detected
2026-07-08 11:31:46,188 | INFO | watchfiles.main | 1 change detected
2026-07-08 11:31:46,597 | INFO | watchfiles.main | 1 change detected
2026-07-08 11:31:46,961 | INFO | watchfiles.main | 1 change detected
2026-07-08 11:31:47,376 | INFO | watchfiles.main | 1 change detected
2026-07-08 11:31:47,779 | INFO | watchfiles.main | 1 change detected
2026-07-08 11:31:48,231 | INFO | watchfiles.main | 1 change detected
2026-07-08 11:31:48,596 | INFO | watchfiles.main | 1 change detected
2026-07-08 11:31:49,007 | INFO | watchfiles.main | 1 change detected
2026-07-08 11:31:49,425 | INFO | watchfiles.main | 1 change detected
2026-07-08 11:31:49,835 | INFO | watchfiles.main | 1 change detected
2026-07-08 11:31:50,201 | INFO | watchfiles.main | 1 change detected
2026-07-08 11:31:50,604 | INFO | watchfiles.main | 1 change detected
2026-07-08 11:31:51,014 | INFO | watchfiles.main | 1 change detected
2026-07-08 11:31:51,424 | INFO | watchfiles.main | 1 change detected
2026-07-08 11:31:51,777 | INFO | watchfiles.main | 1 change detected
2026-07-08 11:31:52,238 | INFO | watchfiles.main | 1 change detected
2026-07-08 11:31:52,589 | INFO | watchfiles.main | 1 change detected
2026-07-08 11:31:53,001 | INFO | watchfiles.main | 1 change detected
2026-07-08 11:31:53,413 | INFO | watchfiles.main | 1 change detected
2026-07-08 11:31:53,775 | INFO | watchfiles.main | 1 change detected
2026-07-08 11:31:54,235 | INFO | watchfiles.main | 1 change detected
2026-07-08 11:31:54,637 | INFO | watchfiles.main | 1 change detected
2026-07-08 11:31:55,045 | INFO | watchfiles.main | 1 change detected
2026-07-08 11:31:55,410 | INFO | watchfiles.main | 1 change detected
2026-07-08 11:31:55,863 | INFO | watchfiles.main | 1 change detected
2026-07-08 11:31:56,269 | INFO | watchfiles.main | 1 change detected
2026-07-08 11:31:56,631 | INFO | watchfiles.main | 1 change detected
2026-07-08 11:31:57,046 | INFO | watchfiles.main | 1 change detected
2026-07-08 11:31:57,452 | INFO | watchfiles.main | 1 change detected
2026-07-08 11:31:57,863 | INFO | watchfiles.main | 1 change detected
2026-07-08 11:31:58,231 | INFO | watchfiles.main | 1 change detected
2026-07-08 11:31:58,643 | INFO | watchfiles.main | 1 change detected
2026-07-08 11:31:59,052 | INFO | watchfiles.main | 1 change detected
2026-07-08 11:31:59,469 | INFO | watchfiles.main | 1 change detected
2026-07-08 11:31:59,871 | INFO | watchfiles.main | 1 change detected
2026-07-08 11:32:00,278 | INFO | watchfiles.main | 1 change detected
2026-07-08 11:32:00,683 | INFO | watchfiles.main | 1 change detected
2026-07-08 11:32:01,046 | INFO | watchfiles.main | 1 change detected
2026-07-08 11:32:01,454 | INFO | watchfiles.main | 1 change detected
2026-07-08 11:32:01,856 | INFO | watchfiles.main | 1 change detected
2026-07-08 11:32:02,265 | INFO | watchfiles.main | 1 change detected
2026-07-08 11:32:02,669 | INFO | watchfiles.main | 1 change detected
2026-07-08 11:32:03,072 | INFO | watchfiles.main | 1 change detected
2026-07-08 11:32:03,482 | INFO | watchfiles.main | 1 change detected
2026-07-08 11:32:03,887 | INFO | watchfiles.main | 1 change detected
2026-07-08 11:32:04,296 | INFO | watchfiles.main | 1 change detected
2026-07-08 11:32:04,713 | INFO | watchfiles.main | 1 change detected
2026-07-08 11:32:05,077 | INFO | watchfiles.main | 1 change detected
2026-07-08 11:32:05,498 | INFO | watchfiles.main | 1 change detected
2026-07-08 11:32:05,905 | INFO | watchfiles.main | 1 change detected
2026-07-08 11:32:06,308 | INFO | watchfiles.main | 1 change detected
2026-07-08 11:32:06,675 | INFO | watchfiles.main | 1 change detected
2026-07-08 11:32:07,091 | INFO | watchfiles.main | 1 change detected
2026-07-08 11:32:07,498 | INFO | watchfiles.main | 1 change detected
2026-07-08 11:32:07,923 | INFO | watchfiles.main | 1 change detected
2026-07-08 11:32:08,292 | INFO | watchfiles.main | 1 change detected
2026-07-08 11:32:08,705 | INFO | watchfiles.main | 1 change detected
2026-07-08 11:32:09,112 | INFO | watchfiles.main | 1 change detected
2026-07-08 11:32:09,465 | INFO | watchfiles.main | 1 change detected
2026-07-08 11:32:09,884 | INFO | watchfiles.main | 1 change detected
2026-07-08 11:32:10,290 | INFO | watchfiles.main | 1 change detected
2026-07-08 11:32:10,704 | INFO | watchfiles.main | 1 change detected
2026-07-08 11:32:11,109 | INFO | watchfiles.main | 1 change detected
2026-07-08 11:32:11,516 | INFO | watchfiles.main | 1 change detected
2026-07-08 11:32:11,872 | INFO | watchfiles.main | 1 change detected
2026-07-08 11:32:12,283 | INFO | watchfiles.main | 1 change detected
2026-07-08 11:32:12,705 | INFO | watchfiles.main | 1 change detected
2026-07-08 11:32:13,109 | INFO | watchfiles.main | 1 change detected
2026-07-08 11:32:13,464 | INFO | watchfiles.main | 1 change detected
2026-07-08 11:32:13,886 | INFO | watchfiles.main | 1 change detected
2026-07-08 11:32:14,295 | INFO | watchfiles.main | 1 change detected
2026-07-08 11:32:14,713 | INFO | watchfiles.main | 1 change detected
2026-07-08 11:32:15,125 | INFO | watchfiles.main | 1 change detected
2026-07-08 11:32:15,486 | INFO | watchfiles.main | 1 change detected
2026-07-08 11:32:15,895 | INFO | watchfiles.main | 1 change detected
2026-07-08 11:32:16,310 | INFO | watchfiles.main | 1 change detected
2026-07-08 11:32:16,722 | INFO | watchfiles.main | 1 change detected
2026-07-08 11:32:17,082 | INFO | watchfiles.main | 1 change detected
2026-07-08 11:32:17,487 | INFO | watchfiles.main | 1 change detected
2026-07-08 11:32:17,896 | INFO | watchfiles.main | 1 change detected
2026-07-08 11:32:18,307 | INFO | watchfiles.main | 1 change detected
2026-07-08 11:32:18,672 | INFO | watchfiles.main | 1 change detected
2026-07-08 11:32:19,085 | INFO | watchfiles.main | 1 change detected
2026-07-08 11:32:19,501 | INFO | watchfiles.main | 1 change detected
2026-07-08 11:32:19,904 | INFO | watchfiles.main | 1 change detected
2026-07-08 11:32:20,307 | INFO | watchfiles.main | 1 change detected
2026-07-08 11:32:20,672 | INFO | watchfiles.main | 1 change detected
2026-07-08 11:32:21,090 | INFO | watchfiles.main | 1 change detected
2026-07-08 11:32:21,506 | INFO | watchfiles.main | 1 change detected
2026-07-08 11:32:21,918 | INFO | watchfiles.main | 1 change detected
2026-07-08 11:32:22,284 | INFO | watchfiles.main | 1 change detected
2026-07-08 11:32:22,750 | INFO | watchfiles.main | 1 change detected
2026-07-08 11:32:23,107 | INFO | watchfiles.main | 1 change detected
2026-07-08 11:32:23,522 | INFO | watchfiles.main | 1 change detected
2026-07-08 11:32:23,927 | INFO | watchfiles.main | 1 change detected
2026-07-08 11:32:24,334 | INFO | watchfiles.main | 1 change detected
2026-07-08 11:32:24,741 | INFO | watchfiles.main | 1 change detected
2026-07-08 11:32:25,156 | INFO | watchfiles.main | 1 change detected
2026-07-08 11:32:25,562 | INFO | watchfiles.main | 1 change detected
2026-07-08 11:32:25,968 | INFO | watchfiles.main | 1 change detected
2026-07-08 11:32:26,380 | INFO | watchfiles.main | 1 change detected
2026-07-08 11:32:26,784 | INFO | watchfiles.main | 1 change detected
2026-07-08 11:32:27,191 | INFO | watchfiles.main | 1 change detected
2026-07-08 11:32:27,601 | INFO | watchfiles.main | 1 change detected
2026-07-08 11:32:28,012 | INFO | watchfiles.main | 1 change detected
2026-07-08 11:32:28,373 | INFO | watchfiles.main | 1 change detected
2026-07-08 11:32:28,779 | INFO | watchfiles.main | 1 change detected
2026-07-08 11:32:29,189 | INFO | watchfiles.main | 1 change detected
2026-07-08 11:32:29,592 | INFO | watchfiles.main | 1 change detected
2026-07-08 11:32:30,001 | INFO | watchfiles.main | 1 change detected
2026-07-08 11:32:30,412 | INFO | watchfiles.main | 1 change detected
2026-07-08 11:32:30,814 | INFO | watchfiles.main | 1 change detected
2026-07-08 11:32:31,228 | INFO | watchfiles.main | 1 change detected
2026-07-08 11:32:31,646 | INFO | watchfiles.main | 1 change detected
2026-07-08 11:32:32,050 | INFO | watchfiles.main | 1 change detected
2026-07-08 11:32:32,416 | INFO | watchfiles.main | 1 change detected
2026-07-08 11:32:32,818 | INFO | watchfiles.main | 1 change detected
2026-07-08 11:32:33,230 | INFO | watchfiles.main | 1 change detected
2026-07-08 11:32:33,640 | INFO | watchfiles.main | 1 change detected
2026-07-08 11:32:34,049 | INFO | watchfiles.main | 1 change detected
2026-07-08 11:32:34,410 | INFO | watchfiles.main | 1 change detected
2026-07-08 11:32:34,824 | INFO | watchfiles.main | 1 change detected
2026-07-08 11:32:35,250 | INFO | watchfiles.main | 1 change detected
2026-07-08 11:32:35,602 | INFO | watchfiles.main | 1 change detected
2026-07-08 11:32:36,011 | INFO | watchfiles.main | 1 change detected
2026-07-08 11:32:36,427 | INFO | watchfiles.main | 1 change detected
2026-07-08 11:32:36,792 | INFO | watchfiles.main | 1 change detected
2026-07-08 11:32:37,203 | INFO | watchfiles.main | 1 change detected
2026-07-08 11:32:37,620 | INFO | watchfiles.main | 1 change detected
2026-07-08 11:32:38,026 | INFO | watchfiles.main | 1 change detected
2026-07-08 11:32:38,435 | INFO | watchfiles.main | 1 change detected
2026-07-08 11:32:38,847 | INFO | watchfiles.main | 1 change detected
2026-07-08 11:32:39,253 | INFO | watchfiles.main | 1 change detected
2026-07-08 11:32:39,658 | INFO | watchfiles.main | 1 change detected
2026-07-08 11:32:40,069 | INFO | watchfiles.main | 1 change detected
2026-07-08 11:32:40,477 | INFO | watchfiles.main | 1 change detected
2026-07-08 11:32:40,881 | INFO | watchfiles.main | 1 change detected
2026-07-08 11:32:41,291 | INFO | watchfiles.main | 1 change detected
2026-07-08 11:32:41,658 | INFO | watchfiles.main | 1 change detected
2026-07-08 11:32:42,073 | INFO | watchfiles.main | 1 change detected
2026-07-08 11:32:42,487 | INFO | watchfiles.main | 1 change detected
2026-07-08 11:32:42,897 | INFO | watchfiles.main | 1 change detected
2026-07-08 11:32:43,304 | INFO | watchfiles.main | 1 change detected
2026-07-08 11:32:43,712 | INFO | watchfiles.main | 1 change detected
2026-07-08 11:32:44,119 | INFO | watchfiles.main | 1 change detected
2026-07-08 11:32:44,531 | INFO | watchfiles.main | 1 change detected
2026-07-08 11:32:44,946 | INFO | watchfiles.main | 1 change detected
2026-07-08 11:32:45,360 | INFO | watchfiles.main | 1 change detected
2026-07-08 11:32:45,717 | INFO | watchfiles.main | 1 change detected
2026-07-08 11:32:46,124 | INFO | watchfiles.main | 1 change detected
2026-07-08 11:32:46,540 | INFO | watchfiles.main | 1 change detected
2026-07-08 11:32:46,943 | INFO | watchfiles.main | 1 change detected
2026-07-08 11:32:47,359 | INFO | watchfiles.main | 1 change detected
2026-07-08 11:32:47,772 | INFO | watchfiles.main | 1 change detected
2026-07-08 11:32:48,175 | INFO | watchfiles.main | 1 change detected
2026-07-08 11:32:48,589 | INFO | watchfiles.main | 1 change detected
2026-07-08 11:32:48,995 | INFO | watchfiles.main | 1 change detected
2026-07-08 11:32:49,362 | INFO | watchfiles.main | 1 change detected
2026-07-08 11:32:49,769 | INFO | watchfiles.main | 1 change detected
2026-07-08 11:32:50,182 | INFO | watchfiles.main | 1 change detected
2026-07-08 11:32:50,601 | INFO | watchfiles.main | 1 change detected
2026-07-08 11:32:51,014 | INFO | watchfiles.main | 1 change detected
2026-07-08 11:32:51,420 | INFO | watchfiles.main | 1 change detected
2026-07-08 11:32:51,827 | INFO | watchfiles.main | 1 change detected
2026-07-08 11:32:52,241 | INFO | watchfiles.main | 1 change detected
2026-07-08 11:32:52,647 | INFO | watchfiles.main | 1 change detected
2026-07-08 11:32:53,009 | INFO | watchfiles.main | 1 change detected
2026-07-08 11:32:53,411 | INFO | watchfiles.main | 1 change detected
2026-07-08 11:32:53,825 | INFO | watchfiles.main | 1 change detected
2026-07-08 11:32:54,247 | INFO | watchfiles.main | 1 change detected
2026-07-08 11:32:54,652 | INFO | watchfiles.main | 1 change detected
2026-07-08 11:32:55,056 | INFO | watchfiles.main | 1 change detected
2026-07-08 11:32:55,469 | INFO | watchfiles.main | 1 change detected
2026-07-08 11:32:55,873 | INFO | watchfiles.main | 1 change detected
2026-07-08 11:32:56,278 | INFO | watchfiles.main | 1 change detected
2026-07-08 11:32:56,681 | INFO | watchfiles.main | 1 change detected
2026-07-08 11:32:57,097 | INFO | watchfiles.main | 1 change detected
2026-07-08 11:32:57,500 | INFO | watchfiles.main | 1 change detected
2026-07-08 11:32:57,867 | INFO | watchfiles.main | 1 change detected
2026-07-08 11:32:58,277 | INFO | watchfiles.main | 1 change detected
2026-07-08 11:32:58,681 | INFO | watchfiles.main | 1 change detected
2026-07-08 11:32:59,092 | INFO | watchfiles.main | 1 change detected
2026-07-08 11:32:59,456 | INFO | watchfiles.main | 1 change detected
2026-07-08 11:32:59,862 | INFO | watchfiles.main | 1 change detected
2026-07-08 11:33:00,270 | INFO | watchfiles.main | 1 change detected
2026-07-08 11:33:00,674 | INFO | watchfiles.main | 1 change detected
2026-07-08 11:33:01,077 | INFO | watchfiles.main | 1 change detected
2026-07-08 11:33:01,480 | INFO | watchfiles.main | 1 change detected
2026-07-08 11:33:01,895 | INFO | watchfiles.main | 1 change detected
2026-07-08 11:33:02,299 | INFO | watchfiles.main | 1 change detected
2026-07-08 11:33:02,708 | INFO | watchfiles.main | 1 change detected
2026-07-08 11:33:03,073 | INFO | watchfiles.main | 1 change detected
2026-07-08 11:33:03,486 | INFO | watchfiles.main | 1 change detected
2026-07-08 11:33:03,896 | INFO | watchfiles.main | 1 change detected
2026-07-08 11:33:04,312 | INFO | watchfiles.main | 1 change detected
2026-07-08 11:33:04,722 | INFO | watchfiles.main | 1 change detected
2026-07-08 11:33:05,081 | INFO | watchfiles.main | 1 change detected
2026-07-08 11:33:05,485 | INFO | watchfiles.main | 1 change detected
2026-07-08 11:33:05,896 | INFO | watchfiles.main | 1 change detected
2026-07-08 11:33:06,313 | INFO | watchfiles.main | 1 change detected
2026-07-08 11:33:06,716 | INFO | watchfiles.main | 1 change detected
2026-07-08 11:33:07,122 | INFO | watchfiles.main | 1 change detected
2026-07-08 11:33:07,487 | INFO | watchfiles.main | 1 change detected
2026-07-08 11:33:07,946 | INFO | watchfiles.main | 1 change detected
2026-07-08 11:33:08,351 | INFO | watchfiles.main | 1 change detected
2026-07-08 11:33:08,718 | INFO | watchfiles.main | 1 change detected
2026-07-08 11:33:09,125 | INFO | watchfiles.main | 1 change detected
2026-07-08 11:33:09,541 | INFO | watchfiles.main | 1 change detected
2026-07-08 11:33:09,951 | INFO | watchfiles.main | 1 change detected
2026-07-08 11:33:10,361 | INFO | watchfiles.main | 1 change detected
2026-07-08 11:33:10,778 | INFO | watchfiles.main | 1 change detected
2026-07-08 11:33:11,145 | INFO | watchfiles.main | 1 change detected
2026-07-08 11:33:11,551 | INFO | watchfiles.main | 1 change detected
2026-07-08 11:33:11,964 | INFO | watchfiles.main | 1 change detected
2026-07-08 11:33:12,372 | INFO | watchfiles.main | 1 change detected
2026-07-08 11:33:12,778 | INFO | watchfiles.main | 1 change detected
2026-07-08 11:33:13,142 | INFO | watchfiles.main | 1 change detected
2026-07-08 11:33:13,549 | INFO | watchfiles.main | 1 change detected
2026-07-08 11:33:13,958 | INFO | watchfiles.main | 1 change detected
2026-07-08 11:33:14,364 | INFO | watchfiles.main | 1 change detected
2026-07-08 11:33:14,770 | INFO | watchfiles.main | 1 change detected
2026-07-08 11:33:15,136 | INFO | watchfiles.main | 1 change detected
2026-07-08 11:33:15,541 | INFO | watchfiles.main | 1 change detected
2026-07-08 11:33:15,944 | INFO | watchfiles.main | 1 change detected
2026-07-08 11:33:16,363 | INFO | watchfiles.main | 1 change detected
2026-07-08 11:33:16,781 | INFO | watchfiles.main | 1 change detected
2026-07-08 11:33:17,149 | INFO | watchfiles.main | 1 change detected
2026-07-08 11:33:17,551 | INFO | watchfiles.main | 1 change detected
2026-07-08 11:33:17,955 | INFO | watchfiles.main | 1 change detected
2026-07-08 11:33:18,359 | INFO | watchfiles.main | 1 change detected
2026-07-08 11:33:18,777 | INFO | watchfiles.main | 1 change detected
2026-07-08 11:33:19,180 | INFO | watchfiles.main | 1 change detected
2026-07-08 11:33:19,583 | INFO | watchfiles.main | 1 change detected
2026-07-08 11:33:19,988 | INFO | watchfiles.main | 1 change detected
2026-07-08 11:33:20,395 | INFO | watchfiles.main | 1 change detected
2026-07-08 11:33:20,813 | INFO | watchfiles.main | 1 change detected
2026-07-08 11:33:21,180 | INFO | watchfiles.main | 1 change detected
2026-07-08 11:33:21,592 | INFO | watchfiles.main | 1 change detected
2026-07-08 11:33:21,999 | INFO | watchfiles.main | 1 change detected
2026-07-08 11:33:22,409 | INFO | watchfiles.main | 1 change detected
2026-07-08 11:33:22,776 | INFO | watchfiles.main | 1 change detected
2026-07-08 11:33:23,182 | INFO | watchfiles.main | 1 change detected
2026-07-08 11:33:23,599 | INFO | watchfiles.main | 1 change detected
2026-07-08 11:33:24,017 | INFO | watchfiles.main | 1 change detected
2026-07-08 11:33:24,385 | INFO | watchfiles.main | 1 change detected
2026-07-08 11:33:24,788 | INFO | watchfiles.main | 1 change detected
2026-07-08 11:33:25,205 | INFO | watchfiles.main | 1 change detected
2026-07-08 11:33:25,617 | INFO | watchfiles.main | 1 change detected
2026-07-08 11:33:26,025 | INFO | watchfiles.main | 1 change detected
2026-07-08 11:33:26,383 | INFO | watchfiles.main | 1 change detected
2026-07-08 11:33:26,790 | INFO | watchfiles.main | 1 change detected
2026-07-08 11:33:27,194 | INFO | watchfiles.main | 1 change detected
2026-07-08 11:33:27,601 | INFO | watchfiles.main | 1 change detected
2026-07-08 11:33:28,006 | INFO | watchfiles.main | 1 change detected
2026-07-08 11:33:28,420 | INFO | watchfiles.main | 1 change detected
2026-07-08 11:33:28,828 | INFO | watchfiles.main | 1 change detected
2026-07-08 11:33:29,231 | INFO | watchfiles.main | 1 change detected
2026-07-08 11:33:29,641 | INFO | watchfiles.main | 1 change detected
2026-07-08 11:33:30,055 | INFO | watchfiles.main | 1 change detected
2026-07-08 11:33:30,414 | INFO | watchfiles.main | 1 change detected
2026-07-08 11:33:30,828 | INFO | watchfiles.main | 1 change detected
2026-07-08 11:33:31,236 | INFO | watchfiles.main | 1 change detected
2026-07-08 11:33:31,652 | INFO | watchfiles.main | 1 change detected
2026-07-08 11:33:32,055 | INFO | watchfiles.main | 1 change detected
2026-07-08 11:33:32,466 | INFO | watchfiles.main | 1 change detected
2026-07-08 11:33:32,869 | INFO | watchfiles.main | 1 change detected
2026-07-08 11:33:33,221 | INFO | watchfiles.main | 1 change detected
2026-07-08 11:33:33,631 | INFO | watchfiles.main | 1 change detected
2026-07-08 11:33:34,041 | INFO | watchfiles.main | 1 change detected
2026-07-08 11:33:34,452 | INFO | watchfiles.main | 1 change detected
2026-07-08 11:33:34,860 | INFO | watchfiles.main | 1 change detected
2026-07-08 11:33:35,271 | INFO | watchfiles.main | 1 change detected
2026-07-08 11:33:35,632 | INFO | watchfiles.main | 1 change detected
2026-07-08 11:33:36,041 | INFO | watchfiles.main | 1 change detected
2026-07-08 11:33:36,456 | INFO | watchfiles.main | 1 change detected
2026-07-08 11:33:36,862 | INFO | watchfiles.main | 1 change detected
2026-07-08 11:33:37,267 | INFO | watchfiles.main | 1 change detected
2026-07-08 11:33:37,674 | INFO | watchfiles.main | 1 change detected
2026-07-08 11:33:38,039 | INFO | watchfiles.main | 1 change detected
2026-07-08 11:33:38,445 | INFO | watchfiles.main | 1 change detected
2026-07-08 11:33:38,849 | INFO | watchfiles.main | 1 change detected
2026-07-08 11:33:39,206 | INFO | watchfiles.main | 1 change detected
2026-07-08 11:33:39,614 | INFO | watchfiles.main | 1 change detected
2026-07-08 11:33:40,016 | INFO | watchfiles.main | 1 change detected
2026-07-08 11:33:40,422 | INFO | watchfiles.main | 1 change detected
2026-07-08 11:33:40,834 | INFO | watchfiles.main | 1 change detected
2026-07-08 11:33:41,241 | INFO | watchfiles.main | 1 change detected
2026-07-08 11:33:41,645 | INFO | watchfiles.main | 1 change detected
2026-07-08 11:33:42,062 | INFO | watchfiles.main | 1 change detected
2026-07-08 11:33:42,465 | INFO | watchfiles.main | 1 change detected
2026-07-08 11:33:42,820 | INFO | watchfiles.main | 1 change detected
2026-07-08 11:33:43,274 | INFO | watchfiles.main | 1 change detected
2026-07-08 11:33:43,682 | INFO | watchfiles.main | 1 change detected
2026-07-08 11:33:44,089 | INFO | watchfiles.main | 1 change detected
2026-07-08 11:33:44,499 | INFO | watchfiles.main | 1 change detected
2026-07-08 11:33:44,855 | INFO | watchfiles.main | 1 change detected
2026-07-08 11:33:45,262 | INFO | watchfiles.main | 1 change detected
2026-07-08 11:33:45,668 | INFO | watchfiles.main | 1 change detected
2026-07-08 11:33:46,078 | INFO | watchfiles.main | 1 change detected
2026-07-08 11:33:46,437 | INFO | watchfiles.main | 1 change detected
2026-07-08 11:33:46,841 | INFO | watchfiles.main | 1 change detected
2026-07-08 11:33:47,250 | INFO | watchfiles.main | 1 change detected
2026-07-08 11:33:47,660 | INFO | watchfiles.main | 1 change detected
2026-07-08 11:33:48,069 | INFO | watchfiles.main | 1 change detected
2026-07-08 11:33:48,476 | INFO | watchfiles.main | 1 change detected
2026-07-08 11:33:48,891 | INFO | watchfiles.main | 1 change detected
2026-07-08 11:33:49,299 | INFO | watchfiles.main | 1 change detected
2026-07-08 11:33:49,657 | INFO | watchfiles.main | 1 change detected
2026-07-08 11:33:50,062 | INFO | watchfiles.main | 1 change detected
2026-07-08 11:33:50,473 | INFO | watchfiles.main | 1 change detected
2026-07-08 11:33:50,833 | INFO | watchfiles.main | 1 change detected
2026-07-08 11:33:51,236 | INFO | watchfiles.main | 1 change detected
2026-07-08 11:33:51,638 | INFO | watchfiles.main | 1 change detected
2026-07-08 11:33:52,042 | INFO | watchfiles.main | 1 change detected
2026-07-08 11:33:52,450 | INFO | watchfiles.main | 1 change detected
2026-07-08 11:33:52,853 | INFO | watchfiles.main | 1 change detected
2026-07-08 11:33:53,256 | INFO | watchfiles.main | 1 change detected
2026-07-08 11:33:53,667 | INFO | watchfiles.main | 1 change detected
2026-07-08 11:33:54,074 | INFO | watchfiles.main | 1 change detected
2026-07-08 11:33:54,434 | INFO | watchfiles.main | 1 change detected
2026-07-08 11:33:54,887 | INFO | watchfiles.main | 1 change detected
2026-07-08 11:33:55,243 | INFO | watchfiles.main | 1 change detected
2026-07-08 11:33:55,647 | INFO | watchfiles.main | 1 change detected
2026-07-08 11:33:56,054 | INFO | watchfiles.main | 1 change detected
2026-07-08 11:33:56,464 | INFO | watchfiles.main | 1 change detected
2026-07-08 11:33:56,867 | INFO | watchfiles.main | 1 change detected
2026-07-08 11:33:57,270 | INFO | watchfiles.main | 1 change detected
2026-07-08 11:33:57,626 | INFO | watchfiles.main | 1 change detected
2026-07-08 11:33:58,031 | INFO | watchfiles.main | 1 change detected
2026-07-08 11:33:58,449 | INFO | watchfiles.main | 1 change detected
2026-07-08 11:33:58,851 | INFO | watchfiles.main | 1 change detected
2026-07-08 11:33:59,253 | INFO | watchfiles.main | 1 change detected
2026-07-08 11:33:59,619 | INFO | watchfiles.main | 1 change detected
2026-07-08 11:34:00,035 | INFO | watchfiles.main | 1 change detected
2026-07-08 11:34:00,444 | INFO | watchfiles.main | 1 change detected
2026-07-08 11:34:00,795 | INFO | watchfiles.main | 1 change detected
2026-07-08 11:34:01,201 | INFO | watchfiles.main | 1 change detected
2026-07-08 11:34:01,610 | INFO | watchfiles.main | 1 change detected
2026-07-08 11:34:02,014 | INFO | watchfiles.main | 1 change detected
2026-07-08 11:34:02,417 | INFO | watchfiles.main | 1 change detected
2026-07-08 11:34:02,775 | INFO | watchfiles.main | 1 change detected
2026-07-08 11:34:03,185 | INFO | watchfiles.main | 1 change detected
2026-07-08 11:34:03,593 | INFO | watchfiles.main | 1 change detected
2026-07-08 11:34:03,945 | INFO | watchfiles.main | 1 change detected
2026-07-08 11:34:04,353 | INFO | watchfiles.main | 1 change detected
2026-07-08 11:34:04,755 | INFO | watchfiles.main | 1 change detected
2026-07-08 11:34:05,158 | INFO | watchfiles.main | 1 change detected
2026-07-08 11:34:05,561 | INFO | watchfiles.main | 1 change detected
2026-07-08 11:34:05,968 | INFO | watchfiles.main | 1 change detected
2026-07-08 11:34:06,373 | INFO | watchfiles.main | 1 change detected
2026-07-08 11:34:06,776 | INFO | watchfiles.main | 1 change detected
2026-07-08 11:34:07,186 | INFO | watchfiles.main | 1 change detected
2026-07-08 11:34:07,554 | INFO | watchfiles.main | 1 change detected
2026-07-08 11:34:07,957 | INFO | watchfiles.main | 1 change detected
2026-07-08 11:34:08,374 | INFO | watchfiles.main | 1 change detected
2026-07-08 11:34:08,779 | INFO | watchfiles.main | 1 change detected
2026-07-08 11:34:09,186 | INFO | watchfiles.main | 1 change detected
2026-07-08 11:34:09,590 | INFO | watchfiles.main | 1 change detected
2026-07-08 11:34:10,000 | INFO | watchfiles.main | 1 change detected
2026-07-08 11:34:10,367 | INFO | watchfiles.main | 1 change detected
2026-07-08 11:34:10,771 | INFO | watchfiles.main | 1 change detected
2026-07-08 11:34:11,179 | INFO | watchfiles.main | 1 change detected
2026-07-08 11:34:11,548 | INFO | watchfiles.main | 1 change detected
2026-07-08 11:34:12,000 | INFO | watchfiles.main | 1 change detected
2026-07-08 11:34:12,353 | INFO | watchfiles.main | 1 change detected
2026-07-08 11:34:12,756 | INFO | watchfiles.main | 1 change detected
2026-07-08 11:34:13,163 | INFO | watchfiles.main | 1 change detected
2026-07-08 11:34:13,575 | INFO | watchfiles.main | 1 change detected
2026-07-08 11:34:13,980 | INFO | watchfiles.main | 1 change detected
2026-07-08 11:34:14,386 | INFO | watchfiles.main | 1 change detected
2026-07-08 11:34:14,792 | INFO | watchfiles.main | 1 change detected
2026-07-08 11:34:15,156 | INFO | watchfiles.main | 1 change detected
2026-07-08 11:34:15,571 | INFO | watchfiles.main | 1 change detected
2026-07-08 11:34:15,980 | INFO | watchfiles.main | 1 change detected
2026-07-08 11:34:16,392 | INFO | watchfiles.main | 1 change detected
2026-07-08 11:34:16,798 | INFO | watchfiles.main | 1 change detected
2026-07-08 11:34:17,165 | INFO | watchfiles.main | 1 change detected
2026-07-08 11:34:17,571 | INFO | watchfiles.main | 1 change detected
2026-07-08 11:34:17,975 | INFO | watchfiles.main | 1 change detected
2026-07-08 11:34:18,385 | INFO | watchfiles.main | 1 change detected
2026-07-08 11:34:18,797 | INFO | watchfiles.main | 1 change detected
2026-07-08 11:34:19,200 | INFO | watchfiles.main | 1 change detected
2026-07-08 11:34:19,607 | INFO | watchfiles.main | 1 change detected
2026-07-08 11:34:20,013 | INFO | watchfiles.main | 1 change detected
2026-07-08 11:34:20,422 | INFO | watchfiles.main | 1 change detected
2026-07-08 11:34:20,782 | INFO | watchfiles.main | 1 change detected
2026-07-08 11:34:21,202 | INFO | watchfiles.main | 1 change detected
2026-07-08 11:34:21,570 | INFO | watchfiles.main | 1 change detected
2026-07-08 11:34:21,981 | INFO | watchfiles.main | 1 change detected
2026-07-08 11:34:22,383 | INFO | watchfiles.main | 1 change detected
2026-07-08 11:34:22,746 | INFO | watchfiles.main | 1 change detected
2026-07-08 11:34:23,151 | INFO | watchfiles.main | 1 change detected
2026-07-08 11:34:23,564 | INFO | watchfiles.main | 1 change detected
2026-07-08 11:34:23,976 | INFO | watchfiles.main | 1 change detected
2026-07-08 11:34:24,380 | INFO | watchfiles.main | 1 change detected
2026-07-08 11:34:24,785 | INFO | watchfiles.main | 1 change detected
2026-07-08 11:34:25,190 | INFO | watchfiles.main | 1 change detected
2026-07-08 11:34:25,602 | INFO | watchfiles.main | 1 change detected
2026-07-08 11:34:25,963 | INFO | watchfiles.main | 1 change detected
2026-07-08 11:34:26,367 | INFO | watchfiles.main | 1 change detected
2026-07-08 11:34:26,782 | INFO | watchfiles.main | 1 change detected
2026-07-08 11:34:27,195 | INFO | watchfiles.main | 1 change detected
2026-07-08 11:34:27,551 | INFO | watchfiles.main | 1 change detected
2026-07-08 11:34:27,966 | INFO | watchfiles.main | 1 change detected
2026-07-08 11:34:28,474 | INFO | watchfiles.main | 1 change detected
2026-07-08 11:34:28,834 | INFO | watchfiles.main | 1 change detected
2026-07-08 11:34:29,246 | INFO | watchfiles.main | 1 change detected
2026-07-08 11:34:29,653 | INFO | watchfiles.main | 1 change detected
2026-07-08 11:34:30,057 | INFO | watchfiles.main | 1 change detected
2026-07-08 11:34:30,465 | INFO | watchfiles.main | 1 change detected
2026-07-08 11:34:30,829 | INFO | watchfiles.main | 1 change detected
2026-07-08 11:34:31,245 | INFO | watchfiles.main | 1 change detected
2026-07-08 11:34:31,661 | INFO | watchfiles.main | 1 change detected
2026-07-08 11:34:32,023 | INFO | watchfiles.main | 1 change detected
2026-07-08 11:34:32,426 | INFO | watchfiles.main | 1 change detected
2026-07-08 11:34:32,863 | INFO | watchfiles.main | 1 change detected
2026-07-08 11:34:33,278 | INFO | watchfiles.main | 1 change detected
2026-07-08 11:34:33,693 | INFO | watchfiles.main | 1 change detected
2026-07-08 11:34:34,112 | INFO | watchfiles.main | 1 change detected
2026-07-08 11:34:34,572 | INFO | watchfiles.main | 1 change detected
2026-07-08 11:34:34,938 | INFO | watchfiles.main | 1 change detected
2026-07-08 11:34:35,354 | INFO | watchfiles.main | 1 change detected
2026-07-08 11:34:35,759 | INFO | watchfiles.main | 1 change detected
2026-07-08 11:34:36,170 | INFO | watchfiles.main | 1 change detected
2026-07-08 11:34:36,583 | INFO | watchfiles.main | 1 change detected
2026-07-08 11:34:36,941 | INFO | watchfiles.main | 1 change detected
2026-07-08 11:34:37,352 | INFO | watchfiles.main | 1 change detected
2026-07-08 11:34:37,760 | INFO | watchfiles.main | 1 change detected
2026-07-08 11:34:38,171 | INFO | watchfiles.main | 1 change detected
2026-07-08 11:34:38,526 | INFO | watchfiles.main | 1 change detected
2026-07-08 11:34:38,936 | INFO | watchfiles.main | 1 change detected
2026-07-08 11:34:39,370 | INFO | watchfiles.main | 1 change detected
2026-07-08 11:34:39,732 | INFO | watchfiles.main | 1 change detected
2026-07-08 11:34:40,136 | INFO | watchfiles.main | 1 change detected
2026-07-08 11:34:40,547 | INFO | watchfiles.main | 1 change detected
2026-07-08 11:34:40,949 | INFO | watchfiles.main | 1 change detected
2026-07-08 11:34:41,351 | INFO | watchfiles.main | 1 change detected
2026-07-08 11:34:41,718 | INFO | watchfiles.main | 1 change detected
2026-07-08 11:34:42,123 | INFO | watchfiles.main | 1 change detected
2026-07-08 11:34:42,533 | INFO | watchfiles.main | 1 change detected
2026-07-08 11:34:42,936 | INFO | watchfiles.main | 1 change detected
2026-07-08 11:34:43,299 | INFO | watchfiles.main | 1 change detected
2026-07-08 11:34:43,712 | INFO | watchfiles.main | 1 change detected
2026-07-08 11:34:44,124 | INFO | watchfiles.main | 1 change detected
2026-07-08 11:34:44,546 | INFO | watchfiles.main | 1 change detected
2026-07-08 11:34:44,950 | INFO | watchfiles.main | 1 change detected
2026-07-08 11:34:45,363 | INFO | watchfiles.main | 1 change detected
2026-07-08 11:34:45,811 | INFO | watchfiles.main | 1 change detected
2026-07-08 11:34:46,170 | INFO | watchfiles.main | 1 change detected
2026-07-08 11:34:46,582 | INFO | watchfiles.main | 1 change detected
2026-07-08 11:34:46,997 | INFO | watchfiles.main | 1 change detected
2026-07-08 11:34:47,406 | INFO | watchfiles.main | 1 change detected
2026-07-08 11:34:47,810 | INFO | watchfiles.main | 1 change detected
2026-07-08 11:34:48,220 | INFO | watchfiles.main | 1 change detected
2026-07-08 11:34:48,625 | INFO | watchfiles.main | 1 change detected
2026-07-08 11:34:48,991 | INFO | watchfiles.main | 1 change detected
2026-07-08 11:34:49,395 | INFO | watchfiles.main | 1 change detected
2026-07-08 11:34:49,798 | INFO | watchfiles.main | 1 change detected
2026-07-08 11:34:50,216 | INFO | watchfiles.main | 1 change detected
2026-07-08 11:34:50,624 | INFO | watchfiles.main | 1 change detected
2026-07-08 11:34:51,031 | INFO | watchfiles.main | 1 change detected
2026-07-08 11:34:51,440 | INFO | watchfiles.main | 1 change detected
2026-07-08 11:34:51,807 | INFO | watchfiles.main | 1 change detected
2026-07-08 11:34:52,222 | INFO | watchfiles.main | 1 change detected
2026-07-08 11:34:52,630 | INFO | watchfiles.main | 1 change detected
2026-07-08 11:34:53,033 | INFO | watchfiles.main | 1 change detected
2026-07-08 11:34:53,425 | INFO | watchfiles.main | 1 change detected
2026-07-08 11:34:53,829 | INFO | watchfiles.main | 1 change detected
2026-07-08 11:34:54,237 | INFO | watchfiles.main | 1 change detected
2026-07-08 11:34:54,643 | INFO | watchfiles.main | 1 change detected
2026-07-08 11:34:55,013 | INFO | watchfiles.main | 1 change detected
2026-07-08 11:34:55,417 | INFO | watchfiles.main | 1 change detected
2026-07-08 11:34:55,824 | INFO | watchfiles.main | 1 change detected
2026-07-08 11:34:56,230 | INFO | watchfiles.main | 1 change detected
2026-07-08 11:34:56,638 | INFO | watchfiles.main | 1 change detected
2026-07-08 11:34:57,046 | INFO | watchfiles.main | 1 change detected
2026-07-08 11:34:57,459 | INFO | watchfiles.main | 1 change detected
2026-07-08 11:34:57,873 | INFO | watchfiles.main | 1 change detected
2026-07-08 11:34:58,275 | INFO | watchfiles.main | 1 change detected
2026-07-08 11:34:58,627 | INFO | watchfiles.main | 1 change detected
2026-07-08 11:34:59,039 | INFO | watchfiles.main | 1 change detected
2026-07-08 11:34:59,451 | INFO | watchfiles.main | 1 change detected
2026-07-08 11:34:59,852 | INFO | watchfiles.main | 1 change detected
2026-07-08 11:35:00,262 | INFO | watchfiles.main | 1 change detected
2026-07-08 11:35:00,666 | INFO | watchfiles.main | 1 change detected
2026-07-08 11:35:01,031 | INFO | watchfiles.main | 1 change detected
2026-07-08 11:35:01,435 | INFO | watchfiles.main | 1 change detected
2026-07-08 11:35:01,838 | INFO | watchfiles.main | 1 change detected
2026-07-08 11:35:02,248 | INFO | watchfiles.main | 1 change detected
2026-07-08 11:35:02,706 | INFO | watchfiles.main | 1 change detected
2026-07-08 11:35:03,066 | INFO | watchfiles.main | 1 change detected
2026-07-08 11:35:03,472 | INFO | watchfiles.main | 1 change detected
2026-07-08 11:35:03,879 | INFO | watchfiles.main | 1 change detected
2026-07-08 11:35:04,285 | INFO | watchfiles.main | 1 change detected
2026-07-08 11:35:04,691 | INFO | watchfiles.main | 1 change detected
2026-07-08 11:35:05,056 | INFO | watchfiles.main | 1 change detected
2026-07-08 11:35:05,469 | INFO | watchfiles.main | 1 change detected
2026-07-08 11:35:05,881 | INFO | watchfiles.main | 1 change detected
2026-07-08 11:35:06,289 | INFO | watchfiles.main | 1 change detected
2026-07-08 11:35:06,642 | INFO | watchfiles.main | 1 change detected
2026-07-08 11:35:07,047 | INFO | watchfiles.main | 1 change detected
2026-07-08 11:35:07,456 | INFO | watchfiles.main | 1 change detected
2026-07-08 11:35:07,808 | INFO | watchfiles.main | 1 change detected
2026-07-08 11:35:08,213 | INFO | watchfiles.main | 1 change detected
2026-07-08 11:35:08,616 | INFO | watchfiles.main | 1 change detected
2026-07-08 11:35:09,019 | INFO | watchfiles.main | 1 change detected
2026-07-08 11:35:09,428 | INFO | watchfiles.main | 1 change detected
2026-07-08 11:35:09,832 | INFO | watchfiles.main | 1 change detected
2026-07-08 11:35:10,235 | INFO | watchfiles.main | 1 change detected
2026-07-08 11:35:10,587 | INFO | watchfiles.main | 1 change detected
2026-07-08 11:35:10,993 | INFO | watchfiles.main | 1 change detected
2026-07-08 11:35:11,395 | INFO | watchfiles.main | 1 change detected
2026-07-08 11:35:11,797 | INFO | watchfiles.main | 1 change detected
2026-07-08 11:35:12,200 | INFO | watchfiles.main | 1 change detected
2026-07-08 11:35:12,558 | INFO | watchfiles.main | 1 change detected
2026-07-08 11:35:12,970 | INFO | watchfiles.main | 1 change detected
2026-07-08 11:35:13,374 | INFO | watchfiles.main | 1 change detected
2026-07-08 11:35:13,777 | INFO | watchfiles.main | 1 change detected
2026-07-08 11:35:14,137 | INFO | watchfiles.main | 1 change detected
2026-07-08 11:35:14,539 | INFO | watchfiles.main | 1 change detected
2026-07-08 11:35:14,950 | INFO | watchfiles.main | 1 change detected
2026-07-08 11:35:15,353 | INFO | watchfiles.main | 1 change detected
2026-07-08 11:35:15,762 | INFO | watchfiles.main | 1 change detected
2026-07-08 11:35:16,122 | INFO | watchfiles.main | 1 change detected
2026-07-08 11:35:16,527 | INFO | watchfiles.main | 1 change detected
2026-07-08 11:35:16,936 | INFO | watchfiles.main | 1 change detected
2026-07-08 11:35:17,340 | INFO | watchfiles.main | 1 change detected
2026-07-08 11:35:17,749 | INFO | watchfiles.main | 1 change detected
2026-07-08 11:35:18,107 | INFO | watchfiles.main | 1 change detected
2026-07-08 11:35:18,520 | INFO | watchfiles.main | 1 change detected
2026-07-08 11:35:18,929 | INFO | watchfiles.main | 1 change detected
2026-07-08 11:35:19,332 | INFO | watchfiles.main | 1 change detected
2026-07-08 11:35:19,698 | INFO | watchfiles.main | 1 change detected
2026-07-08 11:35:20,102 | INFO | watchfiles.main | 1 change detected
2026-07-08 11:35:20,507 | INFO | watchfiles.main | 1 change detected
2026-07-08 11:35:20,914 | INFO | watchfiles.main | 1 change detected
2026-07-08 11:35:21,317 | INFO | watchfiles.main | 1 change detected
2026-07-08 11:35:21,670 | INFO | watchfiles.main | 1 change detected
2026-07-08 11:35:22,082 | INFO | watchfiles.main | 1 change detected
2026-07-08 11:35:22,491 | INFO | watchfiles.main | 1 change detected
2026-07-08 11:35:22,895 | INFO | watchfiles.main | 1 change detected
2026-07-08 11:35:23,312 | INFO | watchfiles.main | 1 change detected
2026-07-08 11:35:23,671 | INFO | watchfiles.main | 1 change detected
2026-07-08 11:35:24,074 | INFO | watchfiles.main | 1 change detected
2026-07-08 11:35:24,476 | INFO | watchfiles.main | 1 change detected
2026-07-08 11:35:24,888 | INFO | watchfiles.main | 1 change detected
2026-07-08 11:35:25,303 | INFO | watchfiles.main | 1 change detected
2026-07-08 11:35:25,663 | INFO | watchfiles.main | 1 change detected
2026-07-08 11:35:26,067 | INFO | watchfiles.main | 1 change detected
2026-07-08 11:35:26,471 | INFO | watchfiles.main | 1 change detected
2026-07-08 11:35:26,831 | INFO | watchfiles.main | 1 change detected
2026-07-08 11:35:27,242 | INFO | watchfiles.main | 1 change detected
2026-07-08 11:35:27,647 | INFO | watchfiles.main | 1 change detected
2026-07-08 11:35:28,053 | INFO | watchfiles.main | 1 change detected
2026-07-08 11:35:28,457 | INFO | watchfiles.main | 1 change detected
2026-07-08 11:35:28,866 | INFO | watchfiles.main | 1 change detected
2026-07-08 11:35:29,224 | INFO | watchfiles.main | 1 change detected
2026-07-08 11:35:29,629 | INFO | watchfiles.main | 1 change detected
2026-07-08 11:35:30,039 | INFO | watchfiles.main | 1 change detected
2026-07-08 11:35:30,406 | INFO | watchfiles.main | 1 change detected
2026-07-08 11:35:30,820 | INFO | watchfiles.main | 1 change detected
2026-07-08 11:35:31,228 | INFO | watchfiles.main | 1 change detected
2026-07-08 11:35:31,594 | INFO | watchfiles.main | 1 change detected
2026-07-08 11:35:32,015 | INFO | watchfiles.main | 1 change detected
2026-07-08 11:35:32,377 | INFO | watchfiles.main | 1 change detected
2026-07-08 11:35:32,781 | INFO | watchfiles.main | 1 change detected
2026-07-08 11:35:33,194 | INFO | watchfiles.main | 1 change detected
2026-07-08 11:35:33,551 | INFO | watchfiles.main | 1 change detected
2026-07-08 11:35:33,957 | INFO | watchfiles.main | 1 change detected
2026-07-08 11:35:34,364 | INFO | watchfiles.main | 1 change detected
2026-07-08 11:35:34,722 | INFO | watchfiles.main | 1 change detected
2026-07-08 11:35:35,136 | INFO | watchfiles.main | 1 change detected
2026-07-08 11:35:35,545 | INFO | watchfiles.main | 1 change detected
2026-07-08 11:35:35,948 | INFO | watchfiles.main | 1 change detected
2026-07-08 11:35:36,355 | INFO | watchfiles.main | 1 change detected
2026-07-08 11:35:36,762 | INFO | watchfiles.main | 1 change detected
2026-07-08 11:35:37,165 | INFO | watchfiles.main | 1 change detected
2026-07-08 11:35:37,524 | INFO | watchfiles.main | 1 change detected
2026-07-08 11:35:37,942 | INFO | watchfiles.main | 1 change detected
2026-07-08 11:35:38,346 | INFO | watchfiles.main | 1 change detected
2026-07-08 11:35:38,763 | INFO | watchfiles.main | 1 change detected
2026-07-08 11:35:39,174 | INFO | watchfiles.main | 1 change detected
2026-07-08 11:35:39,578 | INFO | watchfiles.main | 1 change detected
2026-07-08 11:35:39,943 | INFO | watchfiles.main | 1 change detected
2026-07-08 11:35:40,398 | INFO | watchfiles.main | 1 change detected
2026-07-08 11:35:40,762 | INFO | watchfiles.main | 1 change detected
2026-07-08 11:35:41,165 | INFO | watchfiles.main | 1 change detected
2026-07-08 11:35:41,575 | INFO | watchfiles.main | 1 change detected
2026-07-08 11:35:41,982 | INFO | watchfiles.main | 1 change detected
2026-07-08 11:35:42,390 | INFO | watchfiles.main | 1 change detected
2026-07-08 11:35:42,805 | INFO | watchfiles.main | 1 change detected
2026-07-08 11:35:43,171 | INFO | watchfiles.main | 1 change detected
2026-07-08 11:35:43,573 | INFO | watchfiles.main | 1 change detected
2026-07-08 11:35:43,991 | INFO | watchfiles.main | 1 change detected
2026-07-08 11:35:44,404 | INFO | watchfiles.main | 1 change detected
2026-07-08 11:35:44,807 | INFO | watchfiles.main | 1 change detected
2026-07-08 11:35:45,222 | INFO | watchfiles.main | 1 change detected
2026-07-08 11:35:45,630 | INFO | watchfiles.main | 1 change detected
2026-07-08 11:35:46,026 | INFO | watchfiles.main | 1 change detected
2026-07-08 11:35:46,441 | INFO | watchfiles.main | 1 change detected
2026-07-08 11:35:46,803 | INFO | watchfiles.main | 1 change detected
2026-07-08 11:35:47,210 | INFO | watchfiles.main | 1 change detected
2026-07-08 11:35:47,625 | INFO | watchfiles.main | 1 change detected
2026-07-08 11:35:48,041 | INFO | watchfiles.main | 1 change detected
2026-07-08 11:35:48,401 | INFO | watchfiles.main | 1 change detected
2026-07-08 11:35:48,819 | INFO | watchfiles.main | 1 change detected
2026-07-08 11:35:49,226 | INFO | watchfiles.main | 1 change detected
2026-07-08 11:35:49,634 | INFO | watchfiles.main | 1 change detected
2026-07-08 11:35:50,039 | INFO | watchfiles.main | 1 change detected
2026-07-08 11:35:50,395 | INFO | watchfiles.main | 1 change detected
2026-07-08 11:35:50,806 | INFO | watchfiles.main | 1 change detected
2026-07-08 11:35:51,220 | INFO | watchfiles.main | 1 change detected
2026-07-08 11:35:51,632 | INFO | watchfiles.main | 1 change detected
2026-07-08 11:35:52,042 | INFO | watchfiles.main | 1 change detected
2026-07-08 11:35:52,456 | INFO | watchfiles.main | 1 change detected
2026-07-08 11:35:52,859 | INFO | watchfiles.main | 1 change detected
2026-07-08 11:35:53,265 | INFO | watchfiles.main | 1 change detected
2026-07-08 11:35:53,672 | INFO | watchfiles.main | 1 change detected
2026-07-08 11:35:54,034 | INFO | watchfiles.main | 1 change detected
2026-07-08 11:35:54,444 | INFO | watchfiles.main | 1 change detected
2026-07-08 11:35:54,853 | INFO | watchfiles.main | 1 change detected
2026-07-08 11:35:55,307 | INFO | watchfiles.main | 1 change detected
2026-07-08 11:35:55,667 | INFO | watchfiles.main | 1 change detected
2026-07-08 11:35:56,083 | INFO | watchfiles.main | 1 change detected
2026-07-08 11:35:56,493 | INFO | watchfiles.main | 1 change detected
2026-07-08 11:35:56,897 | INFO | watchfiles.main | 1 change detected
2026-07-08 11:35:57,308 | INFO | watchfiles.main | 1 change detected
2026-07-08 11:35:57,725 | INFO | watchfiles.main | 1 change detected
2026-07-08 11:35:58,088 | INFO | watchfiles.main | 1 change detected
2026-07-08 11:35:58,501 | INFO | watchfiles.main | 1 change detected
2026-07-08 11:35:58,910 | INFO | watchfiles.main | 1 change detected
2026-07-08 11:35:59,315 | INFO | watchfiles.main | 1 change detected
2026-07-08 11:35:59,718 | INFO | watchfiles.main | 1 change detected
2026-07-08 11:36:00,121 | INFO | watchfiles.main | 1 change detected
2026-07-08 11:36:00,524 | INFO | watchfiles.main | 1 change detected
2026-07-08 11:36:00,876 | INFO | watchfiles.main | 1 change detected
2026-07-08 11:36:01,283 | INFO | watchfiles.main | 1 change detected
2026-07-08 11:36:01,685 | INFO | watchfiles.main | 1 change detected
2026-07-08 11:36:02,091 | INFO | watchfiles.main | 1 change detected
2026-07-08 11:36:02,497 | INFO | watchfiles.main | 1 change detected
2026-07-08 11:36:02,900 | INFO | watchfiles.main | 1 change detected
2026-07-08 11:36:03,304 | INFO | watchfiles.main | 1 change detected
2026-07-08 11:36:03,670 | INFO | watchfiles.main | 1 change detected
2026-07-08 11:36:04,074 | INFO | watchfiles.main | 1 change detected
2026-07-08 11:36:04,493 | INFO | watchfiles.main | 1 change detected
2026-07-08 11:36:04,849 | INFO | watchfiles.main | 1 change detected
2026-07-08 11:36:05,255 | INFO | watchfiles.main | 1 change detected
2026-07-08 11:36:05,660 | INFO | watchfiles.main | 1 change detected
2026-07-08 11:36:06,078 | INFO | watchfiles.main | 1 change detected
2026-07-08 11:36:06,492 | INFO | watchfiles.main | 1 change detected
2026-07-08 11:36:06,901 | INFO | watchfiles.main | 1 change detected
2026-07-08 11:36:07,311 | INFO | watchfiles.main | 1 change detected
2026-07-08 11:36:07,665 | INFO | watchfiles.main | 1 change detected
2026-07-08 11:36:08,081 | INFO | watchfiles.main | 1 change detected
2026-07-08 11:36:08,433 | INFO | watchfiles.main | 1 change detected
2026-07-08 11:36:08,837 | INFO | watchfiles.main | 1 change detected
2026-07-08 11:36:09,240 | INFO | watchfiles.main | 1 change detected
2026-07-08 11:36:09,643 | INFO | watchfiles.main | 1 change detected
2026-07-08 11:36:10,046 | INFO | watchfiles.main | 1 change detected
2026-07-08 11:36:10,405 | INFO | watchfiles.main | 1 change detected
2026-07-08 11:36:10,809 | INFO | watchfiles.main | 1 change detected
2026-07-08 11:36:11,213 | INFO | watchfiles.main | 1 change detected
2026-07-08 11:36:11,570 | INFO | watchfiles.main | 1 change detected
2026-07-08 11:36:11,982 | INFO | watchfiles.main | 1 change detected
2026-07-08 11:36:12,393 | INFO | watchfiles.main | 1 change detected
2026-07-08 11:36:12,803 | INFO | watchfiles.main | 1 change detected
2026-07-08 11:36:13,155 | INFO | watchfiles.main | 1 change detected
2026-07-08 11:36:13,560 | INFO | watchfiles.main | 1 change detected
2026-07-08 11:36:13,967 | INFO | watchfiles.main | 1 change detected
2026-07-08 11:36:14,382 | INFO | watchfiles.main | 1 change detected
2026-07-08 11:36:14,798 | INFO | watchfiles.main | 1 change detected
2026-07-08 11:36:15,164 | INFO | watchfiles.main | 1 change detected
2026-07-08 11:36:15,567 | INFO | watchfiles.main | 1 change detected
2026-07-08 11:36:15,972 | INFO | watchfiles.main | 1 change detected
2026-07-08 11:36:16,389 | INFO | watchfiles.main | 1 change detected
2026-07-08 11:36:16,797 | INFO | watchfiles.main | 1 change detected
2026-07-08 11:36:17,162 | INFO | watchfiles.main | 1 change detected
2026-07-08 11:36:17,566 | INFO | watchfiles.main | 1 change detected
2026-07-08 11:36:17,975 | INFO | watchfiles.main | 1 change detected
2026-07-08 11:36:18,388 | INFO | watchfiles.main | 1 change detected
2026-07-08 11:36:18,794 | INFO | watchfiles.main | 1 change detected
2026-07-08 11:36:19,206 | INFO | watchfiles.main | 1 change detected
2026-07-08 11:36:19,623 | INFO | watchfiles.main | 1 change detected
2026-07-08 11:36:20,026 | INFO | watchfiles.main | 1 change detected
2026-07-08 11:36:20,388 | INFO | watchfiles.main | 1 change detected
2026-07-08 11:36:20,791 | INFO | watchfiles.main | 1 change detected
2026-07-08 11:36:21,205 | INFO | watchfiles.main | 1 change detected
2026-07-08 11:36:21,621 | INFO | watchfiles.main | 1 change detected
2026-07-08 11:36:22,025 | INFO | watchfiles.main | 1 change detected
2026-07-08 11:36:22,438 | INFO | watchfiles.main | 1 change detected
2026-07-08 11:36:22,845 | INFO | watchfiles.main | 1 change detected
2026-07-08 11:36:23,255 | INFO | watchfiles.main | 1 change detected
2026-07-08 11:36:23,664 | INFO | watchfiles.main | 1 change detected
2026-07-08 11:36:24,068 | INFO | watchfiles.main | 1 change detected
2026-07-08 11:36:24,477 | INFO | watchfiles.main | 1 change detected
2026-07-08 11:36:24,837 | INFO | watchfiles.main | 1 change detected
2026-07-08 11:36:25,248 | INFO | watchfiles.main | 1 change detected
2026-07-08 11:36:25,651 | INFO | watchfiles.main | 1 change detected
2026-07-08 11:36:26,060 | INFO | watchfiles.main | 1 change detected
2026-07-08 11:36:26,468 | INFO | watchfiles.main | 1 change detected
2026-07-08 11:36:26,903 | INFO | watchfiles.main | 1 change detected
2026-07-08 11:36:27,317 | INFO | watchfiles.main | 1 change detected
2026-07-08 11:36:27,723 | INFO | watchfiles.main | 1 change detected
2026-07-08 11:36:28,130 | INFO | watchfiles.main | 1 change detected
2026-07-08 11:36:28,535 | INFO | watchfiles.main | 1 change detected
2026-07-08 11:36:28,938 | INFO | watchfiles.main | 1 change detected
2026-07-08 11:36:29,346 | INFO | watchfiles.main | 1 change detected
2026-07-08 11:36:29,750 | INFO | watchfiles.main | 1 change detected
2026-07-08 11:36:30,159 | INFO | watchfiles.main | 1 change detected
2026-07-08 11:36:30,566 | INFO | watchfiles.main | 1 change detected
2026-07-08 11:36:30,932 | INFO | watchfiles.main | 1 change detected
2026-07-08 11:36:31,347 | INFO | watchfiles.main | 1 change detected
2026-07-08 11:36:31,765 | INFO | watchfiles.main | 1 change detected
2026-07-08 11:36:32,172 | INFO | watchfiles.main | 1 change detected
2026-07-08 11:36:32,575 | INFO | watchfiles.main | 1 change detected
2026-07-08 11:36:32,979 | INFO | watchfiles.main | 1 change detected
2026-07-08 11:36:33,340 | INFO | watchfiles.main | 1 change detected
2026-07-08 11:36:33,749 | INFO | watchfiles.main | 1 change detected
2026-07-08 11:36:34,159 | INFO | watchfiles.main | 1 change detected
2026-07-08 11:36:34,563 | INFO | watchfiles.main | 1 change detected
2026-07-08 11:36:34,979 | INFO | watchfiles.main | 1 change detected
2026-07-08 11:36:35,388 | INFO | watchfiles.main | 1 change detected
2026-07-08 11:36:35,750 | INFO | watchfiles.main | 1 change detected
2026-07-08 11:36:36,158 | INFO | watchfiles.main | 1 change detected
2026-07-08 11:36:36,565 | INFO | watchfiles.main | 1 change detected
2026-07-08 11:36:36,979 | INFO | watchfiles.main | 1 change detected
2026-07-08 11:36:37,394 | INFO | watchfiles.main | 1 change detected
2026-07-08 11:36:37,797 | INFO | watchfiles.main | 1 change detected
2026-07-08 11:36:38,213 | INFO | watchfiles.main | 1 change detected
2026-07-08 11:36:38,579 | INFO | watchfiles.main | 1 change detected
2026-07-08 11:36:38,997 | INFO | watchfiles.main | 1 change detected
2026-07-08 11:36:39,405 | INFO | watchfiles.main | 1 change detected
2026-07-08 11:36:39,816 | INFO | watchfiles.main | 1 change detected
2026-07-08 11:36:40,228 | INFO | watchfiles.main | 1 change detected
2026-07-08 11:36:40,584 | INFO | watchfiles.main | 1 change detected
2026-07-08 11:36:41,038 | INFO | watchfiles.main | 1 change detected
2026-07-08 11:36:41,391 | INFO | watchfiles.main | 1 change detected
2026-07-08 11:36:41,806 | INFO | watchfiles.main | 1 change detected
2026-07-08 11:36:42,220 | INFO | watchfiles.main | 1 change detected
2026-07-08 11:36:42,575 | INFO | watchfiles.main | 1 change detected
2026-07-08 11:36:42,984 | INFO | watchfiles.main | 1 change detected
2026-07-08 11:36:43,394 | INFO | watchfiles.main | 1 change detected
2026-07-08 11:36:43,800 | INFO | watchfiles.main | 1 change detected
2026-07-08 11:36:44,168 | INFO | watchfiles.main | 1 change detected
2026-07-08 11:36:44,571 | INFO | watchfiles.main | 1 change detected
2026-07-08 11:36:44,973 | INFO | watchfiles.main | 1 change detected
2026-07-08 11:36:45,388 | INFO | watchfiles.main | 1 change detected
2026-07-08 11:36:45,749 | INFO | watchfiles.main | 1 change detected
2026-07-08 11:36:46,211 | INFO | watchfiles.main | 1 change detected
2026-07-08 11:36:46,574 | INFO | watchfiles.main | 1 change detected
2026-07-08 11:36:46,989 | INFO | watchfiles.main | 1 change detected
2026-07-08 11:36:47,394 | INFO | watchfiles.main | 1 change detected
2026-07-08 11:36:47,812 | INFO | watchfiles.main | 1 change detected
2026-07-08 11:36:48,215 | INFO | watchfiles.main | 1 change detected
2026-07-08 11:36:48,573 | INFO | watchfiles.main | 1 change detected
2026-07-08 11:36:48,986 | INFO | watchfiles.main | 1 change detected
2026-07-08 11:36:49,403 | INFO | watchfiles.main | 1 change detected
2026-07-08 11:36:49,814 | INFO | watchfiles.main | 1 change detected
2026-07-08 11:36:50,180 | INFO | watchfiles.main | 1 change detected
2026-07-08 11:36:50,587 | INFO | watchfiles.main | 1 change detected
2026-07-08 11:36:50,990 | INFO | watchfiles.main | 1 change detected
2026-07-08 11:36:51,399 | INFO | watchfiles.main | 1 change detected
2026-07-08 11:36:51,804 | INFO | watchfiles.main | 1 change detected
2026-07-08 11:36:52,220 | INFO | watchfiles.main | 1 change detected
2026-07-08 11:36:52,625 | INFO | watchfiles.main | 1 change detected
2026-07-08 11:36:52,988 | INFO | watchfiles.main | 1 change detected
2026-07-08 11:36:53,393 | INFO | watchfiles.main | 1 change detected
2026-07-08 11:36:53,799 | INFO | watchfiles.main | 1 change detected
2026-07-08 11:36:54,211 | INFO | watchfiles.main | 1 change detected
2026-07-08 11:36:54,623 | INFO | watchfiles.main | 1 change detected
2026-07-08 11:36:54,988 | INFO | watchfiles.main | 1 change detected
2026-07-08 11:36:55,399 | INFO | watchfiles.main | 1 change detected
2026-07-08 11:36:55,811 | INFO | watchfiles.main | 1 change detected
2026-07-08 11:36:56,169 | INFO | watchfiles.main | 1 change detected
2026-07-08 11:36:56,581 | INFO | watchfiles.main | 1 change detected
